seed,variant,success,steps,completion_time_s,peg1_depth_m,peg2_depth_m,mean_depth_m,min_depth_m,peg1_lateral_error_m,peg2_lateral_error_m,mean_lateral_error_m,max_lateral_error_m,orientation_error_deg,peak_contact_force_N,mean_force_all_steps_N,mean_force_contact_steps_N,peak_contact_torque_Nm,contact_steps,mean_trajectory_residual_norm,peak_trajectory_residual_norm,mean_impedance_residual_norm,peak_impedance_residual_norm,mean_impedance_k_parallel,mean_impedance_k_lateral,mean_impedance_k_rotation,mean_impedance_d_parallel,mean_impedance_d_lateral,mean_impedance_d_rotation,jam,final_stage,failure_reason,setting,train_seed,checkpoint
43000000,controller_only,0,1600,12.8,0.0,0.0,0.0,0.0,0.006233740663854487,0.005479824090580336,0.0058567823772174114,0.006233740663854487,0.629287442739031,0.0,0.0,0.0,0.0,0,0.0,0.0,0.0,0.0,0.5,0.6499999761581421,0.6499999761581421,0.8500000238418579,0.8999999761581421,0.8999999761581421,0,FIRST_CONTACT,contact_alignment,ood,20260921,results/a2po_dual_panda_dynamic_vertical/formal/seed_20260921/checkpoint_best.pt
43000001,controller_only,1,370,2.96,0.04348085575956191,0.043218170344584,0.043349513052072956,0.043218170344584,0.00033968722338944944,0.0002618083150197635,0.00030074776920460645,0.00033968722338944944,0.34860148422082504,0.0,0.0,0.0,0.0,7,0.0,0.0,0.0,0.0,0.5,0.6499999761581421,0.6499999761581421,0.8500000238418579,0.8999999761581421,0.8999999761581421,0,SUCCESS,success,ood,20260921,results/a2po_dual_panda_dynamic_vertical/formal/seed_20260921/checkpoint_best.pt
43000002,controller_only,0,1600,12.8,0.0,0.0,0.0,0.0,0.00769755409502844,0.0074741933701331096,0.007585873732580775,0.00769755409502844,0.7808916941494605,0.0,0.0,0.0,0.0,0,0.0,0.0,0.0,0.0,0.5,0.6499999761581421,0.6499999761581421,0.8500000238418579,0.8999999761581421,0.8999999761581421,0,FIRST_CONTACT,contact_alignment,ood,20260921,results/a2po_dual_panda_dynamic_vertical/formal/seed_20260921/checkpoint_best.pt
43000003,controller_only,1,208,1.6640000000000001,0.06286893999783369,0.06284308070647374,0.06285601035215371,0.06284308070647374,0.000665983228009354,0.0006414178017605305,0.0006537005148849423,0.000665983228009354,0.5214569171777466,0.0,0.0,0.0,0.0,5,0.0,0.0,0.0,0.0,0.5,0.6499999761581421,0.6499999761581421,0.8500000238418579,0.8999999761581421,0.8999999761581421,0,SUCCESS,success,ood,20260921,results/a2po_dual_panda_dynamic_vertical/formal/seed_20260921/checkpoint_best.pt
43000004,controller_only,1,306,2.448,0.035865207849776926,0.03552536794178464,0.03569528789578078,0.03552536794178464,8.169475938432046e-05,0.00037999096145400677,0.0002308428604191636,0.00037999096145400677,0.6402419293630223,0.0,0.0,0.0,0.0,4,0.0,0.0,0.0,0.0,0.5,0.6499999761581421,0.6499999761581421,0.8500000238418579,0.8999999761581421,0.8999999761581421,0,SUCCESS,success,ood,20260921,results/a2po_dual_panda_dynamic_vertical/formal/seed_20260921/checkpoint_best.pt
43000005,controller_only,1,293,2.344,0.03834099454093787,0.03809800906599331,0.03821950180346559,0.03809800906599331,0.0003091220937195439,0.0003541623518773938,0.00033164222279846885,0.0003541623518773938,0.5985129217683296,0.0,0.0,0.0,0.0,5,0.0,0.0,0.0,0.0,0.5,0.6499999761581421,0.6499999761581421,0.8500000238418579,0.8999999761581421,0.8999999761581421,0,SUCCESS,success,ood,20260921,results/a2po_dual_panda_dynamic_vertical/formal/seed_20260921/checkpoint_best.pt
43000006,controller_only,0,1600,12.8,0.0,0.0,0.0,0.0,0.01260228217710846,0.013545588349688381,0.01307393526339842,0.013545588349688381,1.2996543164498857,0.0,0.0,0.0,0.0,0,0.0,0.0,0.0,0.0,0.5,0.6499999761581421,0.6499999761581421,0.8500000238418579,0.8999999761581421,0.8999999761581421,0,FIRST_CONTACT,coarse_alignment,ood,20260921,results/a2po_dual_panda_dynamic_vertical/formal/seed_20260921/checkpoint_best.pt
43000007,controller_only,1,380,3.04,0.0440431329503137,0.04376365984091132,0.04390339639561251,0.04376365984091132,0.0004203597248371099,0.0005839058997086701,0.00050213281227289,0.0005839058997086701,0.30165953987102234,0.0,0.0,0.0,0.0,6,0.0,0.0,0.0,0.0,0.5,0.6499999761581421,0.6499999761581421,0.8500000238418579,0.8999999761581421,0.8999999761581421,0,SUCCESS,success,ood,20260921,results/a2po_dual_panda_dynamic_vertical/formal/seed_20260921/checkpoint_best.pt
43000008,controller_only,1,285,2.2800000000000002,0.039102718895225985,0.03885877204329208,0.03898074546925903,0.03885877204329208,0.0002626580649210748,0.00032585716252781795,0.0002942576137244464,0.00032585716252781795,0.5200938847278426,0.0,0.0,0.0,0.0,5,0.0,0.0,0.0,0.0,0.5,0.6499999761581421,0.6499999761581421,0.8500000238418579,0.8999999761581421,0.8999999761581421,0,SUCCESS,success,ood,20260921,results/a2po_dual_panda_dynamic_vertical/formal/seed_20260921/checkpoint_best.pt
43000009,controller_only,1,304,2.432,0.03698890499648065,0.03680609952190131,0.03689750225919098,0.03680609952190131,0.0002066556450432546,9.841309803016648e-05,0.00015253437153671054,0.0002066556450432546,0.6500359705273534,0.0,0.0,0.0,0.0,5,0.0,0.0,0.0,0.0,0.5,0.6499999761581421,0.6499999761581421,0.8500000238418579,0.8999999761581421,0.8999999761581421,0,SUCCESS,success,ood,20260921,results/a2po_dual_panda_dynamic_vertical/formal/seed_20260921/checkpoint_best.pt
43000010,controller_only,1,205,1.6400000000000001,0.0627907210641194,0.06262319398392646,0.06270695752402293,0.06262319398392646,0.000203418028820427,0.00033725657823655475,0.00027033730352849086,0.00033725657823655475,0.5745851636830546,0.0,0.0,0.0,0.0,5,0.0,0.0,0.0,0.0,0.5,0.6499999761581421,0.6499999761581421,0.8500000238418579,0.8999999761581421,0.8999999761581421,0,SUCCESS,success,ood,20260921,results/a2po_dual_panda_dynamic_vertical/formal/seed_20260921/checkpoint_best.pt
43000011,controller_only,0,1600,12.8,0.0,0.0,0.0,0.0,0.010755708066589244,0.012396773077637929,0.011576240572113587,0.012396773077637929,1.116761937967204,0.0,0.0,0.0,0.0,0,0.0,0.0,0.0,0.0,0.5,0.6499999761581421,0.6499999761581421,0.8500000238418579,0.8999999761581421,0.8999999761581421,0,FIRST_CONTACT,coarse_alignment,ood,20260921,results/a2po_dual_panda_dynamic_vertical/formal/seed_20260921/checkpoint_best.pt
43000012,controller_only,0,1600,12.8,0.0,0.0,0.0,0.0,0.006780731793894481,0.008044423273024232,0.007412577533459357,0.008044423273024232,0.7012744240169244,0.0,0.0,0.0,0.0,0,0.0,0.0,0.0,0.0,0.5,0.6499999761581421,0.6499999761581421,0.8500000238418579,0.8999999761581421,0.8999999761581421,0,FIRST_CONTACT,contact_alignment,ood,20260921,results/a2po_dual_panda_dynamic_vertical/formal/seed_20260921/checkpoint_best.pt
43000013,controller_only,0,1600,12.8,0.0,0.0,0.0,0.0,0.010681844912721908,0.009668210933136405,0.010175027922929156,0.010681844912721908,1.0101306367676612,0.0,0.0,0.0,0.0,0,0.0,0.0,0.0,0.0,0.5,0.6499999761581421,0.6499999761581421,0.8500000238418579,0.8999999761581421,0.8999999761581421,0,FIRST_CONTACT,contact_alignment,ood,20260921,results/a2po_dual_panda_dynamic_vertical/formal/seed_20260921/checkpoint_best.pt
43000014,controller_only,0,1600,12.8,0.0,0.0,0.0,0.0,0.012105141647746192,0.012286686375731562,0.012195914011738876,0.012286686375731562,1.2447799084106967,0.0,0.0,0.0,0.0,0,0.0,0.0,0.0,0.0,0.5,0.6499999761581421,0.6499999761581421,0.8500000238418579,0.8999999761581421,0.8999999761581421,0,FIRST_CONTACT,coarse_alignment,ood,20260921,results/a2po_dual_panda_dynamic_vertical/formal/seed_20260921/checkpoint_best.pt
43000015,controller_only,1,1152,9.216000000000001,0.04254374473034825,0.04233973186814857,0.04244173829924841,0.04233973186814857,0.000983232252679773,0.00047215370311361746,0.0007276929778966953,0.000983232252679773,0.3995064854007934,66.0009751746384,0.057292513172429164,9.428710739234058,0.0,7,0.0,0.0,0.0,0.0,0.5,0.6499999761581421,0.6499999761581421,0.8500000238418579,0.8999999761581421,0.8999999761581421,0,SUCCESS,success,ood,20260921,results/a2po_dual_panda_dynamic_vertical/formal/seed_20260921/checkpoint_best.pt
43000016,controller_only,0,1600,12.8,0.0,0.0,0.0,0.0,0.007465366420575811,0.006204085233540459,0.006834725827058135,0.007465366420575811,0.6788234629977753,0.0,0.0,0.0,0.0,0,0.0,0.0,0.0,0.0,0.5,0.6499999761581421,0.6499999761581421,0.8500000238418579,0.8999999761581421,0.8999999761581421,0,FIRST_CONTACT,contact_alignment,ood,20260921,results/a2po_dual_panda_dynamic_vertical/formal/seed_20260921/checkpoint_best.pt
43000017,controller_only,0,1600,12.8,0.0,0.0,0.0,0.0,0.004797746609374665,0.005829812236373595,0.00531377942287413,0.005829812236373595,0.5682152882592268,0.0,0.0,0.0,0.0,0,0.0,0.0,0.0,0.0,0.5,0.6499999761581421,0.6499999761581421,0.8500000238418579,0.8999999761581421,0.8999999761581421,0,FIRST_CONTACT,contact_alignment,ood,20260921,results/a2po_dual_panda_dynamic_vertical/formal/seed_20260921/checkpoint_best.pt
43000018,controller_only,1,428,3.424,0.0432146251093507,0.04323760360075431,0.043226114355052504,0.0432146251093507,0.0008975532391554575,0.0006668325496103005,0.0007821928943828791,0.0008975532391554575,0.1877663846442898,0.0,0.0,0.0,0.0,5,0.0,0.0,0.0,0.0,0.5,0.6499999761581421,0.6499999761581421,0.8500000238418579,0.8999999761581421,0.8999999761581421,0,SUCCESS,success,ood,20260921,results/a2po_dual_panda_dynamic_vertical/formal/seed_20260921/checkpoint_best.pt
43000019,controller_only,1,438,3.504,0.04291251906764583,0.04298756929100364,0.042950044179324735,0.04291251906764583,0.0009921598979401613,0.000898271720077165,0.0009452158090086631,0.0009921598979401613,0.27356836722767053,69.76982392884707,0.15929183545398876,11.628303988141178,0.0,6,0.0,0.0,0.0,0.0,0.5,0.6499999761581421,0.6499999761581421,0.8500000238418579,0.8999999761581421,0.8999999761581421,0,SUCCESS,success,ood,20260921,results/a2po_dual_panda_dynamic_vertical/formal/seed_20260921/checkpoint_best.pt
43000020,controller_only,0,1600,12.8,0.0,0.0,0.0,0.0,0.008873464001400478,0.008250991399984135,0.008562227700692307,0.008873464001400478,0.9269762648724895,0.0,0.0,0.0,0.0,0,0.0,0.0,0.0,0.0,0.5,0.6499999761581421,0.6499999761581421,0.8500000238418579,0.8999999761581421,0.8999999761581421,0,FIRST_CONTACT,contact_alignment,ood,20260921,results/a2po_dual_panda_dynamic_vertical/formal/seed_20260921/checkpoint_best.pt
43000021,controller_only,0,1600,12.8,0.0,0.0,0.0,0.0,0.00836761063845706,0.009735198775886479,0.00905140470717177,0.009735198775886479,0.9509723861838779,0.0,0.0,0.0,0.0,0,0.0,0.0,0.0,0.0,0.5,0.6499999761581421,0.6499999761581421,0.8500000238418579,0.8999999761581421,0.8999999761581421,0,FIRST_CONTACT,contact_alignment,ood,20260921,results/a2po_dual_panda_dynamic_vertical/formal/seed_20260921/checkpoint_best.pt
43000022,controller_only,1,275,2.2,0.0378474112144877,0.03765612423111983,0.03775176772280377,0.03765612423111983,0.00018513816672753754,0.0003836458991967117,0.00028439203296212463,0.0003836458991967117,0.5960757711959498,0.0,0.0,0.0,0.0,5,0.0,0.0,0.0,0.0,0.5,0.6499999761581421,0.6499999761581421,0.8500000238418579,0.8999999761581421,0.8999999761581421,0,SUCCESS,success,ood,20260921,results/a2po_dual_panda_dynamic_vertical/formal/seed_20260921/checkpoint_best.pt
43000023,controller_only,0,1600,12.8,0.0,0.0,0.0,0.0,0.011916034321291187,0.012434230318050594,0.01217513231967089,0.012434230318050594,1.2274326437802698,0.0,0.0,0.0,0.0,0,0.0,0.0,0.0,0.0,0.5,0.6499999761581421,0.6499999761581421,0.8500000238418579,0.8999999761581421,0.8999999761581421,0,FIRST_CONTACT,coarse_alignment,ood,20260921,results/a2po_dual_panda_dynamic_vertical/formal/seed_20260921/checkpoint_best.pt
43000024,controller_only,1,372,2.976,0.042908891654971165,0.042792698266777784,0.042850794960874475,0.042792698266777784,0.00040852697146638096,0.0004080875875528068,0.00040830727950959386,0.00040852697146638096,0.34094151898729647,0.0,0.0,0.0,0.0,7,0.0,0.0,0.0,0.0,0.5,0.6499999761581421,0.6499999761581421,0.8500000238418579,0.8999999761581421,0.8999999761581421,0,SUCCESS,success,ood,20260921,results/a2po_dual_panda_dynamic_vertical/formal/seed_20260921/checkpoint_best.pt
43000025,controller_only,1,352,2.816,0.038358913638149944,0.03820459873709864,0.03828175618762429,0.03820459873709864,0.0006467477133550347,0.000743959840313154,0.0006953537768340943,0.000743959840313154,0.37534899986666626,0.0,0.0,0.0,0.0,5,0.0,0.0,0.0,0.0,0.5,0.6499999761581421,0.6499999761581421,0.8500000238418579,0.8999999761581421,0.8999999761581421,0,SUCCESS,success,ood,20260921,results/a2po_dual_panda_dynamic_vertical/formal/seed_20260921/checkpoint_best.pt
43000026,controller_only,1,318,2.544,0.03774951489700616,0.03739077350035501,0.037570144198680586,0.03739077350035501,0.0006810697407611186,0.0008256082222377292,0.0007533389814994239,0.0008256082222377292,0.6131498575952005,0.0,0.0,0.0,0.0,6,0.0,0.0,0.0,0.0,0.5,0.6499999761581421,0.6499999761581421,0.8500000238418579,0.8999999761581421,0.8999999761581421,0,SUCCESS,success,ood,20260921,results/a2po_dual_panda_dynamic_vertical/formal/seed_20260921/checkpoint_best.pt
43000027,controller_only,0,1600,12.8,0.0,0.0,0.0,0.0,0.014602467815298887,0.015579523319561132,0.015090995567430009,0.015579523319561132,1.465126501131982,0.0,0.0,0.0,0.0,0,0.0,0.0,0.0,0.0,0.5,0.6499999761581421,0.6499999761581421,0.8500000238418579,0.8999999761581421,0.8999999761581421,0,FIRST_CONTACT,coarse_alignment,ood,20260921,results/a2po_dual_panda_dynamic_vertical/formal/seed_20260921/checkpoint_best.pt
43000028,controller_only,1,376,3.008,0.04299358405455654,0.042718555318706164,0.04285606968663135,0.042718555318706164,0.0006457586284425643,0.0009155760402102394,0.0007806673343264019,0.0009155760402102394,0.46642478532030374,0.0,0.0,0.0,0.0,6,0.0,0.0,0.0,0.0,0.5,0.6499999761581421,0.6499999761581421,0.8500000238418579,0.8999999761581421,0.8999999761581421,0,SUCCESS,success,ood,20260921,results/a2po_dual_panda_dynamic_vertical/formal/seed_20260921/checkpoint_best.pt
43000029,controller_only,0,1600,12.8,0.0,0.0,0.0,0.0,0.01466969119439126,0.0164643027496384,0.01556699697201483,0.0164643027496384,1.5194972491795276,0.0,0.0,0.0,0.0,0,0.0,0.0,0.0,0.0,0.5,0.6499999761581421,0.6499999761581421,0.8500000238418579,0.8999999761581421,0.8999999761581421,0,FIRST_CONTACT,coarse_alignment,ood,20260921,results/a2po_dual_panda_dynamic_vertical/formal/seed_20260921/checkpoint_best.pt
43000030,controller_only,0,1600,12.8,0.0,0.0,0.0,0.0,0.015264804865810822,0.01677512780005267,0.016019966332931748,0.01677512780005267,1.5384590118702306,0.0,0.0,0.0,0.0,0,0.0,0.0,0.0,0.0,0.5,0.6499999761581421,0.6499999761581421,0.8500000238418579,0.8999999761581421,0.8999999761581421,0,FIRST_CONTACT,coarse_alignment,ood,20260921,results/a2po_dual_panda_dynamic_vertical/formal/seed_20260921/checkpoint_best.pt
43000031,controller_only,1,488,3.904,0.04202617264485892,0.042162863259770283,0.0420945179523146,0.04202617264485892,0.000932474176411173,0.0005229201323216989,0.0007276971543664359,0.000932474176411173,0.3058072380618696,5.896793817828473,0.012083593888992774,0.9827989696380789,0.0,6,0.0,0.0,0.0,0.0,0.5,0.6499999761581421,0.6499999761581421,0.8500000238418579,0.8999999761581421,0.8999999761581421,0,SUCCESS,success,ood,20260921,results/a2po_dual_panda_dynamic_vertical/formal/seed_20260921/checkpoint_best.pt
43000032,controller_only,0,1600,12.8,0.0,0.0,0.0,0.0,0.01502764231608873,0.015796097052322638,0.015411869684205683,0.015796097052322638,1.5232214714409367,0.0,0.0,0.0,0.0,0,0.0,0.0,0.0,0.0,0.5,0.6499999761581421,0.6499999761581421,0.8500000238418579,0.8999999761581421,0.8999999761581421,0,FIRST_CONTACT,coarse_alignment,ood,20260921,results/a2po_dual_panda_dynamic_vertical/formal/seed_20260921/checkpoint_best.pt
43000033,controller_only,1,290,2.32,0.03741709627829111,0.037196897596704734,0.03730699693749792,0.037196897596704734,0.000209563245586112,0.0002506205220587651,0.00023009188382243855,0.0002506205220587651,0.557995196367402,0.0,0.0,0.0,0.0,5,0.0,0.0,0.0,0.0,0.5,0.6499999761581421,0.6499999761581421,0.8500000238418579,0.8999999761581421,0.8999999761581421,0,SUCCESS,success,ood,20260921,results/a2po_dual_panda_dynamic_vertical/formal/seed_20260921/checkpoint_best.pt
43000034,controller_only,0,1600,12.8,0.0,0.0,0.0,0.0,0.008544458391674876,0.008583061643800686,0.00856376001773778,0.008583061643800686,0.8739981955667476,0.0,0.0,0.0,0.0,0,0.0,0.0,0.0,0.0,0.5,0.6499999761581421,0.6499999761581421,0.8500000238418579,0.8999999761581421,0.8999999761581421,0,FIRST_CONTACT,contact_alignment,ood,20260921,results/a2po_dual_panda_dynamic_vertical/formal/seed_20260921/checkpoint_best.pt
43000035,controller_only,1,387,3.096,0.043398985164239595,0.04309655990975375,0.04324777253699667,0.04309655990975375,0.0006872531440712306,0.000712509101411886,0.0006998811227415583,0.000712509101411886,0.3857176374696438,0.0,0.0,0.0,0.0,5,0.0,0.0,0.0,0.0,0.5,0.6499999761581421,0.6499999761581421,0.8500000238418579,0.8999999761581421,0.8999999761581421,0,SUCCESS,success,ood,20260921,results/a2po_dual_panda_dynamic_vertical/formal/seed_20260921/checkpoint_best.pt
43000036,controller_only,1,200,1.6,0.0641445956973226,0.06421564703283159,0.06418012136507709,0.0641445956973226,0.0009702289017061689,0.0008203992054265802,0.0008953140535663746,0.0009702289017061689,0.7997532907291663,0.0,0.0,0.0,0.0,6,0.0,0.0,0.0,0.0,0.5,0.6499999761581421,0.6499999761581421,0.8500000238418579,0.8999999761581421,0.8999999761581421,0,SUCCESS,success,ood,20260921,results/a2po_dual_panda_dynamic_vertical/formal/seed_20260921/checkpoint_best.pt
43000037,controller_only,0,1600,12.8,0.0,0.0,0.0,0.0,0.00950028690035873,0.010202587550255732,0.009851437225307232,0.010202587550255732,1.0527697988020965,0.0,0.0,0.0,0.0,0,0.0,0.0,0.0,0.0,0.5,0.6499999761581421,0.6499999761581421,0.8500000238418579,0.8999999761581421,0.8999999761581421,0,FIRST_CONTACT,contact_alignment,ood,20260921,results/a2po_dual_panda_dynamic_vertical/formal/seed_20260921/checkpoint_best.pt
43000038,controller_only,1,382,3.056,0.042913603312381615,0.042822424932945885,0.04286801412266375,0.042822424932945885,0.0006472723068569687,0.0005121738251142692,0.000579723065985619,0.0006472723068569687,0.3738009930926697,0.0,0.0,0.0,0.0,7,0.0,0.0,0.0,0.0,0.5,0.6499999761581421,0.6499999761581421,0.8500000238418579,0.8999999761581421,0.8999999761581421,0,SUCCESS,success,ood,20260921,results/a2po_dual_panda_dynamic_vertical/formal/seed_20260921/checkpoint_best.pt
43000039,controller_only,0,1600,12.8,0.0,0.0,0.0,0.0,0.0072230399066355614,0.007934919375242136,0.0075789796409388484,0.007934919375242136,0.7966726498561367,0.0,0.0,0.0,0.0,0,0.0,0.0,0.0,0.0,0.5,0.6499999761581421,0.6499999761581421,0.8500000238418579,0.8999999761581421,0.8999999761581421,0,FIRST_CONTACT,contact_alignment,ood,20260921,results/a2po_dual_panda_dynamic_vertical/formal/seed_20260921/checkpoint_best.pt
43000040,controller_only,0,1600,12.8,0.0,0.0,0.0,0.0,0.007843932652130433,0.00917046114262371,0.00850719689737707,0.00917046114262371,0.8520530387229382,0.0,0.0,0.0,0.0,0,0.0,0.0,0.0,0.0,0.5,0.6499999761581421,0.6499999761581421,0.8500000238418579,0.8999999761581421,0.8999999761581421,0,FIRST_CONTACT,contact_alignment,ood,20260921,results/a2po_dual_panda_dynamic_vertical/formal/seed_20260921/checkpoint_best.pt
43000041,controller_only,0,1600,12.8,0.0,0.0,0.0,0.0,0.00594207789929849,0.007045533880056175,0.006493805889677333,0.007045533880056175,0.687035004709196,0.0,0.0,0.0,0.0,0,0.0,0.0,0.0,0.0,0.5,0.6499999761581421,0.6499999761581421,0.8500000238418579,0.8999999761581421,0.8999999761581421,0,FIRST_CONTACT,contact_alignment,ood,20260921,results/a2po_dual_panda_dynamic_vertical/formal/seed_20260921/checkpoint_best.pt
43000042,controller_only,0,1600,12.8,0.0,0.0,0.0,0.0,0.01293164412740327,0.013799564007871194,0.013365604067637232,0.013799564007871194,1.3119899160954118,0.0,0.0,0.0,0.0,0,0.0,0.0,0.0,0.0,0.5,0.6499999761581421,0.6499999761581421,0.8500000238418579,0.8999999761581421,0.8999999761581421,0,FIRST_CONTACT,coarse_alignment,ood,20260921,results/a2po_dual_panda_dynamic_vertical/formal/seed_20260921/checkpoint_best.pt
43000043,controller_only,1,302,2.416,0.036308416907289004,0.036102885929427175,0.03620565141835809,0.036102885929427175,0.0004869049084890582,0.0005345349886839655,0.0005107199485865118,0.0005345349886839655,0.686143191642981,1.425186563380789,0.004719160805896652,0.23753109389679816,0.0,6,0.0,0.0,0.0,0.0,0.5,0.6499999761581421,0.6499999761581421,0.8500000238418579,0.8999999761581421,0.8999999761581421,0,SUCCESS,success,ood,20260921,results/a2po_dual_panda_dynamic_vertical/formal/seed_20260921/checkpoint_best.pt
43000044,controller_only,0,1600,12.8,0.0,0.0,0.0,0.0,0.018311236036466075,0.02016885697909811,0.01924004650778209,0.02016885697909811,1.8081386736622804,0.0,0.0,0.0,0.0,0,0.0,0.0,0.0,0.0,0.5,0.6499999761581421,0.6499999761581421,0.8500000238418579,0.8999999761581421,0.8999999761581421,0,FIRST_CONTACT,coarse_alignment,ood,20260921,results/a2po_dual_panda_dynamic_vertical/formal/seed_20260921/checkpoint_best.pt
43000045,controller_only,1,293,2.344,0.03701412260052789,0.03675776440225209,0.03688594350138999,0.03675776440225209,0.00025909975271664666,0.00013052228275557093,0.00019481101773610878,0.00025909975271664666,0.6384475501788723,0.0,0.0,0.0,0.0,5,0.0,0.0,0.0,0.0,0.5,0.6499999761581421,0.6499999761581421,0.8500000238418579,0.8999999761581421,0.8999999761581421,0,SUCCESS,success,ood,20260921,results/a2po_dual_panda_dynamic_vertical/formal/seed_20260921/checkpoint_best.pt
43000046,controller_only,1,382,3.056,0.04403308402959927,0.04396664480357371,0.04399986441658649,0.04396664480357371,0.00040302820360277916,0.00040512417431241523,0.0004040761889575972,0.00040512417431241523,0.27615365820438625,0.0,0.0,0.0,0.0,6,0.0,0.0,0.0,0.0,0.5,0.6499999761581421,0.6499999761581421,0.8500000238418579,0.8999999761581421,0.8999999761581421,0,SUCCESS,success,ood,20260921,results/a2po_dual_panda_dynamic_vertical/formal/seed_20260921/checkpoint_best.pt
43000047,controller_only,0,1600,12.8,0.0,0.0,0.0,0.0,0.011598419648032546,0.01166678274627003,0.011632601197151288,0.01166678274627003,1.2074549339995926,0.0,0.0,0.0,0.0,0,0.0,0.0,0.0,0.0,0.5,0.6499999761581421,0.6499999761581421,0.8500000238418579,0.8999999761581421,0.8999999761581421,0,FIRST_CONTACT,contact_alignment,ood,20260921,results/a2po_dual_panda_dynamic_vertical/formal/seed_20260921/checkpoint_best.pt
43000048,controller_only,1,318,2.544,0.04270508969670156,0.04244598705162639,0.042575538374163974,0.04244598705162639,0.0007051100232609956,0.0007361023459679171,0.0007206061846144563,0.0007361023459679171,0.20038981701145397,0.0,0.0,0.0,0.0,6,0.0,0.0,0.0,0.0,0.5,0.6499999761581421,0.6499999761581421,0.8500000238418579,0.8999999761581421,0.8999999761581421,0,SUCCESS,success,ood,20260921,results/a2po_dual_panda_dynamic_vertical/formal/seed_20260921/checkpoint_best.pt
43000049,controller_only,1,380,3.04,0.043438545365782205,0.04309672134556258,0.043267633355672394,0.04309672134556258,0.00038138352367990375,0.0004275236178643508,0.0004044535707721273,0.0004275236178643508,0.3896929966626909,0.0,0.0,0.0,0.0,6,0.0,0.0,0.0,0.0,0.5,0.6499999761581421,0.6499999761581421,0.8500000238418579,0.8999999761581421,0.8999999761581421,0,SUCCESS,success,ood,20260921,results/a2po_dual_panda_dynamic_vertical/formal/seed_20260921/checkpoint_best.pt
43000050,controller_only,1,375,3.0,0.04362787969362389,0.04350052458146944,0.043564202137546665,0.04350052458146944,0.0008298474989668712,0.0009136979256039579,0.0008717727122854145,0.0009136979256039579,0.3682427756200527,0.0,0.0,0.0,0.0,7,0.0,0.0,0.0,0.0,0.5,0.6499999761581421,0.6499999761581421,0.8500000238418579,0.8999999761581421,0.8999999761581421,0,SUCCESS,success,ood,20260921,results/a2po_dual_panda_dynamic_vertical/formal/seed_20260921/checkpoint_best.pt
43000051,controller_only,1,201,1.608,0.062122732649089296,0.062017057791368124,0.06206989522022871,0.062017057791368124,0.0005225850517868006,0.0005827610373621116,0.0005526730445744562,0.0005827610373621116,0.5468269317556481,0.0,0.0,0.0,0.0,5,0.0,0.0,0.0,0.0,0.5,0.6499999761581421,0.6499999761581421,0.8500000238418579,0.8999999761581421,0.8999999761581421,0,SUCCESS,success,ood,20260921,results/a2po_dual_panda_dynamic_vertical/formal/seed_20260921/checkpoint_best.pt
43000052,controller_only,1,209,1.672,0.06220766647519552,0.061965422252907076,0.062086544364051297,0.061965422252907076,0.0004469391032729421,0.0005160022331141544,0.00048147066819354825,0.0005160022331141544,0.5129135395450236,0.0,0.0,0.0,0.0,5,0.0,0.0,0.0,0.0,0.5,0.6499999761581421,0.6499999761581421,0.8500000238418579,0.8999999761581421,0.8999999761581421,0,SUCCESS,success,ood,20260921,results/a2po_dual_panda_dynamic_vertical/formal/seed_20260921/checkpoint_best.pt
43000053,controller_only,1,293,2.344,0.037691329492870435,0.03742757259191162,0.03755945104239103,0.03742757259191162,0.00029041650902765037,0.00024318384265775703,0.0002668001758427037,0.00029041650902765037,0.6145401202403945,0.0,0.0,0.0,0.0,4,0.0,0.0,0.0,0.0,0.5,0.6499999761581421,0.6499999761581421,0.8500000238418579,0.8999999761581421,0.8999999761581421,0,SUCCESS,success,ood,20260921,results/a2po_dual_panda_dynamic_vertical/formal/seed_20260921/checkpoint_best.pt
43000054,controller_only,1,273,2.184,0.050278620704564056,0.05035128484554813,0.05031495277505609,0.050278620704564056,0.000947939711498529,0.00070183344170391,0.0008248865766012195,0.000947939711498529,0.1962558190488759,0.0,0.0,0.0,0.0,5,0.0,0.0,0.0,0.0,0.5,0.6499999761581421,0.6499999761581421,0.8500000238418579,0.8999999761581421,0.8999999761581421,0,SUCCESS,success,ood,20260921,results/a2po_dual_panda_dynamic_vertical/formal/seed_20260921/checkpoint_best.pt
43000055,controller_only,1,426,3.408,0.043362814940306554,0.04338000594512495,0.04337141044271575,0.043362814940306554,0.0006884566346854473,0.0006502327451483028,0.000669344689916875,0.0006884566346854473,0.19149235772967374,4.64557054247839,0.010905095170137066,0.9291141084956781,0.0,5,0.0,0.0,0.0,0.0,0.5,0.6499999761581421,0.6499999761581421,0.8500000238418579,0.8999999761581421,0.8999999761581421,0,SUCCESS,success,ood,20260921,results/a2po_dual_panda_dynamic_vertical/formal/seed_20260921/checkpoint_best.pt
43000056,controller_only,0,1600,12.8,0.0,0.0,0.0,0.0,0.00576354442556387,0.006325915991058119,0.006044730208310995,0.006325915991058119,0.677445279293064,0.0,0.0,0.0,0.0,0,0.0,0.0,0.0,0.0,0.5,0.6499999761581421,0.6499999761581421,0.8500000238418579,0.8999999761581421,0.8999999761581421,0,FIRST_CONTACT,contact_alignment,ood,20260921,results/a2po_dual_panda_dynamic_vertical/formal/seed_20260921/checkpoint_best.pt
43000057,controller_only,0,1600,12.8,0.0,0.0,0.0,0.0,0.010922750610546067,0.01076249113038026,0.010842620870463164,0.010922750610546067,1.074638103516739,0.0,0.0,0.0,0.0,0,0.0,0.0,0.0,0.0,0.5,0.6499999761581421,0.6499999761581421,0.8500000238418579,0.8999999761581421,0.8999999761581421,0,FIRST_CONTACT,contact_alignment,ood,20260921,results/a2po_dual_panda_dynamic_vertical/formal/seed_20260921/checkpoint_best.pt
43000058,controller_only,0,1600,12.8,0.0,0.0,0.0,0.0,0.006818360445136256,0.007940863965948348,0.007379612205542303,0.007940863965948348,0.7562711869515243,0.0,0.0,0.0,0.0,0,0.0,0.0,0.0,0.0,0.5,0.6499999761581421,0.6499999761581421,0.8500000238418579,0.8999999761581421,0.8999999761581421,0,FIRST_CONTACT,contact_alignment,ood,20260921,results/a2po_dual_panda_dynamic_vertical/formal/seed_20260921/checkpoint_best.pt
43000059,controller_only,0,1600,12.8,0.0,0.0,0.0,0.0,0.01302336461106477,0.014748013249756692,0.013885688930410731,0.014748013249756692,1.3254195774765953,0.0,0.0,0.0,0.0,0,0.0,0.0,0.0,0.0,0.5,0.6499999761581421,0.6499999761581421,0.8500000238418579,0.8999999761581421,0.8999999761581421,0,FIRST_CONTACT,coarse_alignment,ood,20260921,results/a2po_dual_panda_dynamic_vertical/formal/seed_20260921/checkpoint_best.pt
43000060,controller_only,1,311,2.488,0.036650331280193627,0.036520106125665724,0.036585218702929675,0.036520106125665724,0.0009496416638221279,0.0009311528115863312,0.0009403972377042295,0.0009496416638221279,0.7009429815595614,61.978971842635644,0.19928929852937508,12.39579436852713,0.0,5,0.0,0.0,0.0,0.0,0.5,0.6499999761581421,0.6499999761581421,0.8500000238418579,0.8999999761581421,0.8999999761581421,0,SUCCESS,success,ood,20260921,results/a2po_dual_panda_dynamic_vertical/formal/seed_20260921/checkpoint_best.pt
43000061,controller_only,0,1600,12.8,0.0,0.0,0.0,0.0,0.017021439059801035,0.016320362323624996,0.016670900691713016,0.017021439059801035,1.6108157510834018,0.0,0.0,0.0,0.0,0,0.0,0.0,0.0,0.0,0.5,0.6499999761581421,0.6499999761581421,0.8500000238418579,0.8999999761581421,0.8999999761581421,0,FIRST_CONTACT,coarse_alignment,ood,20260921,results/a2po_dual_panda_dynamic_vertical/formal/seed_20260921/checkpoint_best.pt
43000062,controller_only,1,301,2.408,0.051192535523996,0.05093165592109919,0.05106209572254759,0.05093165592109919,0.0006314860636271867,0.00042467082834080316,0.0005280784459839949,0.0006314860636271867,0.34087398916688527,0.0,0.0,0.0,0.0,7,0.0,0.0,0.0,0.0,0.5,0.6499999761581421,0.6499999761581421,0.8500000238418579,0.8999999761581421,0.8999999761581421,0,SUCCESS,success,ood,20260921,results/a2po_dual_panda_dynamic_vertical/formal/seed_20260921/checkpoint_best.pt
43000063,controller_only,0,1600,12.8,0.0,0.0,0.0,0.0,0.015901770922923508,0.014866936232891094,0.015384353577907302,0.015901770922923508,1.4867260072978357,0.0,0.0,0.0,0.0,0,0.0,0.0,0.0,0.0,0.5,0.6499999761581421,0.6499999761581421,0.8500000238418579,0.8999999761581421,0.8999999761581421,0,FIRST_CONTACT,coarse_alignment,ood,20260921,results/a2po_dual_panda_dynamic_vertical/formal/seed_20260921/checkpoint_best.pt
43000064,controller_only,0,1600,12.8,0.0,0.0,0.0,0.0,0.011888755508717956,0.010645998988875537,0.011267377248796746,0.011888755508717956,1.0925656782055162,0.0,0.0,0.0,0.0,0,0.0,0.0,0.0,0.0,0.5,0.6499999761581421,0.6499999761581421,0.8500000238418579,0.8999999761581421,0.8999999761581421,0,FIRST_CONTACT,contact_alignment,ood,20260921,results/a2po_dual_panda_dynamic_vertical/formal/seed_20260921/checkpoint_best.pt
43000065,controller_only,0,1600,12.8,0.0,0.0,0.0,0.0,0.0181764631681913,0.018510016226822745,0.01834323969750702,0.018510016226822745,1.758793616734759,0.0,0.0,0.0,0.0,0,0.0,0.0,0.0,0.0,0.5,0.6499999761581421,0.6499999761581421,0.8500000238418579,0.8999999761581421,0.8999999761581421,0,FIRST_CONTACT,coarse_alignment,ood,20260921,results/a2po_dual_panda_dynamic_vertical/formal/seed_20260921/checkpoint_best.pt
43000066,controller_only,0,1600,12.8,0.04117784733667848,0.04146921523553976,0.04132353128610912,0.04117784733667848,0.001068959707851384,0.0010454056175638196,0.0010571826627076017,0.001068959707851384,0.4786872411772134,0.0,0.0,0.0,0.0,5,0.0,0.0,0.0,0.0,0.5,0.6499999761581421,0.6499999761581421,0.8500000238418579,0.8999999761581421,0.8999999761581421,0,INSERTION,lateral_tolerance,ood,20260921,results/a2po_dual_panda_dynamic_vertical/formal/seed_20260921/checkpoint_best.pt
43000067,controller_only,0,1600,12.8,0.0,0.0,0.0,0.0,0.008745335119599558,0.009312491065164968,0.009028913092382263,0.009312491065164968,0.9089572401578916,0.0,0.0,0.0,0.0,0,0.0,0.0,0.0,0.0,0.5,0.6499999761581421,0.6499999761581421,0.8500000238418579,0.8999999761581421,0.8999999761581421,0,FIRST_CONTACT,contact_alignment,ood,20260921,results/a2po_dual_panda_dynamic_vertical/formal/seed_20260921/checkpoint_best.pt
43000068,controller_only,1,379,3.032,0.04039813175226706,0.040335822250833014,0.040366977001550036,0.040335822250833014,0.0007935421591428812,0.000740360142491337,0.0007669511508171091,0.0007935421591428812,0.24470216852096635,0.0,0.0,0.0,0.0,5,0.0,0.0,0.0,0.0,0.5,0.6499999761581421,0.6499999761581421,0.8500000238418579,0.8999999761581421,0.8999999761581421,0,SUCCESS,success,ood,20260921,results/a2po_dual_panda_dynamic_vertical/formal/seed_20260921/checkpoint_best.pt
43000069,controller_only,1,379,3.032,0.04345514793390329,0.043184929447581455,0.04332003869074237,0.043184929447581455,0.0006809866359395651,0.0007173168030432243,0.0006991517194913947,0.0007173168030432243,0.37185142101755486,0.0,0.0,0.0,0.0,6,0.0,0.0,0.0,0.0,0.5,0.6499999761581421,0.6499999761581421,0.8500000238418579,0.8999999761581421,0.8999999761581421,0,SUCCESS,success,ood,20260921,results/a2po_dual_panda_dynamic_vertical/formal/seed_20260921/checkpoint_best.pt
43000070,controller_only,1,380,3.04,0.04255107838695377,0.042464678460096605,0.042507878423525186,0.042464678460096605,0.0006041570468281215,0.0003470768037793945,0.000475616925303758,0.0006041570468281215,0.38484852732721986,0.0,0.0,0.0,0.0,6,0.0,0.0,0.0,0.0,0.5,0.6499999761581421,0.6499999761581421,0.8500000238418579,0.8999999761581421,0.8999999761581421,0,SUCCESS,success,ood,20260921,results/a2po_dual_panda_dynamic_vertical/formal/seed_20260921/checkpoint_best.pt
43000071,controller_only,0,1600,12.8,0.0,0.0,0.0,0.0,0.011321114466940197,0.011347901349939696,0.011334507908439945,0.011347901349939696,1.1350245180536849,0.0,0.0,0.0,0.0,0,0.0,0.0,0.0,0.0,0.5,0.6499999761581421,0.6499999761581421,0.8500000238418579,0.8999999761581421,0.8999999761581421,0,FIRST_CONTACT,contact_alignment,ood,20260921,results/a2po_dual_panda_dynamic_vertical/formal/seed_20260921/checkpoint_best.pt
43000072,controller_only,0,1600,12.8,0.0,0.0,0.0,0.0,0.007078450665236612,0.007015730538531253,0.007047090601883932,0.007078450665236612,0.8261185881338929,0.0,0.0,0.0,0.0,0,0.0,0.0,0.0,0.0,0.5,0.6499999761581421,0.6499999761581421,0.8500000238418579,0.8999999761581421,0.8999999761581421,0,FIRST_CONTACT,contact_alignment,ood,20260921,results/a2po_dual_panda_dynamic_vertical/formal/seed_20260921/checkpoint_best.pt
43000073,controller_only,0,1600,12.8,0.0,0.0,0.0,0.0,0.009471156956474278,0.008890448536151332,0.009180802746312805,0.009471156956474278,0.9637159595459996,0.0,0.0,0.0,0.0,0,0.0,0.0,0.0,0.0,0.5,0.6499999761581421,0.6499999761581421,0.8500000238418579,0.8999999761581421,0.8999999761581421,0,FIRST_CONTACT,contact_alignment,ood,20260921,results/a2po_dual_panda_dynamic_vertical/formal/seed_20260921/checkpoint_best.pt
43000074,controller_only,0,1600,12.8,0.0,0.0,0.0,0.0,0.010150832757332653,0.011650533401268552,0.010900683079300602,0.011650533401268552,1.0710997951980163,0.0,0.0,0.0,0.0,0,0.0,0.0,0.0,0.0,0.5,0.6499999761581421,0.6499999761581421,0.8500000238418579,0.8999999761581421,0.8999999761581421,0,FIRST_CONTACT,contact_alignment,ood,20260921,results/a2po_dual_panda_dynamic_vertical/formal/seed_20260921/checkpoint_best.pt
43000075,controller_only,1,298,2.384,0.03627895237491771,0.03619768480413382,0.03623831858952577,0.03619768480413382,0.00038539916313786815,0.00016509652473687919,0.00027524784393737365,0.00038539916313786815,0.6546159611978739,0.0,0.0,0.0,0.0,5,0.0,0.0,0.0,0.0,0.5,0.6499999761581421,0.6499999761581421,0.8500000238418579,0.8999999761581421,0.8999999761581421,0,SUCCESS,success,ood,20260921,results/a2po_dual_panda_dynamic_vertical/formal/seed_20260921/checkpoint_best.pt
43000076,controller_only,0,1600,12.8,0.0,0.0,0.0,0.0,0.014135113765941636,0.01483442906123264,0.014484771413587137,0.01483442906123264,1.414952573582731,0.0,0.0,0.0,0.0,0,0.0,0.0,0.0,0.0,0.5,0.6499999761581421,0.6499999761581421,0.8500000238418579,0.8999999761581421,0.8999999761581421,0,FIRST_CONTACT,coarse_alignment,ood,20260921,results/a2po_dual_panda_dynamic_vertical/formal/seed_20260921/checkpoint_best.pt
43000077,controller_only,0,1600,12.8,0.0,0.0,0.0,0.0,0.013113134472799316,0.012768375900934588,0.01294075518686695,0.013113134472799316,1.2746788441167083,0.0,0.0,0.0,0.0,0,0.0,0.0,0.0,0.0,0.5,0.6499999761581421,0.6499999761581421,0.8500000238418579,0.8999999761581421,0.8999999761581421,0,FIRST_CONTACT,coarse_alignment,ood,20260921,results/a2po_dual_panda_dynamic_vertical/formal/seed_20260921/checkpoint_best.pt
43000078,controller_only,0,1600,12.8,0.0,0.0,0.0,0.0,0.007030243033057329,0.006773084864451959,0.006901663948754644,0.007030243033057329,0.7409107069559894,0.0,0.0,0.0,0.0,0,0.0,0.0,0.0,0.0,0.5,0.6499999761581421,0.6499999761581421,0.8500000238418579,0.8999999761581421,0.8999999761581421,0,FIRST_CONTACT,contact_alignment,ood,20260921,results/a2po_dual_panda_dynamic_vertical/formal/seed_20260921/checkpoint_best.pt
43000079,controller_only,1,380,3.04,0.04330700079341679,0.04307149933952903,0.04318925006647291,0.04307149933952903,0.0003796854939775572,0.0004334313547114798,0.0004065584243445185,0.0004334313547114798,0.37938246790638774,0.0,0.0,0.0,0.0,7,0.0,0.0,0.0,0.0,0.5,0.6499999761581421,0.6499999761581421,0.8500000238418579,0.8999999761581421,0.8999999761581421,0,SUCCESS,success,ood,20260921,results/a2po_dual_panda_dynamic_vertical/formal/seed_20260921/checkpoint_best.pt
43000080,controller_only,0,1600,12.8,0.0,0.0,0.0,0.0,0.007390302713304904,0.008098337300188874,0.007744320006746889,0.008098337300188874,0.772368843911778,0.0,0.0,0.0,0.0,0,0.0,0.0,0.0,0.0,0.5,0.6499999761581421,0.6499999761581421,0.8500000238418579,0.8999999761581421,0.8999999761581421,0,FIRST_CONTACT,contact_alignment,ood,20260921,results/a2po_dual_panda_dynamic_vertical/formal/seed_20260921/checkpoint_best.pt
43000081,controller_only,1,208,1.6640000000000001,0.06169118017669581,0.06174994580568123,0.06172056299118852,0.06169118017669581,0.0004566820464882263,0.000504718709198378,0.00048070037784330214,0.000504718709198378,0.4639713308718566,0.0,0.0,0.0,0.0,6,0.0,0.0,0.0,0.0,0.5,0.6499999761581421,0.6499999761581421,0.8500000238418579,0.8999999761581421,0.8999999761581421,0,SUCCESS,success,ood,20260921,results/a2po_dual_panda_dynamic_vertical/formal/seed_20260921/checkpoint_best.pt
43000082,controller_only,0,1600,12.8,0.0,0.0,0.0,0.0,0.006843166726285244,0.007243744232160598,0.007043455479222921,0.007243744232160598,0.7544581125495677,0.0,0.0,0.0,0.0,0,0.0,0.0,0.0,0.0,0.5,0.6499999761581421,0.6499999761581421,0.8500000238418579,0.8999999761581421,0.8999999761581421,0,FIRST_CONTACT,contact_alignment,ood,20260921,results/a2po_dual_panda_dynamic_vertical/formal/seed_20260921/checkpoint_best.pt
43000083,controller_only,0,1600,12.8,0.0,0.0,0.0,0.0,0.01092995547368562,0.011019932632810482,0.010974944053248052,0.011019932632810482,1.1161972021211217,0.0,0.0,0.0,0.0,0,0.0,0.0,0.0,0.0,0.5,0.6499999761581421,0.6499999761581421,0.8500000238418579,0.8999999761581421,0.8999999761581421,0,FIRST_CONTACT,contact_alignment,ood,20260921,results/a2po_dual_panda_dynamic_vertical/formal/seed_20260921/checkpoint_best.pt
43000084,controller_only,1,202,1.616,0.06393489885396061,0.063897819430809,0.0639163591423848,0.063897819430809,0.0005515891513086235,0.0006932508615695339,0.0006224200064390787,0.0006932508615695339,0.6422590435746204,0.0,0.0,0.0,0.0,5,0.0,0.0,0.0,0.0,0.5,0.6499999761581421,0.6499999761581421,0.8500000238418579,0.8999999761581421,0.8999999761581421,0,SUCCESS,success,ood,20260921,results/a2po_dual_panda_dynamic_vertical/formal/seed_20260921/checkpoint_best.pt
43000085,controller_only,1,208,1.6640000000000001,0.06263287622241238,0.06257332579163004,0.06260310100702121,0.06257332579163004,0.0003559244437591589,0.0004442542607947747,0.0004000893522769668,0.0004442542607947747,0.5478475090463362,0.0,0.0,0.0,0.0,5,0.0,0.0,0.0,0.0,0.5,0.6499999761581421,0.6499999761581421,0.8500000238418579,0.8999999761581421,0.8999999761581421,0,SUCCESS,success,ood,20260921,results/a2po_dual_panda_dynamic_vertical/formal/seed_20260921/checkpoint_best.pt
43000086,controller_only,0,1600,12.8,0.0,0.0,0.0,0.0,0.00882607075275842,0.00802071119335306,0.00842339097305574,0.00882607075275842,0.8688533440423637,0.0,0.0,0.0,0.0,0,0.0,0.0,0.0,0.0,0.5,0.6499999761581421,0.6499999761581421,0.8500000238418579,0.8999999761581421,0.8999999761581421,0,FIRST_CONTACT,contact_alignment,ood,20260921,results/a2po_dual_panda_dynamic_vertical/formal/seed_20260921/checkpoint_best.pt
43000087,controller_only,0,1600,12.8,0.0,0.0,0.0,0.0,0.016411130442359454,0.01612359493423139,0.01626736268829542,0.016411130442359454,1.5776329676825611,0.0,0.0,0.0,0.0,0,0.0,0.0,0.0,0.0,0.5,0.6499999761581421,0.6499999761581421,0.8500000238418579,0.8999999761581421,0.8999999761581421,0,FIRST_CONTACT,coarse_alignment,ood,20260921,results/a2po_dual_panda_dynamic_vertical/formal/seed_20260921/checkpoint_best.pt
43000088,controller_only,1,293,2.344,0.03696651789982425,0.03660884566694389,0.03678768178338407,0.03660884566694389,0.00016721491240427627,0.0002293530820488592,0.00019828399722656773,0.0002293530820488592,0.6336628685782695,0.0,0.0,0.0,0.0,4,0.0,0.0,0.0,0.0,0.5,0.6499999761581421,0.6499999761581421,0.8500000238418579,0.8999999761581421,0.8999999761581421,0,SUCCESS,success,ood,20260921,results/a2po_dual_panda_dynamic_vertical/formal/seed_20260921/checkpoint_best.pt
43000089,controller_only,1,296,2.368,0.037073975243336554,0.03696249083182335,0.03701823303757995,0.03696249083182335,0.00026278215002371446,0.00014670691573852253,0.0002047445328811185,0.00026278215002371446,0.5297881937250759,0.0,0.0,0.0,0.0,5,0.0,0.0,0.0,0.0,0.5,0.6499999761581421,0.6499999761581421,0.8500000238418579,0.8999999761581421,0.8999999761581421,0,SUCCESS,success,ood,20260921,results/a2po_dual_panda_dynamic_vertical/formal/seed_20260921/checkpoint_best.pt
43000090,controller_only,0,1600,12.8,0.0,0.0,0.0,0.0,0.006682413976118145,0.007453095908726025,0.0070677549424220856,0.007453095908726025,0.7133751870354279,0.0,0.0,0.0,0.0,0,0.0,0.0,0.0,0.0,0.5,0.6499999761581421,0.6499999761581421,0.8500000238418579,0.8999999761581421,0.8999999761581421,0,FIRST_CONTACT,contact_alignment,ood,20260921,results/a2po_dual_panda_dynamic_vertical/formal/seed_20260921/checkpoint_best.pt
43000091,controller_only,1,1036,8.288,0.04317539867975985,0.04301782600415259,0.04309661234195622,0.04301782600415259,0.00024742002355562917,0.0003337595125710831,0.00029058976806335614,0.0003337595125710831,0.45973851285879563,0.0,0.0,0.0,0.0,6,0.0,0.0,0.0,0.0,0.5,0.6499999761581421,0.6499999761581421,0.8500000238418579,0.8999999761581421,0.8999999761581421,0,SUCCESS,success,ood,20260921,results/a2po_dual_panda_dynamic_vertical/formal/seed_20260921/checkpoint_best.pt
43000092,controller_only,1,300,2.4,0.03563873449382535,0.03543793187581576,0.03553833318482055,0.03543793187581576,0.0006475422810180787,0.0007216596395544744,0.0006846009602862765,0.0007216596395544744,0.6613999249520999,0.0,0.0,0.0,0.0,5,0.0,0.0,0.0,0.0,0.5,0.6499999761581421,0.6499999761581421,0.8500000238418579,0.8999999761581421,0.8999999761581421,0,SUCCESS,success,ood,20260921,results/a2po_dual_panda_dynamic_vertical/formal/seed_20260921/checkpoint_best.pt
43000093,controller_only,1,294,2.352,0.03659021136258317,0.0364571217005175,0.036523666531550335,0.0364571217005175,0.0008139152124770937,0.0007115023729498251,0.0007627087927134594,0.0008139152124770937,0.5408444713018202,0.0,0.0,0.0,0.0,4,0.0,0.0,0.0,0.0,0.5,0.6499999761581421,0.6499999761581421,0.8500000238418579,0.8999999761581421,0.8999999761581421,0,SUCCESS,success,ood,20260921,results/a2po_dual_panda_dynamic_vertical/formal/seed_20260921/checkpoint_best.pt
43000094,controller_only,0,1600,12.8,0.041183151515809105,0.041355981342466624,0.041269566429137865,0.041183151515809105,0.0008610324378723873,0.0012482303835581116,0.0010546314107152495,0.0012482303835581116,0.4611342907230189,0.0,0.0,0.0,0.0,6,0.0,0.0,0.0,0.0,0.5,0.6499999761581421,0.6499999761581421,0.8500000238418579,0.8999999761581421,0.8999999761581421,0,INSERTION,lateral_tolerance,ood,20260921,results/a2po_dual_panda_dynamic_vertical/formal/seed_20260921/checkpoint_best.pt
43000095,controller_only,0,1600,12.8,0.0,0.0,0.0,0.0,0.015266490960984199,0.014197903782688072,0.014732197371836135,0.015266490960984199,1.4218142848005997,0.0,0.0,0.0,0.0,0,0.0,0.0,0.0,0.0,0.5,0.6499999761581421,0.6499999761581421,0.8500000238418579,0.8999999761581421,0.8999999761581421,0,FIRST_CONTACT,coarse_alignment,ood,20260921,results/a2po_dual_panda_dynamic_vertical/formal/seed_20260921/checkpoint_best.pt
43000096,controller_only,0,1600,12.8,0.0,0.0,0.0,0.0,0.008964142112340737,0.008720793268967651,0.008842467690654193,0.008964142112340737,0.9189553452163269,0.0,0.0,0.0,0.0,0,0.0,0.0,0.0,0.0,0.5,0.6499999761581421,0.6499999761581421,0.8500000238418579,0.8999999761581421,0.8999999761581421,0,FIRST_CONTACT,contact_alignment,ood,20260921,results/a2po_dual_panda_dynamic_vertical/formal/seed_20260921/checkpoint_best.pt
43000097,controller_only,0,1600,12.8,0.04128474552298238,0.041638259628395374,0.041461502575688876,0.04128474552298238,0.0011754727364971906,0.0005459716967412923,0.0008607222166192414,0.0011754727364971906,0.3927485341568611,0.0,0.0,0.0,0.0,6,0.0,0.0,0.0,0.0,0.5,0.6499999761581421,0.6499999761581421,0.8500000238418579,0.8999999761581421,0.8999999761581421,0,INSERTION,lateral_tolerance,ood,20260921,results/a2po_dual_panda_dynamic_vertical/formal/seed_20260921/checkpoint_best.pt
43000098,controller_only,1,435,3.48,0.042750914358307274,0.04281165994317507,0.04278128715074117,0.042750914358307274,0.0009131461129095081,0.0009970504333135445,0.0009550982731115264,0.0009970504333135445,0.2809050515195141,0.0,0.0,0.0,0.0,6,0.0,0.0,0.0,0.0,0.5,0.6499999761581421,0.6499999761581421,0.8500000238418579,0.8999999761581421,0.8999999761581421,0,SUCCESS,success,ood,20260921,results/a2po_dual_panda_dynamic_vertical/formal/seed_20260921/checkpoint_best.pt
43000099,controller_only,0,1600,12.8,0.0,0.0,0.0,0.0,0.012426644578824433,0.011820467861648655,0.012123556220236545,0.012426644578824433,1.1903011994030086,0.0,0.0,0.0,0.0,0,0.0,0.0,0.0,0.0,0.5,0.6499999761581421,0.6499999761581421,0.8500000238418579,0.8999999761581421,0.8999999761581421,0,FIRST_CONTACT,coarse_alignment,ood,20260921,results/a2po_dual_panda_dynamic_vertical/formal/seed_20260921/checkpoint_best.pt
43000100,controller_only,1,307,2.456,0.03741339265801259,0.03733273832020939,0.03737306548911099,0.03733273832020939,0.0003867185160853912,0.0002504589475177752,0.00031858873180158316,0.0003867185160853912,0.19352652951331797,20.92579132366969,0.21857249160091435,6.100159538316427,0.0,11,0.0,0.0,0.0,0.0,0.5,0.6499999761581421,0.6499999761581421,0.8500000238418579,0.8999999761581421,0.8999999761581421,0,SUCCESS,success,ood,20260921,results/a2po_dual_panda_dynamic_vertical/formal/seed_20260921/checkpoint_best.pt
43000101,controller_only,0,1600,12.8,0.0,0.0,0.0,0.0,0.015159769303659091,0.016656185016946212,0.01590797716030265,0.016656185016946212,1.5050414233512754,0.0,0.0,0.0,0.0,0,0.0,0.0,0.0,0.0,0.5,0.6499999761581421,0.6499999761581421,0.8500000238418579,0.8999999761581421,0.8999999761581421,0,FIRST_CONTACT,coarse_alignment,ood,20260921,results/a2po_dual_panda_dynamic_vertical/formal/seed_20260921/checkpoint_best.pt
43000102,controller_only,1,302,2.416,0.05086153925308812,0.05070734311570799,0.05078444118439805,0.05070734311570799,0.00012709626157576635,0.0003920602295082793,0.0002595782455420228,0.0003920602295082793,0.3389660633818029,0.0,0.0,0.0,0.0,6,0.0,0.0,0.0,0.0,0.5,0.6499999761581421,0.6499999761581421,0.8500000238418579,0.8999999761581421,0.8999999761581421,0,SUCCESS,success,ood,20260921,results/a2po_dual_panda_dynamic_vertical/formal/seed_20260921/checkpoint_best.pt
43000103,controller_only,0,1600,12.8,0.0,0.0,0.0,0.0,0.011565594627257439,0.010876158927478901,0.011220876777368171,0.011565594627257439,1.1356844207039665,0.0,0.0,0.0,0.0,0,0.0,0.0,0.0,0.0,0.5,0.6499999761581421,0.6499999761581421,0.8500000238418579,0.8999999761581421,0.8999999761581421,0,FIRST_CONTACT,contact_alignment,ood,20260921,results/a2po_dual_panda_dynamic_vertical/formal/seed_20260921/checkpoint_best.pt
43000104,controller_only,1,297,2.376,0.036943225161564536,0.036800753918227264,0.0368719895398959,0.036800753918227264,0.0003516922912272249,0.00039883337537357003,0.00037526283330039745,0.00039883337537357003,0.5990534025378706,0.0,0.0,0.0,0.0,5,0.0,0.0,0.0,0.0,0.5,0.6499999761581421,0.6499999761581421,0.8500000238418579,0.8999999761581421,0.8999999761581421,0,SUCCESS,success,ood,20260921,results/a2po_dual_panda_dynamic_vertical/formal/seed_20260921/checkpoint_best.pt
43000105,controller_only,0,1600,12.8,0.0,0.0,0.0,0.0,0.007168151962773736,0.007250349698168116,0.007209250830470926,0.007250349698168116,0.7644149378195222,0.0,0.0,0.0,0.0,0,0.0,0.0,0.0,0.0,0.5,0.6499999761581421,0.6499999761581421,0.8500000238418579,0.8999999761581421,0.8999999761581421,0,FIRST_CONTACT,contact_alignment,ood,20260921,results/a2po_dual_panda_dynamic_vertical/formal/seed_20260921/checkpoint_best.pt
43000106,controller_only,1,346,2.7680000000000002,0.03721395263101232,0.03716367062962625,0.037188811630319285,0.03716367062962625,0.0008760092852389288,0.0007609097279337064,0.0008184595065863176,0.0008760092852389288,0.47715478075769086,0.0,0.0,0.0,0.0,6,0.0,0.0,0.0,0.0,0.5,0.6499999761581421,0.6499999761581421,0.8500000238418579,0.8999999761581421,0.8999999761581421,0,SUCCESS,success,ood,20260921,results/a2po_dual_panda_dynamic_vertical/formal/seed_20260921/checkpoint_best.pt
43000107,controller_only,0,1600,12.8,0.0,0.0,0.0,0.0,0.009479143066639184,0.008640545973344795,0.00905984451999199,0.009479143066639184,0.9508702882616028,0.0,0.0,0.0,0.0,0,0.0,0.0,0.0,0.0,0.5,0.6499999761581421,0.6499999761581421,0.8500000238418579,0.8999999761581421,0.8999999761581421,0,FIRST_CONTACT,contact_alignment,ood,20260921,results/a2po_dual_panda_dynamic_vertical/formal/seed_20260921/checkpoint_best.pt
43000108,controller_only,0,1600,12.8,0.0,0.0,0.0,0.0,0.010707501580998351,0.01130440407435997,0.01100595282767916,0.01130440407435997,1.0917281051339895,0.0,0.0,0.0,0.0,0,0.0,0.0,0.0,0.0,0.5,0.6499999761581421,0.6499999761581421,0.8500000238418579,0.8999999761581421,0.8999999761581421,0,FIRST_CONTACT,contact_alignment,ood,20260921,results/a2po_dual_panda_dynamic_vertical/formal/seed_20260921/checkpoint_best.pt
43000109,controller_only,0,1600,12.8,0.04166388299820653,0.0418001714840278,0.041732027241117166,0.04166388299820653,0.001122215740381893,0.0006226615374237042,0.0008724386389027986,0.001122215740381893,0.3563362770734089,73.40015870186367,0.045875099188664795,12.233359783643946,0.0,6,0.0,0.0,0.0,0.0,0.5,0.6499999761581421,0.6499999761581421,0.8500000238418579,0.8999999761581421,0.8999999761581421,0,INSERTION,lateral_tolerance,ood,20260921,results/a2po_dual_panda_dynamic_vertical/formal/seed_20260921/checkpoint_best.pt
43000110,controller_only,0,1600,12.8,0.0,0.0,0.0,0.0,0.013273646565992624,0.012723093720898358,0.01299837014344549,0.013273646565992624,1.318405077407954,0.0,0.0,0.0,0.0,0,0.0,0.0,0.0,0.0,0.5,0.6499999761581421,0.6499999761581421,0.8500000238418579,0.8999999761581421,0.8999999761581421,0,FIRST_CONTACT,coarse_alignment,ood,20260921,results/a2po_dual_panda_dynamic_vertical/formal/seed_20260921/checkpoint_best.pt
43000111,controller_only,0,1600,12.8,0.0,0.0,0.0,0.0,0.008856210131343665,0.009717668037266921,0.009286939084305293,0.009717668037266921,0.9312875606081015,0.0,0.0,0.0,0.0,0,0.0,0.0,0.0,0.0,0.5,0.6499999761581421,0.6499999761581421,0.8500000238418579,0.8999999761581421,0.8999999761581421,0,FIRST_CONTACT,contact_alignment,ood,20260921,results/a2po_dual_panda_dynamic_vertical/formal/seed_20260921/checkpoint_best.pt
43000112,controller_only,0,1600,12.8,0.0,0.0,0.0,0.0,0.010415181434249922,0.010915142709033375,0.010665162071641648,0.010915142709033375,1.0846640693161038,0.0,0.0,0.0,0.0,0,0.0,0.0,0.0,0.0,0.5,0.6499999761581421,0.6499999761581421,0.8500000238418579,0.8999999761581421,0.8999999761581421,0,FIRST_CONTACT,contact_alignment,ood,20260921,results/a2po_dual_panda_dynamic_vertical/formal/seed_20260921/checkpoint_best.pt
43000113,controller_only,1,319,2.552,0.0371872643493745,0.03688686849158487,0.037037066420479686,0.03688686849158487,0.0009118566593448159,0.0009417038942572707,0.0009267802768010433,0.0009417038942572707,0.6497087985757901,0.0,0.0,0.0,0.0,6,0.0,0.0,0.0,0.0,0.5,0.6499999761581421,0.6499999761581421,0.8500000238418579,0.8999999761581421,0.8999999761581421,0,SUCCESS,success,ood,20260921,results/a2po_dual_panda_dynamic_vertical/formal/seed_20260921/checkpoint_best.pt
43000114,controller_only,1,333,2.664,0.044101966143066496,0.04386136552994996,0.04398166583650823,0.04386136552994996,0.0007275942919864914,0.000576999398770648,0.0006522968453785698,0.0007275942919864914,0.151593100231754,0.0,0.0,0.0,0.0,7,0.0,0.0,0.0,0.0,0.5,0.6499999761581421,0.6499999761581421,0.8500000238418579,0.8999999761581421,0.8999999761581421,0,SUCCESS,success,ood,20260921,results/a2po_dual_panda_dynamic_vertical/formal/seed_20260921/checkpoint_best.pt
43000115,controller_only,1,382,3.056,0.043572839406269825,0.04342535560919597,0.0434990975077329,0.04342535560919597,0.0006350631043969365,0.0005790699517645817,0.0006070665280807591,0.0006350631043969365,0.338096642831849,0.0,0.0,0.0,0.0,7,0.0,0.0,0.0,0.0,0.5,0.6499999761581421,0.6499999761581421,0.8500000238418579,0.8999999761581421,0.8999999761581421,0,SUCCESS,success,ood,20260921,results/a2po_dual_panda_dynamic_vertical/formal/seed_20260921/checkpoint_best.pt
43000116,controller_only,0,1600,12.8,0.0,0.0,0.0,0.0,0.015414579548385092,0.01666121731079365,0.016037898429589373,0.01666121731079365,1.5228098192397725,0.0,0.0,0.0,0.0,0,0.0,0.0,0.0,0.0,0.5,0.6499999761581421,0.6499999761581421,0.8500000238418579,0.8999999761581421,0.8999999761581421,0,FIRST_CONTACT,coarse_alignment,ood,20260921,results/a2po_dual_panda_dynamic_vertical/formal/seed_20260921/checkpoint_best.pt
43000117,controller_only,1,272,2.176,0.05135153053771613,0.05147016387655021,0.05141084720713317,0.05135153053771613,0.0005793388972699287,0.0008279688498875484,0.0007036538735787385,0.0008279688498875484,0.17960610661009888,57.52636312701762,0.21149398208462358,9.58772718783627,0.0,6,0.0,0.0,0.0,0.0,0.5,0.6499999761581421,0.6499999761581421,0.8500000238418579,0.8999999761581421,0.8999999761581421,0,SUCCESS,success,ood,20260921,results/a2po_dual_panda_dynamic_vertical/formal/seed_20260921/checkpoint_best.pt
43000118,controller_only,0,1600,12.8,0.0,0.0,0.0,0.0,0.011168806549472901,0.010138070475127546,0.010653438512300224,0.011168806549472901,1.0383906745279081,0.0,0.0,0.0,0.0,0,0.0,0.0,0.0,0.0,0.5,0.6499999761581421,0.6499999761581421,0.8500000238418579,0.8999999761581421,0.8999999761581421,0,FIRST_CONTACT,contact_alignment,ood,20260921,results/a2po_dual_panda_dynamic_vertical/formal/seed_20260921/checkpoint_best.pt
43000119,controller_only,0,1600,12.8,0.04143049221702855,0.04172550720419421,0.04157799971061138,0.04143049221702855,0.00110143938043079,0.0006726024094684198,0.000887020894949605,0.00110143938043079,0.39333821752380355,97.7367223302379,0.06108545145639868,16.289453721706316,0.0,6,0.0,0.0,0.0,0.0,0.5,0.6499999761581421,0.6499999761581421,0.8500000238418579,0.8999999761581421,0.8999999761581421,0,INSERTION,lateral_tolerance,ood,20260921,results/a2po_dual_panda_dynamic_vertical/formal/seed_20260921/checkpoint_best.pt
43000120,controller_only,1,211,1.688,0.06217279225855202,0.061882896740413126,0.06202784449948257,0.061882896740413126,0.00035357229140601187,0.0004342306552401844,0.00039390147332309816,0.0004342306552401844,0.4723958192868444,62.66069472101965,0.29697011716123056,10.443449120169943,0.0,6,0.0,0.0,0.0,0.0,0.5,0.6499999761581421,0.6499999761581421,0.8500000238418579,0.8999999761581421,0.8999999761581421,0,SUCCESS,success,ood,20260921,results/a2po_dual_panda_dynamic_vertical/formal/seed_20260921/checkpoint_best.pt
43000121,controller_only,1,359,2.872,0.03935035591086941,0.03913019867595599,0.0392402772934127,0.03913019867595599,0.0009110584838879296,0.0005469527086445835,0.0007290055962662565,0.0009110584838879296,0.30259216554547125,0.0,0.0,0.0,0.0,5,0.0,0.0,0.0,0.0,0.5,0.6499999761581421,0.6499999761581421,0.8500000238418579,0.8999999761581421,0.8999999761581421,0,SUCCESS,success,ood,20260921,results/a2po_dual_panda_dynamic_vertical/formal/seed_20260921/checkpoint_best.pt
43000122,controller_only,0,1600,12.8,0.0,0.0,0.0,0.0,0.014430797943905681,0.01344564476350784,0.01393822135370676,0.014430797943905681,1.3649779782557214,0.0,0.0,0.0,0.0,0,0.0,0.0,0.0,0.0,0.5,0.6499999761581421,0.6499999761581421,0.8500000238418579,0.8999999761581421,0.8999999761581421,0,FIRST_CONTACT,coarse_alignment,ood,20260921,results/a2po_dual_panda_dynamic_vertical/formal/seed_20260921/checkpoint_best.pt
43000123,controller_only,1,302,2.416,0.03766113201420218,0.03720167488220752,0.03743140344820485,0.03720167488220752,0.0007789944749599777,0.0008703492757599719,0.0008246718753599747,0.0008703492757599719,0.6635812386999154,0.0,0.0,0.0,0.0,5,0.0,0.0,0.0,0.0,0.5,0.6499999761581421,0.6499999761581421,0.8500000238418579,0.8999999761581421,0.8999999761581421,0,SUCCESS,success,ood,20260921,results/a2po_dual_panda_dynamic_vertical/formal/seed_20260921/checkpoint_best.pt
43000124,controller_only,0,1600,12.8,0.0,0.0,0.0,0.0,0.007856097415559532,0.009227220518116263,0.008541658966837899,0.009227220518116263,0.9128134525345056,0.0,0.0,0.0,0.0,0,0.0,0.0,0.0,0.0,0.5,0.6499999761581421,0.6499999761581421,0.8500000238418579,0.8999999761581421,0.8999999761581421,0,FIRST_CONTACT,contact_alignment,ood,20260921,results/a2po_dual_panda_dynamic_vertical/formal/seed_20260921/checkpoint_best.pt
43000125,controller_only,0,1600,12.8,0.0,0.0,0.0,0.0,0.012144211439102303,0.011028802863628359,0.011586507151365331,0.012144211439102303,1.1285798250582326,0.0,0.0,0.0,0.0,0,0.0,0.0,0.0,0.0,0.5,0.6499999761581421,0.6499999761581421,0.8500000238418579,0.8999999761581421,0.8999999761581421,0,FIRST_CONTACT,coarse_alignment,ood,20260921,results/a2po_dual_panda_dynamic_vertical/formal/seed_20260921/checkpoint_best.pt
43000126,controller_only,0,1600,12.8,0.0,0.0,0.0,0.0,0.014021951445309138,0.01474213058358056,0.01438204101444485,0.01474213058358056,1.4256736365798037,0.0,0.0,0.0,0.0,0,0.0,0.0,0.0,0.0,0.5,0.6499999761581421,0.6499999761581421,0.8500000238418579,0.8999999761581421,0.8999999761581421,0,FIRST_CONTACT,coarse_alignment,ood,20260921,results/a2po_dual_panda_dynamic_vertical/formal/seed_20260921/checkpoint_best.pt
43000127,controller_only,1,217,1.736,0.06253066012767278,0.06269429935237725,0.06261247974002501,0.06253066012767278,0.00030313152186361834,0.00030818157058468696,0.0003056565462241527,0.00030818157058468696,0.30748912119208544,73.33193107358255,0.33793516623770764,12.221988512263758,0.0,6,0.0,0.0,0.0,0.0,0.5,0.6499999761581421,0.6499999761581421,0.8500000238418579,0.8999999761581421,0.8999999761581421,0,SUCCESS,success,ood,20260921,results/a2po_dual_panda_dynamic_vertical/formal/seed_20260921/checkpoint_best.pt
43000128,controller_only,1,394,3.152,0.0437409936925196,0.04371291092061466,0.04372695230656713,0.04371291092061466,0.0004756448095906463,0.00021925728755042186,0.0003474510485705341,0.0004756448095906463,0.2664690971871857,0.0,0.0,0.0,0.0,6,0.0,0.0,0.0,0.0,0.5,0.6499999761581421,0.6499999761581421,0.8500000238418579,0.8999999761581421,0.8999999761581421,0,SUCCESS,success,ood,20260921,results/a2po_dual_panda_dynamic_vertical/formal/seed_20260921/checkpoint_best.pt
43000129,controller_only,1,298,2.384,0.03680203568964441,0.03672432251587596,0.03676317910276018,0.03672432251587596,0.0004319300844536449,0.0002720827042643426,0.00035200639435899373,0.0004319300844536449,0.6351092682074007,0.0,0.0,0.0,0.0,5,0.0,0.0,0.0,0.0,0.5,0.6499999761581421,0.6499999761581421,0.8500000238418579,0.8999999761581421,0.8999999761581421,0,SUCCESS,success,ood,20260921,results/a2po_dual_panda_dynamic_vertical/formal/seed_20260921/checkpoint_best.pt
43000130,controller_only,0,1600,12.8,0.0,0.0,0.0,0.0,0.006416470941177136,0.006807016642047413,0.006611743791612275,0.006807016642047413,0.772361644673021,0.0,0.0,0.0,0.0,0,0.0,0.0,0.0,0.0,0.5,0.6499999761581421,0.6499999761581421,0.8500000238418579,0.8999999761581421,0.8999999761581421,0,FIRST_CONTACT,contact_alignment,ood,20260921,results/a2po_dual_panda_dynamic_vertical/formal/seed_20260921/checkpoint_best.pt
43000131,controller_only,1,352,2.816,0.039242934656652295,0.039188746629476995,0.039215840643064645,0.039188746629476995,0.0006674185990891763,0.0008048356006320437,0.0007361270998606101,0.0008048356006320437,0.2523105862530461,24.12052545545567,0.06852422004390815,4.824105091091134,0.0,5,0.0,0.0,0.0,0.0,0.5,0.6499999761581421,0.6499999761581421,0.8500000238418579,0.8999999761581421,0.8999999761581421,0,SUCCESS,success,ood,20260921,results/a2po_dual_panda_dynamic_vertical/formal/seed_20260921/checkpoint_best.pt
43000132,controller_only,1,386,3.088,0.044409724928047095,0.0442236988634058,0.044316711895726446,0.0442236988634058,0.0006538016620498103,0.0006359317347009231,0.0006448666983753667,0.0006538016620498103,0.2856538319869937,0.0,0.0,0.0,0.0,6,0.0,0.0,0.0,0.0,0.5,0.6499999761581421,0.6499999761581421,0.8500000238418579,0.8999999761581421,0.8999999761581421,0,SUCCESS,success,ood,20260921,results/a2po_dual_panda_dynamic_vertical/formal/seed_20260921/checkpoint_best.pt
43000133,controller_only,1,385,3.08,0.04319865752525785,0.04298448439858234,0.043091570961920095,0.04298448439858234,0.0002245311942776932,0.0004999934323909838,0.00036226231333433853,0.0004999934323909838,0.3221539630556698,0.0,0.0,0.0,0.0,7,0.0,0.0,0.0,0.0,0.5,0.6499999761581421,0.6499999761581421,0.8500000238418579,0.8999999761581421,0.8999999761581421,0,SUCCESS,success,ood,20260921,results/a2po_dual_panda_dynamic_vertical/formal/seed_20260921/checkpoint_best.pt
43000134,controller_only,1,310,2.48,0.03633592218206316,0.03621417237550975,0.03627504727878646,0.03621417237550975,0.00038723294039702067,0.00030102079638701334,0.000344126868392017,0.00038723294039702067,0.7204215368443075,0.5839377214053244,0.0018836700690494335,0.09732295356755406,0.0,6,0.0,0.0,0.0,0.0,0.5,0.6499999761581421,0.6499999761581421,0.8500000238418579,0.8999999761581421,0.8999999761581421,0,SUCCESS,success,ood,20260921,results/a2po_dual_panda_dynamic_vertical/formal/seed_20260921/checkpoint_best.pt
43000135,controller_only,1,303,2.424,0.03609984857480285,0.03580712552696329,0.03595348705088307,0.03580712552696329,9.232230308240745e-05,0.00013328255331895633,0.0001128024282006819,0.00013328255331895633,0.7150567186169671,0.0,0.0,0.0,0.0,4,0.0,0.0,0.0,0.0,0.5,0.6499999761581421,0.6499999761581421,0.8500000238418579,0.8999999761581421,0.8999999761581421,0,SUCCESS,success,ood,20260921,results/a2po_dual_panda_dynamic_vertical/formal/seed_20260921/checkpoint_best.pt
43000136,controller_only,0,1600,12.8,0.0,0.0,0.0,0.0,0.011136278384590243,0.01209472872963559,0.011615503557112918,0.01209472872963559,1.1448846709367155,0.0,0.0,0.0,0.0,0,0.0,0.0,0.0,0.0,0.5,0.6499999761581421,0.6499999761581421,0.8500000238418579,0.8999999761581421,0.8999999761581421,0,FIRST_CONTACT,coarse_alignment,ood,20260921,results/a2po_dual_panda_dynamic_vertical/formal/seed_20260921/checkpoint_best.pt
43000137,controller_only,1,296,2.368,0.037689310325675435,0.03743248500727134,0.037560897666473386,0.03743248500727134,0.0004250870044167031,0.00041805447230094066,0.0004215707383588219,0.0004250870044167031,0.6167239107806425,0.0,0.0,0.0,0.0,5,0.0,0.0,0.0,0.0,0.5,0.6499999761581421,0.6499999761581421,0.8500000238418579,0.8999999761581421,0.8999999761581421,0,SUCCESS,success,ood,20260921,results/a2po_dual_panda_dynamic_vertical/formal/seed_20260921/checkpoint_best.pt
43000138,controller_only,0,1600,12.8,0.0,0.0,0.0,0.0,0.013743504006318453,0.014406202298571764,0.014074853152445109,0.014406202298571764,1.40089963564966,0.0,0.0,0.0,0.0,0,0.0,0.0,0.0,0.0,0.5,0.6499999761581421,0.6499999761581421,0.8500000238418579,0.8999999761581421,0.8999999761581421,0,FIRST_CONTACT,coarse_alignment,ood,20260921,results/a2po_dual_panda_dynamic_vertical/formal/seed_20260921/checkpoint_best.pt
43000139,controller_only,1,439,3.512,0.03853055081655968,0.038434839370760296,0.03848269509365999,0.038434839370760296,0.0008262546936203066,0.0005258473754953073,0.0006760510345578069,0.0008262546936203066,0.39428659219484197,0.0,0.0,0.0,0.0,7,0.0,0.0,0.0,0.0,0.5,0.6499999761581421,0.6499999761581421,0.8500000238418579,0.8999999761581421,0.8999999761581421,0,SUCCESS,success,ood,20260921,results/a2po_dual_panda_dynamic_vertical/formal/seed_20260921/checkpoint_best.pt
43000140,controller_only,0,1600,12.8,0.0,0.0,0.0,0.0,0.012947644656460838,0.013912686605310563,0.0134301656308857,0.013912686605310563,1.314974398360771,0.0,0.0,0.0,0.0,0,0.0,0.0,0.0,0.0,0.5,0.6499999761581421,0.6499999761581421,0.8500000238418579,0.8999999761581421,0.8999999761581421,0,FIRST_CONTACT,coarse_alignment,ood,20260921,results/a2po_dual_panda_dynamic_vertical/formal/seed_20260921/checkpoint_best.pt
43000141,controller_only,1,383,3.064,0.04329503259281742,0.043180984911028356,0.043238008751922886,0.043180984911028356,0.0006662295468572019,0.0006299655171143052,0.0006480975319857536,0.0006662295468572019,0.33617127509372396,0.0,0.0,0.0,0.0,6,0.0,0.0,0.0,0.0,0.5,0.6499999761581421,0.6499999761581421,0.8500000238418579,0.8999999761581421,0.8999999761581421,0,SUCCESS,success,ood,20260921,results/a2po_dual_panda_dynamic_vertical/formal/seed_20260921/checkpoint_best.pt
43000142,controller_only,0,1600,12.8,0.0,0.0,0.0,0.0,0.0157295944536702,0.01476479182212499,0.015247193137897595,0.0157295944536702,1.4511291309901788,0.0,0.0,0.0,0.0,0,0.0,0.0,0.0,0.0,0.5,0.6499999761581421,0.6499999761581421,0.8500000238418579,0.8999999761581421,0.8999999761581421,0,FIRST_CONTACT,coarse_alignment,ood,20260921,results/a2po_dual_panda_dynamic_vertical/formal/seed_20260921/checkpoint_best.pt
43000143,controller_only,0,1600,12.8,0.0,0.0,0.0,0.0,0.008552640670113283,0.008139307148623789,0.008345973909368535,0.008552640670113283,0.8561438215987993,0.0,0.0,0.0,0.0,0,0.0,0.0,0.0,0.0,0.5,0.6499999761581421,0.6499999761581421,0.8500000238418579,0.8999999761581421,0.8999999761581421,0,FIRST_CONTACT,contact_alignment,ood,20260921,results/a2po_dual_panda_dynamic_vertical/formal/seed_20260921/checkpoint_best.pt
43000144,controller_only,0,1600,12.8,0.0,0.0,0.0,0.0,0.016249966016375364,0.015200013425427128,0.015724989720901247,0.016249966016375364,1.5040658252170744,0.0,0.0,0.0,0.0,0,0.0,0.0,0.0,0.0,0.5,0.6499999761581421,0.6499999761581421,0.8500000238418579,0.8999999761581421,0.8999999761581421,0,FIRST_CONTACT,coarse_alignment,ood,20260921,results/a2po_dual_panda_dynamic_vertical/formal/seed_20260921/checkpoint_best.pt
43000145,controller_only,0,1600,12.8,0.0,0.0,0.0,0.0,0.017643715985952844,0.019219258405354957,0.0184314871956539,0.019219258405354957,1.7670397617690856,0.0,0.0,0.0,0.0,0,0.0,0.0,0.0,0.0,0.5,0.6499999761581421,0.6499999761581421,0.8500000238418579,0.8999999761581421,0.8999999761581421,0,FIRST_CONTACT,coarse_alignment,ood,20260921,results/a2po_dual_panda_dynamic_vertical/formal/seed_20260921/checkpoint_best.pt
43000146,controller_only,1,311,2.488,0.03681809207014969,0.0366719089050776,0.036745000487613644,0.0366719089050776,0.0004106452592134442,0.00034885698777825295,0.00037975112349584853,0.0004106452592134442,0.6416856837936297,0.0,0.0,0.0,0.0,5,0.0,0.0,0.0,0.0,0.5,0.6499999761581421,0.6499999761581421,0.8500000238418579,0.8999999761581421,0.8999999761581421,0,SUCCESS,success,ood,20260921,results/a2po_dual_panda_dynamic_vertical/formal/seed_20260921/checkpoint_best.pt
43000147,controller_only,1,296,2.368,0.03815695460669011,0.038021309216840604,0.038089131911765356,0.038021309216840604,0.00019831290145523486,0.0003983108958556348,0.00029831189865543484,0.0003983108958556348,0.5810340793045857,0.0,0.0,0.0,0.0,5,0.0,0.0,0.0,0.0,0.5,0.6499999761581421,0.6499999761581421,0.8500000238418579,0.8999999761581421,0.8999999761581421,0,SUCCESS,success,ood,20260921,results/a2po_dual_panda_dynamic_vertical/formal/seed_20260921/checkpoint_best.pt
43000148,controller_only,1,337,2.696,0.04567499985637913,0.04539488421443574,0.045534942035407436,0.04539488421443574,0.0009093575737711835,0.00036994533272802444,0.000639651453249604,0.0009093575737711835,0.1482723582405094,0.0,0.0,0.0,0.0,6,0.0,0.0,0.0,0.0,0.5,0.6499999761581421,0.6499999761581421,0.8500000238418579,0.8999999761581421,0.8999999761581421,0,SUCCESS,success,ood,20260921,results/a2po_dual_panda_dynamic_vertical/formal/seed_20260921/checkpoint_best.pt
43000149,controller_only,0,1600,12.8,0.0,0.0,0.0,0.0,0.010537437634042232,0.011475711522891176,0.011006574578466703,0.011475711522891176,1.129629135826055,0.0,0.0,0.0,0.0,0,0.0,0.0,0.0,0.0,0.5,0.6499999761581421,0.6499999761581421,0.8500000238418579,0.8999999761581421,0.8999999761581421,0,FIRST_CONTACT,contact_alignment,ood,20260921,results/a2po_dual_panda_dynamic_vertical/formal/seed_20260921/checkpoint_best.pt
43000150,controller_only,1,358,2.864,0.03781283832799022,0.03754056028339625,0.037676699305693236,0.03754056028339625,0.0008087432179343323,0.0009331529509855702,0.0008709480844599513,0.0009331529509855702,0.48831916643164575,0.0,0.0,0.0,0.0,5,0.0,0.0,0.0,0.0,0.5,0.6499999761581421,0.6499999761581421,0.8500000238418579,0.8999999761581421,0.8999999761581421,0,SUCCESS,success,ood,20260921,results/a2po_dual_panda_dynamic_vertical/formal/seed_20260921/checkpoint_best.pt
43000151,controller_only,0,1600,12.8,0.0,0.0,0.0,0.0,0.016626391835324383,0.016164542070685396,0.016395466953004888,0.016626391835324383,1.5726018707908318,0.0,0.0,0.0,0.0,0,0.0,0.0,0.0,0.0,0.5,0.6499999761581421,0.6499999761581421,0.8500000238418579,0.8999999761581421,0.8999999761581421,0,FIRST_CONTACT,coarse_alignment,ood,20260921,results/a2po_dual_panda_dynamic_vertical/formal/seed_20260921/checkpoint_best.pt
43000152,controller_only,0,1600,12.8,0.0,0.0,0.0,0.0,0.013644342695698804,0.013016701971273574,0.01333052233348619,0.013644342695698804,1.307684562683277,0.0,0.0,0.0,0.0,0,0.0,0.0,0.0,0.0,0.5,0.6499999761581421,0.6499999761581421,0.8500000238418579,0.8999999761581421,0.8999999761581421,0,FIRST_CONTACT,coarse_alignment,ood,20260921,results/a2po_dual_panda_dynamic_vertical/formal/seed_20260921/checkpoint_best.pt
43000153,controller_only,0,1600,12.8,0.0,0.0,0.0,0.0,0.017050315363550173,0.016021072445936188,0.01653569390474318,0.017050315363550173,1.5963994245128577,0.0,0.0,0.0,0.0,0,0.0,0.0,0.0,0.0,0.5,0.6499999761581421,0.6499999761581421,0.8500000238418579,0.8999999761581421,0.8999999761581421,0,FIRST_CONTACT,coarse_alignment,ood,20260921,results/a2po_dual_panda_dynamic_vertical/formal/seed_20260921/checkpoint_best.pt
43000154,controller_only,1,209,1.672,0.0617044789339912,0.06147831230040149,0.06159139561719634,0.06147831230040149,0.00038553937339082787,0.00047461691007386373,0.0004300781417323458,0.00047461691007386373,0.49919873378800106,0.0,0.0,0.0,0.0,5,0.0,0.0,0.0,0.0,0.5,0.6499999761581421,0.6499999761581421,0.8500000238418579,0.8999999761581421,0.8999999761581421,0,SUCCESS,success,ood,20260921,results/a2po_dual_panda_dynamic_vertical/formal/seed_20260921/checkpoint_best.pt
43000155,controller_only,1,392,3.136,0.04132156840327564,0.041284803926303876,0.04130318616478976,0.041284803926303876,0.0009094549803654625,0.0009392048757394176,0.00092432992805244,0.0009392048757394176,0.21767067771321627,62.727917728784504,0.16002019828771558,10.454652954797417,0.0,6,0.0,0.0,0.0,0.0,0.5,0.6499999761581421,0.6499999761581421,0.8500000238418579,0.8999999761581421,0.8999999761581421,0,SUCCESS,success,ood,20260921,results/a2po_dual_panda_dynamic_vertical/formal/seed_20260921/checkpoint_best.pt
43000156,controller_only,0,1600,12.8,0.0,0.0,0.0,0.0,0.011190085417520704,0.011576557619355143,0.011383321518437923,0.011576557619355143,1.1421726943117627,0.0,0.0,0.0,0.0,0,0.0,0.0,0.0,0.0,0.5,0.6499999761581421,0.6499999761581421,0.8500000238418579,0.8999999761581421,0.8999999761581421,0,FIRST_CONTACT,contact_alignment,ood,20260921,results/a2po_dual_panda_dynamic_vertical/formal/seed_20260921/checkpoint_best.pt
43000157,controller_only,1,291,2.328,0.0368783818123429,0.036745378524149525,0.036811880168246214,0.036745378524149525,0.00018172549685338307,0.00027985759592355464,0.00023079154638846886,0.00027985759592355464,0.6035146502089188,0.0,0.0,0.0,0.0,4,0.0,0.0,0.0,0.0,0.5,0.6499999761581421,0.6499999761581421,0.8500000238418579,0.8999999761581421,0.8999999761581421,0,SUCCESS,success,ood,20260921,results/a2po_dual_panda_dynamic_vertical/formal/seed_20260921/checkpoint_best.pt
43000158,controller_only,0,1600,12.8,0.0,0.0,0.0,0.0,0.005463478741843735,0.005057168077441384,0.005260323409642559,0.005463478741843735,0.640029306751125,0.0,0.0,0.0,0.0,0,0.0,0.0,0.0,0.0,0.5,0.6499999761581421,0.6499999761581421,0.8500000238418579,0.8999999761581421,0.8999999761581421,0,FIRST_CONTACT,contact_alignment,ood,20260921,results/a2po_dual_panda_dynamic_vertical/formal/seed_20260921/checkpoint_best.pt
43000159,controller_only,1,211,1.688,0.06256667708904645,0.06241450057222242,0.062490588830634436,0.06241450057222242,0.0004815317849577105,0.00037496445888417554,0.000428248121920943,0.0004815317849577105,0.45269654797333775,0.0,0.0,0.0,0.0,5,0.0,0.0,0.0,0.0,0.5,0.6499999761581421,0.6499999761581421,0.8500000238418579,0.8999999761581421,0.8999999761581421,0,SUCCESS,success,ood,20260921,results/a2po_dual_panda_dynamic_vertical/formal/seed_20260921/checkpoint_best.pt
43000160,controller_only,1,285,2.2800000000000002,0.03694509718669253,0.036802763998474264,0.0368739305925834,0.036802763998474264,0.00045915908602663075,0.0005146899611171781,0.0004869245235719044,0.0005146899611171781,0.6365444198323716,0.0,0.0,0.0,0.0,4,0.0,0.0,0.0,0.0,0.5,0.6499999761581421,0.6499999761581421,0.8500000238418579,0.8999999761581421,0.8999999761581421,0,SUCCESS,success,ood,20260921,results/a2po_dual_panda_dynamic_vertical/formal/seed_20260921/checkpoint_best.pt
43000161,controller_only,1,357,2.856,0.03862100196682994,0.038631859273601576,0.03862643062021576,0.03862100196682994,0.0008018994204256697,0.0007478425825961142,0.000774871001510892,0.0008018994204256697,0.3497190536407828,0.0,0.0,0.0,0.0,4,0.0,0.0,0.0,0.0,0.5,0.6499999761581421,0.6499999761581421,0.8500000238418579,0.8999999761581421,0.8999999761581421,0,SUCCESS,success,ood,20260921,results/a2po_dual_panda_dynamic_vertical/formal/seed_20260921/checkpoint_best.pt
43000162,controller_only,0,1600,12.8,0.0,0.0,0.0,0.0,0.01967174947807077,0.019250755564370857,0.019461252521220815,0.01967174947807077,1.8458882133907555,0.0,0.0,0.0,0.0,0,0.0,0.0,0.0,0.0,0.5,0.6499999761581421,0.6499999761581421,0.8500000238418579,0.8999999761581421,0.8999999761581421,0,FIRST_CONTACT,coarse_alignment,ood,20260921,results/a2po_dual_panda_dynamic_vertical/formal/seed_20260921/checkpoint_best.pt
43000163,controller_only,0,1600,12.8,0.0,0.0,0.0,0.0,0.010947831718557609,0.012689506574798351,0.01181866914667798,0.012689506574798351,1.178956656449978,0.0,0.0,0.0,0.0,0,0.0,0.0,0.0,0.0,0.5,0.6499999761581421,0.6499999761581421,0.8500000238418579,0.8999999761581421,0.8999999761581421,0,FIRST_CONTACT,coarse_alignment,ood,20260921,results/a2po_dual_panda_dynamic_vertical/formal/seed_20260921/checkpoint_best.pt
43000164,controller_only,0,1600,12.8,0.0,0.0,0.0,0.0,0.009271636302754087,0.00982225496500476,0.009546945633879422,0.00982225496500476,0.9927142206282055,0.0,0.0,0.0,0.0,0,0.0,0.0,0.0,0.0,0.5,0.6499999761581421,0.6499999761581421,0.8500000238418579,0.8999999761581421,0.8999999761581421,0,FIRST_CONTACT,contact_alignment,ood,20260921,results/a2po_dual_panda_dynamic_vertical/formal/seed_20260921/checkpoint_best.pt
43000165,controller_only,1,332,2.656,0.042961217572837135,0.04274673760848954,0.04285397759066334,0.04274673760848954,0.00051501151650277,0.0006525696709065599,0.0005837905937046649,0.0006525696709065599,0.18019055104882006,0.0,0.0,0.0,0.0,7,0.0,0.0,0.0,0.0,0.5,0.6499999761581421,0.6499999761581421,0.8500000238418579,0.8999999761581421,0.8999999761581421,0,SUCCESS,success,ood,20260921,results/a2po_dual_panda_dynamic_vertical/formal/seed_20260921/checkpoint_best.pt
43000166,controller_only,0,1600,12.8,0.0,0.0,0.0,0.0,0.011253304725310024,0.010300093807346051,0.010776699266328037,0.011253304725310024,1.091822657674003,0.0,0.0,0.0,0.0,0,0.0,0.0,0.0,0.0,0.5,0.6499999761581421,0.6499999761581421,0.8500000238418579,0.8999999761581421,0.8999999761581421,0,FIRST_CONTACT,contact_alignment,ood,20260921,results/a2po_dual_panda_dynamic_vertical/formal/seed_20260921/checkpoint_best.pt
43000167,controller_only,0,1600,12.8,0.0,0.0,0.0,0.0,0.007888225888788576,0.007209979408184366,0.007549102648486471,0.007888225888788576,0.7938540066133631,0.0,0.0,0.0,0.0,0,0.0,0.0,0.0,0.0,0.5,0.6499999761581421,0.6499999761581421,0.8500000238418579,0.8999999761581421,0.8999999761581421,0,FIRST_CONTACT,contact_alignment,ood,20260921,results/a2po_dual_panda_dynamic_vertical/formal/seed_20260921/checkpoint_best.pt
43000168,controller_only,0,1600,12.8,0.0,0.0,0.0,0.0,0.010494367038583466,0.010083208802505763,0.010288787920544613,0.010494367038583466,1.0338085458855697,0.0,0.0,0.0,0.0,0,0.0,0.0,0.0,0.0,0.5,0.6499999761581421,0.6499999761581421,0.8500000238418579,0.8999999761581421,0.8999999761581421,0,FIRST_CONTACT,contact_alignment,ood,20260921,results/a2po_dual_panda_dynamic_vertical/formal/seed_20260921/checkpoint_best.pt
43000169,controller_only,0,1600,12.8,0.0,0.0,0.0,0.0,0.008011063524461603,0.008338063750800572,0.008174563637631088,0.008338063750800572,0.8481248795036742,0.0,0.0,0.0,0.0,0,0.0,0.0,0.0,0.0,0.5,0.6499999761581421,0.6499999761581421,0.8500000238418579,0.8999999761581421,0.8999999761581421,0,FIRST_CONTACT,contact_alignment,ood,20260921,results/a2po_dual_panda_dynamic_vertical/formal/seed_20260921/checkpoint_best.pt
43000170,controller_only,1,299,2.392,0.03683103542871172,0.036572674948819855,0.036701855188765786,0.036572674948819855,0.00025708371585509527,0.0001411259638070106,0.00019910483983105292,0.00025708371585509527,0.5788627388354842,0.0,0.0,0.0,0.0,5,0.0,0.0,0.0,0.0,0.5,0.6499999761581421,0.6499999761581421,0.8500000238418579,0.8999999761581421,0.8999999761581421,0,SUCCESS,success,ood,20260921,results/a2po_dual_panda_dynamic_vertical/formal/seed_20260921/checkpoint_best.pt
43000171,controller_only,0,1600,12.8,0.0,0.0,0.0,0.0,0.011890811159345177,0.012477948066292023,0.0121843796128186,0.012477948066292023,1.1909165490128197,0.0,0.0,0.0,0.0,0,0.0,0.0,0.0,0.0,0.5,0.6499999761581421,0.6499999761581421,0.8500000238418579,0.8999999761581421,0.8999999761581421,0,FIRST_CONTACT,coarse_alignment,ood,20260921,results/a2po_dual_panda_dynamic_vertical/formal/seed_20260921/checkpoint_best.pt
43000172,controller_only,1,352,2.816,0.03902151418261095,0.038740889836843595,0.03888120200972727,0.038740889836843595,0.0007923131271410656,0.0007877126303907016,0.0007900128787658836,0.0007923131271410656,0.3206949674005825,26.411876016096908,0.0750337386820935,4.401979336016152,0.0,6,0.0,0.0,0.0,0.0,0.5,0.6499999761581421,0.6499999761581421,0.8500000238418579,0.8999999761581421,0.8999999761581421,0,SUCCESS,success,ood,20260921,results/a2po_dual_panda_dynamic_vertical/formal/seed_20260921/checkpoint_best.pt
43000173,controller_only,1,210,1.68,0.06099830696533938,0.06111709400742005,0.061057700486379714,0.06099830696533938,0.0002642260222338184,0.0004796877734718673,0.00037195689785284286,0.0004796877734718673,0.4348335840594047,0.0,0.0,0.0,0.0,6,0.0,0.0,0.0,0.0,0.5,0.6499999761581421,0.6499999761581421,0.8500000238418579,0.8999999761581421,0.8999999761581421,0,SUCCESS,success,ood,20260921,results/a2po_dual_panda_dynamic_vertical/formal/seed_20260921/checkpoint_best.pt
43000174,controller_only,0,1600,12.8,0.0,0.0,0.0,0.0,0.010734199704116642,0.01224908972381063,0.011491644713963637,0.01224908972381063,1.2075905810833796,0.0,0.0,0.0,0.0,0,0.0,0.0,0.0,0.0,0.5,0.6499999761581421,0.6499999761581421,0.8500000238418579,0.8999999761581421,0.8999999761581421,0,FIRST_CONTACT,coarse_alignment,ood,20260921,results/a2po_dual_panda_dynamic_vertical/formal/seed_20260921/checkpoint_best.pt
43000175,controller_only,0,1600,12.8,0.0,0.0,0.0,0.0,0.014181623098681666,0.014584355882521922,0.014382989490601794,0.014584355882521922,1.403102389228993,0.0,0.0,0.0,0.0,0,0.0,0.0,0.0,0.0,0.5,0.6499999761581421,0.6499999761581421,0.8500000238418579,0.8999999761581421,0.8999999761581421,0,FIRST_CONTACT,coarse_alignment,ood,20260921,results/a2po_dual_panda_dynamic_vertical/formal/seed_20260921/checkpoint_best.pt
43000176,controller_only,1,210,1.68,0.06285437795196978,0.06276371014804724,0.0628090440500085,0.06276371014804724,0.0006413856795487834,0.0005630942130045342,0.0006022399462766589,0.0006413856795487834,0.4782980288937029,0.0,0.0,0.0,0.0,5,0.0,0.0,0.0,0.0,0.5,0.6499999761581421,0.6499999761581421,0.8500000238418579,0.8999999761581421,0.8999999761581421,0,SUCCESS,success,ood,20260921,results/a2po_dual_panda_dynamic_vertical/formal/seed_20260921/checkpoint_best.pt
43000177,controller_only,1,382,3.056,0.04387338522692394,0.043813166854361624,0.04384327604064278,0.043813166854361624,0.0008511600159125735,0.0008720441197883872,0.0008616020678504804,0.0008720441197883872,0.3299849593554074,0.0,0.0,0.0,0.0,6,0.0,0.0,0.0,0.0,0.5,0.6499999761581421,0.6499999761581421,0.8500000238418579,0.8999999761581421,0.8999999761581421,0,SUCCESS,success,ood,20260921,results/a2po_dual_panda_dynamic_vertical/formal/seed_20260921/checkpoint_best.pt
43000178,controller_only,0,1600,12.8,0.0,0.0,0.0,0.0,0.01362506222965988,0.013951668808796376,0.013788365519228128,0.013951668808796376,1.3351801473024398,0.0,0.0,0.0,0.0,0,0.0,0.0,0.0,0.0,0.5,0.6499999761581421,0.6499999761581421,0.8500000238418579,0.8999999761581421,0.8999999761581421,0,FIRST_CONTACT,coarse_alignment,ood,20260921,results/a2po_dual_panda_dynamic_vertical/formal/seed_20260921/checkpoint_best.pt
43000179,controller_only,0,1600,12.8,0.0,0.0,0.0,0.0,0.017712423490977697,0.016793343569046066,0.01725288353001188,0.017712423490977697,1.671309186739697,0.0,0.0,0.0,0.0,0,0.0,0.0,0.0,0.0,0.5,0.6499999761581421,0.6499999761581421,0.8500000238418579,0.8999999761581421,0.8999999761581421,0,FIRST_CONTACT,coarse_alignment,ood,20260921,results/a2po_dual_panda_dynamic_vertical/formal/seed_20260921/checkpoint_best.pt
43000180,controller_only,1,301,2.408,0.0387020021172893,0.038615895311866544,0.03865894871457792,0.038615895311866544,0.0006352748422966512,0.0003798609903855333,0.0005075679163410922,0.0006352748422966512,0.5516161660575222,0.0,0.0,0.0,0.0,5,0.0,0.0,0.0,0.0,0.5,0.6499999761581421,0.6499999761581421,0.8500000238418579,0.8999999761581421,0.8999999761581421,0,SUCCESS,success,ood,20260921,results/a2po_dual_panda_dynamic_vertical/formal/seed_20260921/checkpoint_best.pt
43000181,controller_only,0,1600,12.8,0.0,0.0,0.0,0.0,0.012688782557754626,0.013231478054952126,0.012960130306353377,0.013231478054952126,1.3411078423698672,0.0,0.0,0.0,0.0,0,0.0,0.0,0.0,0.0,0.5,0.6499999761581421,0.6499999761581421,0.8500000238418579,0.8999999761581421,0.8999999761581421,0,FIRST_CONTACT,coarse_alignment,ood,20260921,results/a2po_dual_panda_dynamic_vertical/formal/seed_20260921/checkpoint_best.pt
43000182,controller_only,1,219,1.752,0.06318120290720644,0.06340277586937743,0.06329198938829193,0.06318120290720644,0.0006978929281825627,0.0007158314394878802,0.0007068621838352215,0.0007158314394878802,0.32314094601296206,82.58395283807052,0.3770956750596827,11.797707548295788,0.0,7,0.0,0.0,0.0,0.0,0.5,0.6499999761581421,0.6499999761581421,0.8500000238418579,0.8999999761581421,0.8999999761581421,0,SUCCESS,success,ood,20260921,results/a2po_dual_panda_dynamic_vertical/formal/seed_20260921/checkpoint_best.pt
43000183,controller_only,0,1600,12.8,0.0,0.0,0.0,0.0,0.014424934870357634,0.015056882465794761,0.014740908668076197,0.015056882465794761,1.4293493013297123,0.0,0.0,0.0,0.0,0,0.0,0.0,0.0,0.0,0.5,0.6499999761581421,0.6499999761581421,0.8500000238418579,0.8999999761581421,0.8999999761581421,0,FIRST_CONTACT,coarse_alignment,ood,20260921,results/a2po_dual_panda_dynamic_vertical/formal/seed_20260921/checkpoint_best.pt
43000184,controller_only,1,1310,10.48,0.04163819377869711,0.04148769677196587,0.04156294527533149,0.04148769677196587,0.0009933044973342877,0.0009218882626165888,0.0009575963799754383,0.0009933044973342877,0.5256342918040996,0.0,0.0,0.0,0.0,5,0.0,0.0,0.0,0.0,0.5,0.6499999761581421,0.6499999761581421,0.8500000238418579,0.8999999761581421,0.8999999761581421,0,SUCCESS,success,ood,20260921,results/a2po_dual_panda_dynamic_vertical/formal/seed_20260921/checkpoint_best.pt
43000185,controller_only,1,377,3.016,0.04051904844895389,0.0404570146864011,0.040488031567677496,0.0404570146864011,0.0004427324986175781,0.0008027819060901931,0.0006227572023538856,0.0008027819060901931,0.2374240864003133,0.0,0.0,0.0,0.0,6,0.0,0.0,0.0,0.0,0.5,0.6499999761581421,0.6499999761581421,0.8500000238418579,0.8999999761581421,0.8999999761581421,0,SUCCESS,success,ood,20260921,results/a2po_dual_panda_dynamic_vertical/formal/seed_20260921/checkpoint_best.pt
43000186,controller_only,0,1600,12.8,0.0,0.0,0.0,0.0,0.006397156800767995,0.007830366797170954,0.0071137617989694745,0.007830366797170954,0.6822957623864866,0.0,0.0,0.0,0.0,0,0.0,0.0,0.0,0.0,0.5,0.6499999761581421,0.6499999761581421,0.8500000238418579,0.8999999761581421,0.8999999761581421,0,FIRST_CONTACT,contact_alignment,ood,20260921,results/a2po_dual_panda_dynamic_vertical/formal/seed_20260921/checkpoint_best.pt
43000187,controller_only,1,204,1.6320000000000001,0.0689874769868229,0.0687417187554806,0.06886459787115175,0.0687417187554806,0.0007130521709311056,0.0007504221783999276,0.0007317371746655165,0.0007504221783999276,0.6815645857037907,31.23765728284668,0.15312577099434646,6.247531456569336,0.0,5,0.0,0.0,0.0,0.0,0.5,0.6499999761581421,0.6499999761581421,0.8500000238418579,0.8999999761581421,0.8999999761581421,0,SUCCESS,success,ood,20260921,results/a2po_dual_panda_dynamic_vertical/formal/seed_20260921/checkpoint_best.pt
43000188,controller_only,1,307,2.456,0.036294823311439,0.03622910102339555,0.036261962167417276,0.03622910102339555,0.0007056003190521981,0.0007384405513900562,0.0007220204352211271,0.0007384405513900562,0.5982298643588595,22.3937735160447,0.0729438876744127,4.47875470320894,0.0,5,0.0,0.0,0.0,0.0,0.5,0.6499999761581421,0.6499999761581421,0.8500000238418579,0.8999999761581421,0.8999999761581421,0,SUCCESS,success,ood,20260921,results/a2po_dual_panda_dynamic_vertical/formal/seed_20260921/checkpoint_best.pt
43000189,controller_only,0,1600,12.8,0.0,0.0,0.0,0.0,0.010212576066251658,0.011656073956793217,0.010934325011522437,0.011656073956793217,1.0602818779641794,0.0,0.0,0.0,0.0,0,0.0,0.0,0.0,0.0,0.5,0.6499999761581421,0.6499999761581421,0.8500000238418579,0.8999999761581421,0.8999999761581421,0,FIRST_CONTACT,contact_alignment,ood,20260921,results/a2po_dual_panda_dynamic_vertical/formal/seed_20260921/checkpoint_best.pt
43000190,controller_only,0,1600,12.8,0.0,0.0,0.0,0.0,0.008009196504388501,0.0077600040436485536,0.007884600274018527,0.008009196504388501,0.8677483136866717,0.0,0.0,0.0,0.0,0,0.0,0.0,0.0,0.0,0.5,0.6499999761581421,0.6499999761581421,0.8500000238418579,0.8999999761581421,0.8999999761581421,0,FIRST_CONTACT,contact_alignment,ood,20260921,results/a2po_dual_panda_dynamic_vertical/formal/seed_20260921/checkpoint_best.pt
43000191,controller_only,1,1000,8.0,0.04335844048507442,0.043289174025365695,0.04332380725522006,0.043289174025365695,0.00022431146356835342,0.00036642641938559894,0.0002953689414769762,0.00036642641938559894,0.4280361976128607,0.0,0.0,0.0,0.0,5,0.0,0.0,0.0,0.0,0.5,0.6499999761581421,0.6499999761581421,0.8500000238418579,0.8999999761581421,0.8999999761581421,0,SUCCESS,success,ood,20260921,results/a2po_dual_panda_dynamic_vertical/formal/seed_20260921/checkpoint_best.pt
43000192,controller_only,1,382,3.056,0.04108698876544209,0.041047293028219134,0.04106714089683061,0.041047293028219134,0.0006423617609139533,0.0007314174612508149,0.0006868896110823841,0.0007314174612508149,0.23782808460046287,0.0,0.0,0.0,0.0,6,0.0,0.0,0.0,0.0,0.5,0.6499999761581421,0.6499999761581421,0.8500000238418579,0.8999999761581421,0.8999999761581421,0,SUCCESS,success,ood,20260921,results/a2po_dual_panda_dynamic_vertical/formal/seed_20260921/checkpoint_best.pt
43000193,controller_only,1,424,3.392,0.043488856590906594,0.0435701668466732,0.043529511718789896,0.043488856590906594,0.0009414670459780532,0.000809125002403355,0.0008752960241907041,0.0009414670459780532,0.1556447124742344,0.0,0.0,0.0,0.0,5,0.0,0.0,0.0,0.0,0.5,0.6499999761581421,0.6499999761581421,0.8500000238418579,0.8999999761581421,0.8999999761581421,0,SUCCESS,success,ood,20260921,results/a2po_dual_panda_dynamic_vertical/formal/seed_20260921/checkpoint_best.pt
43000194,controller_only,1,293,2.344,0.036857907842170856,0.03650755379406623,0.03668273081811854,0.03650755379406623,0.0003353961395208223,0.0002514260100580513,0.00029341107478943684,0.0003353961395208223,0.6160971229181414,0.0,0.0,0.0,0.0,4,0.0,0.0,0.0,0.0,0.5,0.6499999761581421,0.6499999761581421,0.8500000238418579,0.8999999761581421,0.8999999761581421,0,SUCCESS,success,ood,20260921,results/a2po_dual_panda_dynamic_vertical/formal/seed_20260921/checkpoint_best.pt
43000195,controller_only,0,1600,12.8,0.0,0.0,0.0,0.0,0.005673294938152996,0.005210767417340493,0.005442031177746744,0.005673294938152996,0.6049415045569744,0.0,0.0,0.0,0.0,0,0.0,0.0,0.0,0.0,0.5,0.6499999761581421,0.6499999761581421,0.8500000238418579,0.8999999761581421,0.8999999761581421,0,FIRST_CONTACT,contact_alignment,ood,20260921,results/a2po_dual_panda_dynamic_vertical/formal/seed_20260921/checkpoint_best.pt
43000196,controller_only,0,1600,12.8,0.041554430300269535,0.04158120816107794,0.041567819230673736,0.041554430300269535,0.0007143322594772084,0.0012588027977247411,0.0009865675286009749,0.0012588027977247411,0.42109131674811673,0.0,0.0,0.0,0.0,6,0.0,0.0,0.0,0.0,0.5,0.6499999761581421,0.6499999761581421,0.8500000238418579,0.8999999761581421,0.8999999761581421,0,INSERTION,lateral_tolerance,ood,20260921,results/a2po_dual_panda_dynamic_vertical/formal/seed_20260921/checkpoint_best.pt
43000197,controller_only,0,1600,12.8,0.0,0.0,0.0,0.0,0.015338180990650813,0.016900888494287322,0.016119534742469067,0.016900888494287322,1.5232046570449316,0.0,0.0,0.0,0.0,0,0.0,0.0,0.0,0.0,0.5,0.6499999761581421,0.6499999761581421,0.8500000238418579,0.8999999761581421,0.8999999761581421,0,FIRST_CONTACT,coarse_alignment,ood,20260921,results/a2po_dual_panda_dynamic_vertical/formal/seed_20260921/checkpoint_best.pt
43000198,controller_only,1,205,1.6400000000000001,0.062439781292101995,0.06248719567301177,0.06246348848255688,0.062439781292101995,0.0006218455199008055,0.0006550689949061672,0.0006384572574034864,0.0006550689949061672,0.5340123101048566,0.0,0.0,0.0,0.0,5,0.0,0.0,0.0,0.0,0.5,0.6499999761581421,0.6499999761581421,0.8500000238418579,0.8999999761581421,0.8999999761581421,0,SUCCESS,success,ood,20260921,results/a2po_dual_panda_dynamic_vertical/formal/seed_20260921/checkpoint_best.pt
43000199,controller_only,1,317,2.536,0.03672188389364309,0.03630030537533471,0.0365110946344889,0.03630030537533471,0.0004950946085180511,0.0008198608584815021,0.0006574777334997766,0.0008198608584815021,0.7023658506689512,54.63420374862029,0.17234764589470122,9.105700624770048,0.0,6,0.0,0.0,0.0,0.0,0.5,0.6499999761581421,0.6499999761581421,0.8500000238418579,0.8999999761581421,0.8999999761581421,0,SUCCESS,success,ood,20260921,results/a2po_dual_panda_dynamic_vertical/formal/seed_20260921/checkpoint_best.pt
