episode,step,stage,stage_index,success,contact,jamming,Kx,Ky,Kz,Krx,Kry,Krz,Dx,Dy,Dz,Drx,Dry,Drz,internal_force_N,grasp_capacity_N,grasp_load_N,grasp_margin_N,Fx,Fy,Fz,Tx,Ty,Tz,peg1_lateral_error,peg2_lateral_error,peg1_depth,peg2_depth,relative_position_error,relative_orientation_error,agent1_action,impedance_action
20260831,0,INITIALIZATION,0,0,0,0,1.0,1.0,1.0,1.0,1.0,1.0,1.0,1.0,1.0,1.0,1.0,1.0,0.0,0.0,0.0,0.0,0.0,0.0,0.0,0.0,0.0,0.0,0.0,0.0,0.0,0.0,0.0,0.0,"[0.0, 0.0, 0.0, 0.0, 1.0858903447181486e-18, 0.0]","[0.5, 0.6499999761581421, 0.6499999761581421, 0.8500000238418579, 0.8999999761581421, 0.8999999761581421, 0.6499999761581421]"
20260831,1,INITIALIZATION,0,0,0,0,1.0,1.0,1.0,1.0,1.0,1.0,1.0,1.0,1.0,1.0,1.0,1.0,0.0,0.0,0.0,0.0,0.0,0.0,0.0,0.0,0.0,0.0,0.0,0.0,0.0,0.0,0.0,0.0,"[0.0, 0.0, -0.015696000307798386, 0.0, 1.0858903447181486e-18, 0.0]","[0.5, 0.6499999761581421, 0.6499999761581421, 0.8500000238418579, 0.8999999761581421, 0.8999999761581421, 0.6499999761581421]"
20260831,2,INITIALIZATION,0,0,0,0,1.0,1.0,1.0,1.0,1.0,1.0,1.0,1.0,1.0,1.0,1.0,1.0,0.0,0.0,0.0,0.0,0.0,0.0,0.0,0.0,0.0,0.0,0.0,0.0,0.0,0.0,0.0,0.0,"[0.0, 0.0, -0.0732479989528656, 0.0, 1.0858903447181486e-18, 0.0]","[0.5, 0.6499999761581421, 0.6499999761581421, 0.8500000238418579, 0.8999999761581421, 0.8999999761581421, 0.6499999761581421]"
20260831,3,INITIALIZATION,0,0,0,0,1.0,1.0,1.0,1.0,1.0,1.0,1.0,1.0,1.0,1.0,1.0,1.0,0.0,0.0,0.0,0.0,0.0,0.0,0.0,0.0,0.0,0.0,0.0,0.0,0.0,0.0,0.0,0.0,"[0.0, 0.0, -0.17265599966049194, 0.0, 1.0858903447181486e-18, 0.0]","[0.5, 0.6499999761581421, 0.6499999761581421, 0.8500000238418579, 0.8999999761581421, 0.8999999761581421, 0.6499999761581421]"
20260831,4,INITIALIZATION,0,0,0,0,1.0,1.0,1.0,1.0,1.0,1.0,1.0,1.0,1.0,1.0,1.0,1.0,0.0,0.0,0.0,0.0,0.0,0.0,0.0,0.0,0.0,0.0,0.0,0.0,0.0,0.0,0.0,0.0,"[0.0, 0.0, -0.3139199912548065, 0.0, 1.0858903447181486e-18, 0.0]","[0.5, 0.6499999761581421, 0.6499999761581421, 0.8500000238418579, 0.8999999761581421, 0.8999999761581421, 0.6499999761581421]"
20260831,5,INITIALIZATION,0,0,0,0,1.0,1.0,1.0,1.0,1.0,1.0,1.0,1.0,1.0,1.0,1.0,1.0,0.0,0.0,0.0,0.0,0.0,0.0,0.0,0.0,0.0,0.0,0.0,0.0,0.0,0.0,0.0,0.0,"[-0.0020007709972560406, 0.018216144293546677, -0.3751440942287445, -0.10314588993787766, -0.011700404807925224, -0.00017324445070698857]","[0.5, 0.6499999761581421, 0.6499999761581421, 0.8500000238418579, 0.8999999761581421, 0.8999999761581421, 0.6499999761581421]"
20260831,6,INITIALIZATION,0,0,0,0,1.0,1.0,1.0,1.0,1.0,1.0,1.0,1.0,1.0,1.0,1.0,1.0,0.0,0.0,0.0,0.0,0.0,0.0,0.0,0.0,0.0,0.0,0.0,0.0,0.0,0.0,0.0,0.0,"[-0.0028106586541980505, 0.044299934059381485, -0.3845253586769104, -0.24785663187503815, -0.016647784039378166, -0.00041318638250231743]","[0.5, 0.6499999761581421, 0.6499999761581421, 0.8500000238418579, 0.8999999761581421, 0.8999999761581421, 0.6499999761581421]"
20260831,7,INITIALIZATION,0,0,0,0,1.0,1.0,1.0,1.0,1.0,1.0,1.0,1.0,1.0,1.0,1.0,1.0,0.0,0.0,0.0,0.0,0.0,0.0,0.0,0.0,0.0,0.0,0.0,0.0,0.0,0.0,0.0,0.0,"[-0.004091364797204733, 0.06458348780870438, -0.3613732159137726, -0.359434574842453, -0.024209966883063316, -0.0007215715595521033]","[0.5, 0.6499999761581421, 0.6499999761581421, 0.8500000238418579, 0.8999999761581421, 0.8999999761581421, 0.6499999761581421]"
20260831,8,INITIALIZATION,0,0,0,0,1.0,1.0,1.0,1.0,1.0,1.0,1.0,1.0,1.0,1.0,1.0,1.0,0.0,0.0,0.0,0.0,0.0,0.0,0.0,0.0,0.0,0.0,0.0,0.0,0.0,0.0,0.0,0.0,"[-0.0037489940878003836, 0.0776229277253151, -0.3311113119125366, -0.4299299716949463, -0.022604024037718773, -0.0007840790785849094]","[0.5, 0.6499999761581421, 0.6499999761581421, 0.8500000238418579, 0.8999999761581421, 0.8999999761581421, 0.6499999761581421]"
20260831,9,INITIALIZATION,0,0,0,0,1.0,1.0,1.0,1.0,1.0,1.0,1.0,1.0,1.0,1.0,1.0,1.0,0.0,0.0,0.0,0.0,0.0,0.0,0.0,0.0,0.0,0.0,0.0,0.0,0.0,0.0,0.0,0.0,"[-0.0035440667998045683, 0.0862245261669159, -0.3126443028450012, -0.47546082735061646, -0.021731076762080193, -0.0008239270537160337]","[0.5, 0.6499999761581421, 0.6499999761581421, 0.8500000238418579, 0.8999999761581421, 0.8999999761581421, 0.6499999761581421]"
20260831,10,INITIALIZATION,0,0,0,0,1.0,1.0,1.0,1.0,1.0,1.0,1.0,1.0,1.0,1.0,1.0,1.0,0.0,0.0,0.0,0.0,0.0,0.0,0.0,0.0,0.0,0.0,0.0,0.0,0.0,0.0,0.0,0.0,"[-0.003445517737418413, 0.09003525227308273, -0.3045419156551361, -0.4950549900531769, -0.021311378106474876, -0.0008384871180169284]","[0.5, 0.6499999761581421, 0.6499999761581421, 0.8500000238418579, 0.8999999761581421, 0.8999999761581421, 0.6499999761581421]"
20260831,11,INITIALIZATION,0,0,0,0,1.0,1.0,1.0,1.0,1.0,1.0,1.0,1.0,1.0,1.0,1.0,1.0,0.0,0.0,0.0,0.0,0.0,0.0,0.0,0.0,0.0,0.0,0.0,0.0,0.0,0.0,0.0,0.0,"[-0.003412392223253846, 0.08882635086774826, -0.3058304488658905, -0.48801618814468384, -0.02111116424202919, -0.0008212444954551756]","[0.5, 0.6499999761581421, 0.6499999761581421, 0.8500000238418579, 0.8999999761581421, 0.8999999761581421, 0.6499999761581421]"
20260831,12,INITIALIZATION,0,0,0,0,1.0,1.0,1.0,1.0,1.0,1.0,1.0,1.0,1.0,1.0,1.0,1.0,0.0,0.0,0.0,0.0,0.0,0.0,0.0,0.0,0.0,0.0,0.0,0.0,0.0,0.0,0.0,0.0,"[-0.003423658898100257, 0.08253055065870285, -0.31608542799949646, -0.4539756774902344, -0.021016543731093407, -0.0007682379800826311]","[0.5, 0.6499999761581421, 0.6499999761581421, 0.8500000238418579, 0.8999999761581421, 0.8999999761581421, 0.6499999761581421]"
20260831,13,INITIALIZATION,0,0,0,0,1.0,1.0,1.0,1.0,1.0,1.0,1.0,1.0,1.0,1.0,1.0,1.0,0.0,0.0,0.0,0.0,0.0,0.0,0.0,0.0,0.0,0.0,0.0,0.0,0.0,0.0,0.0,0.0,"[-0.0034685912542045116, 0.07120492309331894, -0.3351925313472748, -0.392692506313324, -0.020972823724150658, -0.0006772306514903903]","[0.5, 0.6499999761581421, 0.6499999761581421, 0.8500000238418579, 0.8999999761581421, 0.8999999761581421, 0.6499999761581421]"
20260831,14,INITIALIZATION,0,0,0,0,1.0,1.0,1.0,1.0,1.0,1.0,1.0,1.0,1.0,1.0,1.0,1.0,0.0,0.0,0.0,0.0,0.0,0.0,0.0,0.0,0.0,0.0,0.0,0.0,0.0,0.0,0.0,0.0,"[-0.003541331272572279, 0.055013738572597504, -0.363224059343338, -0.3039547801017761, -0.020953582599759102, -0.0005469400202855468]","[0.5, 0.6499999761581421, 0.6499999761581421, 0.8500000238418579, 0.8999999761581421, 0.8999999761581421, 0.6499999761581421]"
20260831,15,INITIALIZATION,0,0,0,0,1.0,1.0,1.0,1.0,1.0,1.0,1.0,1.0,1.0,1.0,1.0,1.0,0.0,0.0,0.0,0.0,0.0,0.0,0.0,0.0,0.0,0.0,0.0,0.0,0.0,0.0,0.0,0.0,"[-0.003623456694185734, 0.037391699850559235, -0.37663379311561584, -0.2065037488937378, -0.02094750851392746, -0.0004044025845360011]","[0.5, 0.6499999761581421, 0.6499999761581421, 0.8500000238418579, 0.8999999761581421, 0.8999999761581421, 0.6499999761581421]"
20260831,16,INITIALIZATION,0,0,0,0,1.0,1.0,1.0,1.0,1.0,1.0,1.0,1.0,1.0,1.0,1.0,1.0,0.0,0.0,0.0,0.0,0.0,0.0,0.0,0.0,0.0,0.0,0.0,0.0,0.0,0.0,0.0,0.0,"[-0.0036811421159654856, 0.025279615074396133, -0.35830485820770264, -0.1400480717420578, -0.02094961330294609, -0.0003073693660553545]","[0.5, 0.6499999761581421, 0.6499999761581421, 0.8500000238418579, 0.8999999761581421, 0.8999999761581421, 0.6499999761581421]"
20260831,17,INITIALIZATION,0,0,0,0,1.0,1.0,1.0,1.0,1.0,1.0,1.0,1.0,1.0,1.0,1.0,1.0,0.0,0.0,0.0,0.0,0.0,0.0,0.0,0.0,0.0,0.0,0.0,0.0,0.0,0.0,0.0,0.0,"[-0.0037250767927616835, 0.016070695593953133, -0.3455048203468323, -0.0900031328201294, -0.02095128409564495, -0.00023428935674019158]","[0.5, 0.6499999761581421, 0.6499999761581421, 0.8500000238418579, 0.8999999761581421, 0.8999999761581421, 0.6499999761581421]"
20260831,18,INITIALIZATION,0,0,0,0,1.0,1.0,1.0,1.0,1.0,1.0,1.0,1.0,1.0,1.0,1.0,1.0,0.0,0.0,0.0,0.0,0.0,0.0,0.0,0.0,0.0,0.0,0.0,0.0,0.0,0.0,0.0,0.0,"[-0.0037548858672380447, 0.009818156249821186, -0.3377828299999237, -0.05641186982393265, -0.020952200517058372, -0.00018524430925026536]","[0.5, 0.6499999761581421, 0.6499999761581421, 0.8500000238418579, 0.8999999761581421, 0.8999999761581421, 0.6499999761581421]"
20260831,19,INITIALIZATION,0,0,0,0,1.0,1.0,1.0,1.0,1.0,1.0,1.0,1.0,1.0,1.0,1.0,1.0,0.0,0.0,0.0,0.0,0.0,0.0,0.0,0.0,0.0,0.0,0.0,0.0,0.0,0.0,0.0,0.0,"[-0.003770008683204651, 0.006647338625043631, -0.33400487899780273, -0.03966118022799492, -0.020952679216861725, -0.00016080201021395624]","[0.5, 0.6499999761581421, 0.6499999761581421, 0.8500000238418579, 0.8999999761581421, 0.8999999761581421, 0.6499999761581421]"
20260831,20,INITIALIZATION,0,0,0,0,1.0,1.0,1.0,1.0,1.0,1.0,1.0,1.0,1.0,1.0,1.0,1.0,0.0,0.0,0.0,0.0,0.0,0.0,0.0,0.0,0.0,0.0,0.0,0.0,0.0,0.0,0.0,0.0,"[-0.0037701569963246584, 0.006621906533837318, -0.3336063325405121, -0.03994041308760643, -0.020952848717570305, -0.00016123747627716511]","[0.5, 0.6499999761581421, 0.6499999761581421, 0.8500000238418579, 0.8999999761581421, 0.8999999761581421, 0.6499999761581421]"
20260831,21,INITIALIZATION,0,0,0,0,1.0,1.0,1.0,1.0,1.0,1.0,1.0,1.0,1.0,1.0,1.0,1.0,0.0,0.0,0.0,0.0,0.0,0.0,0.0,0.0,0.0,0.0,0.0,0.0,0.0,0.0,0.0,0.0,"[-0.0037552134599536657, 0.00976732186973095, -0.3363345265388489, -0.057359494268894196, -0.020952725782990456, -0.00018670900317374617]","[0.5, 0.6499999761581421, 0.6499999761581421, 0.8500000238418579, 0.8999999761581421, 0.8999999761581421, 0.6499999761581421]"
20260831,22,INITIALIZATION,0,0,0,0,1.0,1.0,1.0,1.0,1.0,1.0,1.0,1.0,1.0,1.0,1.0,1.0,0.0,0.0,0.0,0.0,0.0,0.0,0.0,0.0,0.0,0.0,0.0,0.0,0.0,0.0,0.0,0.0,"[-0.0037251762114465237, 0.016084494069218636, -0.3421010375022888, -0.09201496094465256, -0.020952261984348297, -0.00023735532886348665]","[0.5, 0.6499999761581421, 0.6499999761581421, 0.8500000238418579, 0.8999999761581421, 0.8999999761581421, 0.6499999761581421]"
20260831,23,INITIALIZATION,0,0,0,0,1.0,1.0,1.0,1.0,1.0,1.0,1.0,1.0,1.0,1.0,1.0,1.0,0.0,0.0,0.0,0.0,0.0,0.0,0.0,0.0,0.0,0.0,0.0,0.0,0.0,0.0,0.0,0.0,"[-0.00368013558909297, 0.025555677711963654, -0.3509112298488617, -0.1440209448337555, -0.02095136046409607, -0.000313340948196128]","[0.5, 0.6499999761581421, 0.6499999761581421, 0.8500000238418579, 0.8999999761581421, 0.8999999761581421, 0.6499999761581421]"
20260831,24,INITIALIZATION,0,0,0,0,1.0,1.0,1.0,1.0,1.0,1.0,1.0,1.0,1.0,1.0,1.0,1.0,0.0,0.0,0.0,0.0,0.0,0.0,0.0,0.0,0.0,0.0,0.0,0.0,0.0,0.0,0.0,0.0,"[-0.003620266215875745, 0.03814635053277016, -0.3628309667110443, -0.21352343261241913, -0.020949892699718475, -0.00041487705311737955]","[0.5, 0.6499999761581421, 0.6499999761581421, 0.8500000238418579, 0.8999999761581421, 0.8999999761581421, 0.6499999761581421]"
20260831,25,INITIALIZATION,0,0,0,0,1.0,1.0,1.0,1.0,1.0,1.0,1.0,1.0,1.0,1.0,1.0,1.0,0.0,0.0,0.0,0.0,0.0,0.0,0.0,0.0,0.0,0.0,0.0,0.0,0.0,0.0,0.0,0.0,"[-0.0035516894422471523, 0.05248694494366646, -0.37243011593818665, -0.29285717010498047, -0.020945558324456215, -0.0005307580577209592]","[0.5, 0.6499999761581421, 0.6499999761581421, 0.8500000238418579, 0.8999999761581421, 0.8999999761581421, 0.6499999761581421]"
20260831,26,INITIALIZATION,0,0,0,0,1.0,1.0,1.0,1.0,1.0,1.0,1.0,1.0,1.0,1.0,1.0,1.0,0.0,0.0,0.0,0.0,0.0,0.0,0.0,0.0,0.0,0.0,0.0,0.0,0.0,0.0,0.0,0.0,"[-0.003519761376082897, 0.05898243188858032, -0.35999760031700134, -0.32778459787368774, -0.02093867026269436, -0.0005816883640363812]","[0.5, 0.6499999761581421, 0.6499999761581421, 0.8500000238418579, 0.8999999761581421, 0.8999999761581421, 0.6499999761581421]"
20260831,27,INITIALIZATION,0,0,0,0,1.0,1.0,1.0,1.0,1.0,1.0,1.0,1.0,1.0,1.0,1.0,1.0,0.0,0.0,0.0,0.0,0.0,0.0,0.0,0.0,0.0,0.0,0.0,0.0,0.0,0.0,0.0,0.0,"[-0.003512892872095108, 0.060306910425424576, -0.35561874508857727, -0.3344130218029022, -0.020935378968715668, -0.000591305666603148]","[0.5, 0.6499999761581421, 0.6499999761581421, 0.8500000238418579, 0.8999999761581421, 0.8999999761581421, 0.6499999761581421]"
20260831,28,INITIALIZATION,0,0,0,0,1.0,1.0,1.0,1.0,1.0,1.0,1.0,1.0,1.0,1.0,1.0,1.0,0.0,0.0,0.0,0.0,0.0,0.0,0.0,0.0,0.0,0.0,0.0,0.0,0.0,0.0,0.0,0.0,"[-0.003529578447341919, 0.05673792213201523, -0.3609447479248047, -0.31413617730140686, -0.020934484899044037, -0.0005616326234303415]","[0.5, 0.6499999761581421, 0.6499999761581421, 0.8500000238418579, 0.8999999761581421, 0.8999999761581421, 0.6499999761581421]"
20260831,29,INITIALIZATION,0,0,0,0,1.0,1.0,1.0,1.0,1.0,1.0,1.0,1.0,1.0,1.0,1.0,1.0,0.0,0.0,0.0,0.0,0.0,0.0,0.0,0.0,0.0,0.0,0.0,0.0,0.0,0.0,0.0,0.0,"[-0.0035697645507752895, 0.048255085945129395, -0.3755784332752228, -0.2665407061576843, -0.0209350548684597, -0.000492046819999814]","[0.5, 0.6499999761581421, 0.6499999761581421, 0.8500000238418579, 0.8999999761581421, 0.8999999761581421, 0.6499999761581421]"
20260831,30,INITIALIZATION,0,0,0,0,1.0,1.0,1.0,1.0,1.0,1.0,1.0,1.0,1.0,1.0,1.0,1.0,0.0,0.0,0.0,0.0,0.0,0.0,0.0,0.0,0.0,0.0,0.0,0.0,0.0,0.0,0.0,0.0,"[-0.003601091681048274, 0.04182743653655052, -0.37048983573913574, -0.23139645159244537, -0.020940424874424934, -0.00044083711691200733]","[0.5, 0.6499999761581421, 0.6499999761581421, 0.8500000238418579, 0.8999999761581421, 0.8999999761581421, 0.6499999761581421]"
20260831,31,INITIALIZATION,0,0,0,0,1.0,1.0,1.0,1.0,1.0,1.0,1.0,1.0,1.0,1.0,1.0,1.0,0.0,0.0,0.0,0.0,0.0,0.0,0.0,0.0,0.0,0.0,0.0,0.0,0.0,0.0,0.0,0.0,"[-0.0036157777067273855, 0.03886396065354347, -0.36539724469184875, -0.21540245413780212, -0.020944105461239815, -0.0004175558569841087]","[0.5, 0.6499999761581421, 0.6499999761581421, 0.8500000238418579, 0.8999999761581421, 0.8999999761581421, 0.6499999761581421]"
20260831,32,INITIALIZATION,0,0,0,0,1.0,1.0,1.0,1.0,1.0,1.0,1.0,1.0,1.0,1.0,1.0,1.0,0.0,0.0,0.0,0.0,0.0,0.0,0.0,0.0,0.0,0.0,0.0,0.0,0.0,0.0,0.0,0.0,"[-0.0036154617555439472, 0.03900854289531708, -0.364431232213974, -0.21662285923957825, -0.020946133881807327, -0.0004193985369056463]","[0.5, 0.6499999761581421, 0.6499999761581421, 0.8500000238418579, 0.8999999761581421, 0.8999999761581421, 0.6499999761581421]"
20260831,33,INITIALIZATION,0,0,0,0,1.0,1.0,1.0,1.0,1.0,1.0,1.0,1.0,1.0,1.0,1.0,1.0,0.0,0.0,0.0,0.0,0.0,0.0,0.0,0.0,0.0,0.0,0.0,0.0,0.0,0.0,0.0,0.0,"[-0.0035999028477817774, 0.04230411350727081, -0.3671056032180786, -0.2352810651063919, -0.020946290343999863, -0.0004466961254365742]","[0.5, 0.6499999761581421, 0.6499999761581421, 0.8500000238418579, 0.8999999761581421, 0.8999999761581421, 0.6499999761581421]"
20260831,34,INITIALIZATION,0,0,0,0,1.0,1.0,1.0,1.0,1.0,1.0,1.0,1.0,1.0,1.0,1.0,1.0,0.0,0.0,0.0,0.0,0.0,0.0,0.0,0.0,0.0,0.0,0.0,0.0,0.0,0.0,0.0,0.0,"[-0.0035692036617547274, 0.04876556247472763, -0.37314853072166443, -0.2715610861778259, -0.02094549499452114, -0.0004997315700165927]","[0.5, 0.6499999761581421, 0.6499999761581421, 0.8500000238418579, 0.8999999761581421, 0.8999999761581421, 0.6499999761581421]"
20260831,35,INITIALIZATION,0,0,0,0,1.0,1.0,1.0,1.0,1.0,1.0,1.0,1.0,1.0,1.0,1.0,1.0,0.0,0.0,0.0,0.0,0.0,0.0,0.0,0.0,0.0,0.0,0.0,0.0,0.0,0.0,0.0,0.0,"[-0.0035565216094255447, 0.05124439299106598, -0.3710903823375702, -0.28447282314300537, -0.020940018817782402, -0.0005185100599192083]","[0.5, 0.6499999761581421, 0.6499999761581421, 0.8500000238418579, 0.8999999761581421, 0.8999999761581421, 0.6499999761581421]"
20260831,36,INITIALIZATION,0,0,0,0,1.0,1.0,1.0,1.0,1.0,1.0,1.0,1.0,1.0,1.0,1.0,1.0,0.0,0.0,0.0,0.0,0.0,0.0,0.0,0.0,0.0,0.0,0.0,0.0,0.0,0.0,0.0,0.0,"[-0.003567068837583065, 0.04893965274095535, -0.3738166093826294, -0.2711890935897827, -0.020938245579600334, -0.0004990640445612371]","[0.5, 0.6499999761581421, 0.6499999761581421, 0.8500000238418579, 0.8999999761581421, 0.8999999761581421, 0.6499999761581421]"
20260831,37,INITIALIZATION,0,0,0,0,1.0,1.0,1.0,1.0,1.0,1.0,1.0,1.0,1.0,1.0,1.0,1.0,0.0,0.0,0.0,0.0,0.0,0.0,0.0,0.0,0.0,0.0,0.0,0.0,0.0,0.0,0.0,0.0,"[-0.003569432534277439, 0.048480380326509476, -0.37322327494621277, -0.2689456343650818, -0.020939365029335022, -0.0004958352656103671]","[0.5, 0.6499999761581421, 0.6499999761581421, 0.8500000238418579, 0.8999999761581421, 0.8999999761581421, 0.6499999761581421]"
20260831,38,INITIALIZATION,0,0,0,0,1.0,1.0,1.0,1.0,1.0,1.0,1.0,1.0,1.0,1.0,1.0,1.0,0.0,0.0,0.0,0.0,0.0,0.0,0.0,0.0,0.0,0.0,0.0,0.0,0.0,0.0,0.0,0.0,"[-0.00356774078682065, 0.048765070736408234, -0.37288379669189453, -0.27054736018180847, -0.02093743532896042, -0.0004981422680430114]","[0.5, 0.6499999761581421, 0.6499999761581421, 0.8500000238418579, 0.8999999761581421, 0.8999999761581421, 0.6499999761581421]"
20260831,39,INITIALIZATION,0,0,0,0,1.0,1.0,1.0,1.0,1.0,1.0,1.0,1.0,1.0,1.0,1.0,1.0,0.0,0.0,0.0,0.0,0.0,0.0,0.0,0.0,0.0,0.0,0.0,0.0,0.0,0.0,0.0,0.0,"[-0.0035667724441736937, 0.04893128573894501, -0.3727147579193115, -0.27146416902542114, -0.020936427637934685, -0.0004994639311917126]","[0.5, 0.6499999761581421, 0.6499999761581421, 0.8500000238418579, 0.8999999761581421, 0.8999999761581421, 0.6499999761581421]"
20260831,40,INITIALIZATION,0,0,0,0,1.0,1.0,1.0,1.0,1.0,1.0,1.0,1.0,1.0,1.0,1.0,1.0,0.0,0.0,0.0,0.0,0.0,0.0,0.0,0.0,0.0,0.0,0.0,0.0,0.0,0.0,0.0,0.0,"[-0.0035663216840475798, 0.04900801181793213, -0.37263575196266174, -0.27188625931739807, -0.020935943350195885, -0.0005000719684176147]","[0.5, 0.6499999761581421, 0.6499999761581421, 0.8500000238418579, 0.8999999761581421, 0.8999999761581421, 0.6499999761581421]"
20260831,41,INITIALIZATION,0,0,0,0,1.0,1.0,1.0,1.0,1.0,1.0,1.0,1.0,1.0,1.0,1.0,1.0,0.0,0.0,0.0,0.0,0.0,0.0,0.0,0.0,0.0,0.0,0.0,0.0,0.0,0.0,0.0,0.0,"[-0.003566117724403739, 0.049042243510484695, -0.3725993037223816, -0.27207452058792114, -0.02093571238219738, -0.000500342866871506]","[0.5, 0.6499999761581421, 0.6499999761581421, 0.8500000238418579, 0.8999999761581421, 0.8999999761581421, 0.6499999761581421]"
20260831,42,INITIALIZATION,0,0,0,0,1.0,1.0,1.0,1.0,1.0,1.0,1.0,1.0,1.0,1.0,1.0,1.0,0.0,0.0,0.0,0.0,0.0,0.0,0.0,0.0,0.0,0.0,0.0,0.0,0.0,0.0,0.0,0.0,"[-0.0035660257562994957, 0.049057431519031525, -0.37258246541023254, -0.2721579968929291, -0.020935600623488426, -0.0005004628328606486]","[0.5, 0.6499999761581421, 0.6499999761581421, 0.8500000238418579, 0.8999999761581421, 0.8999999761581421, 0.6499999761581421]"
20260831,43,INITIALIZATION,0,0,0,0,1.0,1.0,1.0,1.0,1.0,1.0,1.0,1.0,1.0,1.0,1.0,1.0,0.0,0.0,0.0,0.0,0.0,0.0,0.0,0.0,0.0,0.0,0.0,0.0,0.0,0.0,0.0,0.0,"[-0.0035659843124449253, 0.04906415939331055, -0.37257471680641174, -0.2721950113773346, -0.020935548469424248, -0.0005005159182474017]","[0.5, 0.6499999761581421, 0.6499999761581421, 0.8500000238418579, 0.8999999761581421, 0.8999999761581421, 0.6499999761581421]"
20260831,44,INITIALIZATION,0,0,0,0,1.0,1.0,1.0,1.0,1.0,1.0,1.0,1.0,1.0,1.0,1.0,1.0,0.0,0.0,0.0,0.0,0.0,0.0,0.0,0.0,0.0,0.0,0.0,0.0,0.0,0.0,0.0,0.0,"[-0.0035659654531627893, 0.049067139625549316, -0.37257111072540283, -0.2722114026546478, -0.02093552239239216, -0.0005005393759347498]","[0.5, 0.6499999761581421, 0.6499999761581421, 0.8500000238418579, 0.8999999761581421, 0.8999999761581421, 0.6499999761581421]"
20260831,45,INITIALIZATION,0,0,0,0,1.0,1.0,1.0,1.0,1.0,1.0,1.0,1.0,1.0,1.0,1.0,1.0,0.0,0.0,0.0,0.0,0.0,0.0,0.0,0.0,0.0,0.0,0.0,0.0,0.0,0.0,0.0,0.0,"[-0.003565957071259618, 0.04906845837831497, -0.3725694715976715, -0.27221864461898804, -0.020935509353876114, -0.0005005497368983924]","[0.5, 0.6499999761581421, 0.6499999761581421, 0.8500000238418579, 0.8999999761581421, 0.8999999761581421, 0.6499999761581421]"
20260831,46,INITIALIZATION,0,0,0,0,1.0,1.0,1.0,1.0,1.0,1.0,1.0,1.0,1.0,1.0,1.0,1.0,0.0,0.0,0.0,0.0,0.0,0.0,0.0,0.0,0.0,0.0,0.0,0.0,0.0,0.0,0.0,0.0,"[-0.0035659531131386757, 0.04906904324889183, -0.37256869673728943, -0.2722218632698059, -0.020935503765940666, -0.0005005542770959437]","[0.5, 0.6499999761581421, 0.6499999761581421, 0.8500000238418579, 0.8999999761581421, 0.8999999761581421, 0.6499999761581421]"
20260831,47,INITIALIZATION,0,0,0,0,1.0,1.0,1.0,1.0,1.0,1.0,1.0,1.0,1.0,1.0,1.0,1.0,0.0,0.0,0.0,0.0,0.0,0.0,0.0,0.0,0.0,0.0,0.0,0.0,0.0,0.0,0.0,0.0,"[-0.00356595148332417, 0.04906930401921272, -0.3725683391094208, -0.2722232937812805, -0.020935501903295517, -0.0005005563143640757]","[0.5, 0.6499999761581421, 0.6499999761581421, 0.8500000238418579, 0.8999999761581421, 0.8999999761581421, 0.6499999761581421]"
20260831,48,INITIALIZATION,0,0,0,0,1.0,1.0,1.0,1.0,1.0,1.0,1.0,1.0,1.0,1.0,1.0,1.0,0.0,0.0,0.0,0.0,0.0,0.0,0.0,0.0,0.0,0.0,0.0,0.0,0.0,0.0,0.0,0.0,"[-0.0035659505520015955, 0.049069419503211975, -0.37256819009780884, -0.27222391963005066, -0.020935500040650368, -0.0005005571874789894]","[0.5, 0.6499999761581421, 0.6499999761581421, 0.8500000238418579, 0.8999999761581421, 0.8999999761581421, 0.6499999761581421]"
20260831,49,INITIALIZATION,0,0,0,0,1.0,1.0,1.0,1.0,1.0,1.0,1.0,1.0,1.0,1.0,1.0,1.0,0.0,0.0,0.0,0.0,0.0,0.0,0.0,0.0,0.0,0.0,0.0,0.0,0.0,0.0,0.0,0.0,"[-0.003565950319170952, 0.049069467931985855, -0.3725681006908417, -0.27222418785095215, -0.020935500040650368, -0.0005005575949326158]","[0.5, 0.6499999761581421, 0.6499999761581421, 0.8500000238418579, 0.8999999761581421, 0.8999999761581421, 0.6499999761581421]"
20260831,50,INITIALIZATION,0,0,0,0,1.0,1.0,1.0,1.0,1.0,1.0,1.0,1.0,1.0,1.0,1.0,1.0,0.0,0.0,0.0,0.0,0.0,0.0,0.0,0.0,0.0,0.0,0.0,0.0,0.0,0.0,0.0,0.0,"[-0.003565950086340308, 0.049069490283727646, -0.3725680708885193, -0.2722243070602417, -0.020935500040650368, -0.0005005577113479376]","[0.5, 0.6499999761581421, 0.6499999761581421, 0.8500000238418579, 0.8999999761581421, 0.8999999761581421, 0.6499999761581421]"
20260831,51,INITIALIZATION,0,0,0,0,1.0,1.0,1.0,1.0,1.0,1.0,1.0,1.0,1.0,1.0,1.0,1.0,0.0,0.0,0.0,0.0,0.0,0.0,0.0,0.0,0.0,0.0,0.0,0.0,0.0,0.0,0.0,0.0,"[-0.0035659498535096645, 0.04906950145959854, -0.3725680410861969, -0.2722243666648865, -0.020935500040650368, -0.0005005577695555985]","[0.5, 0.6499999761581421, 0.6499999761581421, 0.8500000238418579, 0.8999999761581421, 0.8999999761581421, 0.6499999761581421]"
20260831,52,INITIALIZATION,0,0,0,0,1.0,1.0,1.0,1.0,1.0,1.0,1.0,1.0,1.0,1.0,1.0,1.0,0.0,0.0,0.0,0.0,0.0,0.0,0.0,0.0,0.0,0.0,0.0,0.0,0.0,0.0,0.0,0.0,"[-0.0035659498535096645, 0.04906950518488884, -0.3725680410861969, -0.27222439646720886, -0.020935500040650368, -0.0005005578277632594]","[0.5, 0.6499999761581421, 0.6499999761581421, 0.8500000238418579, 0.8999999761581421, 0.8999999761581421, 0.6499999761581421]"
20260831,53,INITIALIZATION,0,0,0,0,1.0,1.0,1.0,1.0,1.0,1.0,1.0,1.0,1.0,1.0,1.0,1.0,0.0,0.0,0.0,0.0,0.0,0.0,0.0,0.0,0.0,0.0,0.0,0.0,0.0,0.0,0.0,0.0,"[-0.0035659498535096645, 0.04906950891017914, -0.3725680410861969, -0.27222439646720886, -0.020935500040650368, -0.0005005578277632594]","[0.5, 0.6499999761581421, 0.6499999761581421, 0.8500000238418579, 0.8999999761581421, 0.8999999761581421, 0.6499999761581421]"
20260831,54,INITIALIZATION,0,0,0,0,1.0,1.0,1.0,1.0,1.0,1.0,1.0,1.0,1.0,1.0,1.0,1.0,0.0,0.0,0.0,0.0,0.0,0.0,0.0,0.0,0.0,0.0,0.0,0.0,0.0,0.0,0.0,0.0,"[-0.0035659498535096645, 0.04906950891017914, -0.3725680410861969, -0.27222442626953125, -0.02093549817800522, -0.0005005577695555985]","[0.5, 0.6499999761581421, 0.6499999761581421, 0.8500000238418579, 0.8999999761581421, 0.8999999761581421, 0.6499999761581421]"
20260831,55,INITIALIZATION,0,0,0,0,1.0,1.0,1.0,1.0,1.0,1.0,1.0,1.0,1.0,1.0,1.0,1.0,0.0,0.0,0.0,0.0,0.0,0.0,0.0,0.0,0.0,0.0,0.0,0.0,0.0,0.0,0.0,0.0,"[-0.0035659498535096645, 0.04906950891017914, -0.3725680410861969, -0.27222442626953125, -0.02093549817800522, -0.0005005577695555985]","[0.5, 0.6499999761581421, 0.6499999761581421, 0.8500000238418579, 0.8999999761581421, 0.8999999761581421, 0.6499999761581421]"
20260831,56,INITIALIZATION,0,0,0,0,1.0,1.0,1.0,1.0,1.0,1.0,1.0,1.0,1.0,1.0,1.0,1.0,0.0,0.0,0.0,0.0,0.0,0.0,0.0,0.0,0.0,0.0,0.0,0.0,0.0,0.0,0.0,0.0,"[-0.0035659498535096645, 0.04906950891017914, -0.3725680410861969, -0.27222442626953125, -0.02093549817800522, -0.0005005577695555985]","[0.5, 0.6499999761581421, 0.6499999761581421, 0.8500000238418579, 0.8999999761581421, 0.8999999761581421, 0.6499999761581421]"
20260831,57,INITIALIZATION,0,0,0,0,1.0,1.0,1.0,1.0,1.0,1.0,1.0,1.0,1.0,1.0,1.0,1.0,0.0,0.0,0.0,0.0,0.0,0.0,0.0,0.0,0.0,0.0,0.0,0.0,0.0,0.0,0.0,0.0,"[-0.0035659498535096645, 0.04906950891017914, -0.3725680410861969, -0.27222442626953125, -0.02093549817800522, -0.0005005577695555985]","[0.5, 0.6499999761581421, 0.6499999761581421, 0.8500000238418579, 0.8999999761581421, 0.8999999761581421, 0.6499999761581421]"
20260831,58,INITIALIZATION,0,0,0,0,1.0,1.0,1.0,1.0,1.0,1.0,1.0,1.0,1.0,1.0,1.0,1.0,0.0,0.0,0.0,0.0,0.0,0.0,0.0,0.0,0.0,0.0,0.0,0.0,0.0,0.0,0.0,0.0,"[-0.003565949620679021, 0.04906950891017914, -0.3725680410861969, -0.27222442626953125, -0.02093549817800522, -0.0005005577113479376]","[0.5, 0.6499999761581421, 0.6499999761581421, 0.8500000238418579, 0.8999999761581421, 0.8999999761581421, 0.6499999761581421]"
20260831,59,INITIALIZATION,0,0,0,0,1.0,1.0,1.0,1.0,1.0,1.0,1.0,1.0,1.0,1.0,1.0,1.0,0.0,0.0,0.0,0.0,0.0,0.0,0.0,0.0,0.0,0.0,0.0,0.0,0.0,0.0,0.0,0.0,"[-0.003565949620679021, 0.04906950891017914, -0.3725680410861969, -0.27222442626953125, -0.02093549817800522, -0.0005005577113479376]","[0.5, 0.6499999761581421, 0.6499999761581421, 0.8500000238418579, 0.8999999761581421, 0.8999999761581421, 0.6499999761581421]"
20260831,60,INITIALIZATION,0,0,0,0,1.0,1.0,1.0,1.0,1.0,1.0,1.0,1.0,1.0,1.0,1.0,1.0,0.0,0.0,0.0,0.0,0.0,0.0,0.0,0.0,0.0,0.0,0.0,0.0,0.0,0.0,0.0,0.0,"[-0.003565949620679021, 0.04906950891017914, -0.3725680410861969, -0.27222442626953125, -0.02093549817800522, -0.0005005577113479376]","[0.5, 0.6499999761581421, 0.6499999761581421, 0.8500000238418579, 0.8999999761581421, 0.8999999761581421, 0.6499999761581421]"
20260831,61,INITIALIZATION,0,0,0,0,1.0,1.0,1.0,1.0,1.0,1.0,1.0,1.0,1.0,1.0,1.0,1.0,0.0,0.0,0.0,0.0,0.0,0.0,0.0,0.0,0.0,0.0,0.0,0.0,0.0,0.0,0.0,0.0,"[-0.003565949620679021, 0.04906950891017914, -0.3725680410861969, -0.27222442626953125, -0.02093549817800522, -0.0005005577113479376]","[0.5, 0.6499999761581421, 0.6499999761581421, 0.8500000238418579, 0.8999999761581421, 0.8999999761581421, 0.6499999761581421]"
20260831,62,INITIALIZATION,0,0,0,0,1.0,1.0,1.0,1.0,1.0,1.0,1.0,1.0,1.0,1.0,1.0,1.0,0.0,0.0,0.0,0.0,0.0,0.0,0.0,0.0,0.0,0.0,0.0,0.0,0.0,0.0,0.0,0.0,"[-0.003565949620679021, 0.04906950891017914, -0.3725680410861969, -0.27222442626953125, -0.02093549817800522, -0.0005005576531402767]","[0.5, 0.6499999761581421, 0.6499999761581421, 0.8500000238418579, 0.8999999761581421, 0.8999999761581421, 0.6499999761581421]"
20260831,63,INITIALIZATION,0,0,0,0,1.0,1.0,1.0,1.0,1.0,1.0,1.0,1.0,1.0,1.0,1.0,1.0,0.0,0.0,0.0,0.0,0.0,0.0,0.0,0.0,0.0,0.0,0.0,0.0,0.0,0.0,0.0,0.0,"[-0.003565949620679021, 0.04906950891017914, -0.3725680410861969, -0.27222442626953125, -0.02093549817800522, -0.0005005576531402767]","[0.5, 0.6499999761581421, 0.6499999761581421, 0.8500000238418579, 0.8999999761581421, 0.8999999761581421, 0.6499999761581421]"
20260831,64,INITIALIZATION,0,0,0,0,1.0,1.0,1.0,1.0,1.0,1.0,1.0,1.0,1.0,1.0,1.0,1.0,0.0,0.0,0.0,0.0,0.0,0.0,0.0,0.0,0.0,0.0,0.0,0.0,0.0,0.0,0.0,0.0,"[-0.003565949620679021, 0.04906950891017914, -0.3725680410861969, -0.27222442626953125, -0.02093549817800522, -0.0005005576531402767]","[0.5, 0.6499999761581421, 0.6499999761581421, 0.8500000238418579, 0.8999999761581421, 0.8999999761581421, 0.6499999761581421]"
20260831,65,INITIALIZATION,0,0,0,0,1.0,1.0,1.0,1.0,1.0,1.0,1.0,1.0,1.0,1.0,1.0,1.0,0.0,0.0,0.0,0.0,0.0,0.0,0.0,0.0,0.0,0.0,0.0,0.0,0.0,0.0,0.0,0.0,"[-0.003565949620679021, 0.04906950891017914, -0.3725680410861969, -0.27222442626953125, -0.02093549817800522, -0.0005005575949326158]","[0.5, 0.6499999761581421, 0.6499999761581421, 0.8500000238418579, 0.8999999761581421, 0.8999999761581421, 0.6499999761581421]"
20260831,66,INITIALIZATION,0,0,0,0,1.0,1.0,1.0,1.0,1.0,1.0,1.0,1.0,1.0,1.0,1.0,1.0,0.0,0.0,0.0,0.0,0.0,0.0,0.0,0.0,0.0,0.0,0.0,0.0,0.0,0.0,0.0,0.0,"[-0.003565949620679021, 0.04906950891017914, -0.3725680410861969, -0.27222442626953125, -0.02093549817800522, -0.0005005575949326158]","[0.5, 0.6499999761581421, 0.6499999761581421, 0.8500000238418579, 0.8999999761581421, 0.8999999761581421, 0.6499999761581421]"
20260831,67,INITIALIZATION,0,0,0,0,1.0,1.0,1.0,1.0,1.0,1.0,1.0,1.0,1.0,1.0,1.0,1.0,0.0,0.0,0.0,0.0,0.0,0.0,0.0,0.0,0.0,0.0,0.0,0.0,0.0,0.0,0.0,0.0,"[-0.003565949620679021, 0.04906950891017914, -0.3725680410861969, -0.27222442626953125, -0.02093549817800522, -0.0005005575949326158]","[0.5, 0.6499999761581421, 0.6499999761581421, 0.8500000238418579, 0.8999999761581421, 0.8999999761581421, 0.6499999761581421]"
20260831,68,INITIALIZATION,0,0,0,0,1.0,1.0,1.0,1.0,1.0,1.0,1.0,1.0,1.0,1.0,1.0,1.0,0.0,0.0,0.0,0.0,0.0,0.0,0.0,0.0,0.0,0.0,0.0,0.0,0.0,0.0,0.0,0.0,"[-0.0035659493878483772, 0.04906950891017914, -0.3725680410861969, -0.27222442626953125, -0.02093549817800522, -0.0005005575949326158]","[0.5, 0.6499999761581421, 0.6499999761581421, 0.8500000238418579, 0.8999999761581421, 0.8999999761581421, 0.6499999761581421]"
20260831,69,INITIALIZATION,0,0,0,0,1.0,1.0,1.0,1.0,1.0,1.0,1.0,1.0,1.0,1.0,1.0,1.0,0.0,0.0,0.0,0.0,0.0,0.0,0.0,0.0,0.0,0.0,0.0,0.0,0.0,0.0,0.0,0.0,"[-0.0035659493878483772, 0.04906950891017914, -0.3725680410861969, -0.27222442626953125, -0.02093549817800522, -0.0005005575367249548]","[0.5, 0.6499999761581421, 0.6499999761581421, 0.8500000238418579, 0.8999999761581421, 0.8999999761581421, 0.6499999761581421]"
20260831,70,INITIALIZATION,0,0,0,0,1.0,1.0,1.0,1.0,1.0,1.0,1.0,1.0,1.0,1.0,1.0,1.0,0.0,0.0,0.0,0.0,0.0,0.0,0.0,0.0,0.0,0.0,0.0,0.0,0.0,0.0,0.0,0.0,"[-0.0035659493878483772, 0.04906950891017914, -0.3725680410861969, -0.27222442626953125, -0.02093549817800522, -0.0005005575367249548]","[0.5, 0.6499999761581421, 0.6499999761581421, 0.8500000238418579, 0.8999999761581421, 0.8999999761581421, 0.6499999761581421]"
20260831,71,INITIALIZATION,0,0,0,0,1.0,1.0,1.0,1.0,1.0,1.0,1.0,1.0,1.0,1.0,1.0,1.0,0.0,0.0,0.0,0.0,0.0,0.0,0.0,0.0,0.0,0.0,0.0,0.0,0.0,0.0,0.0,0.0,"[-0.0035659493878483772, 0.04906950891017914, -0.3725680410861969, -0.27222442626953125, -0.02093549817800522, -0.0005005575367249548]","[0.5, 0.6499999761581421, 0.6499999761581421, 0.8500000238418579, 0.8999999761581421, 0.8999999761581421, 0.6499999761581421]"
20260831,72,INITIALIZATION,0,0,0,0,1.0,1.0,1.0,1.0,1.0,1.0,1.0,1.0,1.0,1.0,1.0,1.0,0.0,0.0,0.0,0.0,0.0,0.0,0.0,0.0,0.0,0.0,0.0,0.0,0.0,0.0,0.0,0.0,"[-0.0035659493878483772, 0.04906950891017914, -0.3725680410861969, -0.27222442626953125, -0.02093549817800522, -0.0005005574785172939]","[0.5, 0.6499999761581421, 0.6499999761581421, 0.8500000238418579, 0.8999999761581421, 0.8999999761581421, 0.6499999761581421]"
20260831,73,INITIALIZATION,0,0,0,0,1.0,1.0,1.0,1.0,1.0,1.0,1.0,1.0,1.0,1.0,1.0,1.0,0.0,0.0,0.0,0.0,0.0,0.0,0.0,0.0,0.0,0.0,0.0,0.0,0.0,0.0,0.0,0.0,"[-0.0035659493878483772, 0.04906950891017914, -0.3725680410861969, -0.27222442626953125, -0.02093549817800522, -0.0005005574785172939]","[0.5, 0.6499999761581421, 0.6499999761581421, 0.8500000238418579, 0.8999999761581421, 0.8999999761581421, 0.6499999761581421]"
20260831,74,INITIALIZATION,0,0,0,0,1.0,1.0,1.0,1.0,1.0,1.0,1.0,1.0,1.0,1.0,1.0,1.0,0.0,0.0,0.0,0.0,0.0,0.0,0.0,0.0,0.0,0.0,0.0,0.0,0.0,0.0,0.0,0.0,"[-0.0035659493878483772, 0.04906950891017914, -0.3725680410861969, -0.27222442626953125, -0.02093549817800522, -0.0005005574785172939]","[0.5, 0.6499999761581421, 0.6499999761581421, 0.8500000238418579, 0.8999999761581421, 0.8999999761581421, 0.6499999761581421]"
20260831,75,INITIALIZATION,0,0,0,0,1.0,1.0,1.0,1.0,1.0,1.0,1.0,1.0,1.0,1.0,1.0,1.0,0.0,0.0,0.0,0.0,0.0,0.0,0.0,0.0,0.0,0.0,0.0,0.0,0.0,0.0,0.0,0.0,"[-0.0035659493878483772, 0.04906950891017914, -0.3725680410861969, -0.27222442626953125, -0.02093549817800522, -0.0005005574785172939]","[0.5, 0.6499999761581421, 0.6499999761581421, 0.8500000238418579, 0.8999999761581421, 0.8999999761581421, 0.6499999761581421]"
20260831,76,INITIALIZATION,0,0,0,0,1.0,1.0,1.0,1.0,1.0,1.0,1.0,1.0,1.0,1.0,1.0,1.0,0.0,0.0,0.0,0.0,0.0,0.0,0.0,0.0,0.0,0.0,0.0,0.0,0.0,0.0,0.0,0.0,"[-0.0035659493878483772, 0.04906950891017914, -0.3725680410861969, -0.27222442626953125, -0.02093549817800522, -0.000500557420309633]","[0.5, 0.6499999761581421, 0.6499999761581421, 0.8500000238418579, 0.8999999761581421, 0.8999999761581421, 0.6499999761581421]"
20260831,77,INITIALIZATION,0,0,0,0,1.0,1.0,1.0,1.0,1.0,1.0,1.0,1.0,1.0,1.0,1.0,1.0,0.0,0.0,0.0,0.0,0.0,0.0,0.0,0.0,0.0,0.0,0.0,0.0,0.0,0.0,0.0,0.0,"[-0.0035659493878483772, 0.04906950891017914, -0.3725680410861969, -0.27222442626953125, -0.02093549817800522, -0.000500557420309633]","[0.5, 0.6499999761581421, 0.6499999761581421, 0.8500000238418579, 0.8999999761581421, 0.8999999761581421, 0.6499999761581421]"
20260831,78,INITIALIZATION,0,0,0,0,1.0,1.0,1.0,1.0,1.0,1.0,1.0,1.0,1.0,1.0,1.0,1.0,0.0,0.0,0.0,0.0,0.0,0.0,0.0,0.0,0.0,0.0,0.0,0.0,0.0,0.0,0.0,0.0,"[-0.0035659491550177336, 0.04906950891017914, -0.3725680410861969, -0.27222442626953125, -0.02093549817800522, -0.000500557420309633]","[0.5, 0.6499999761581421, 0.6499999761581421, 0.8500000238418579, 0.8999999761581421, 0.8999999761581421, 0.6499999761581421]"
20260831,79,INITIALIZATION,0,0,0,0,1.0,1.0,1.0,1.0,1.0,1.0,1.0,1.0,1.0,1.0,1.0,1.0,0.0,0.0,0.0,0.0,0.0,0.0,0.0,0.0,0.0,0.0,0.0,0.0,0.0,0.0,0.0,0.0,"[-0.0035659491550177336, 0.04906950891017914, -0.3725680410861969, -0.27222442626953125, -0.02093549817800522, -0.0005005573621019721]","[0.5, 0.6499999761581421, 0.6499999761581421, 0.8500000238418579, 0.8999999761581421, 0.8999999761581421, 0.6499999761581421]"
0,0,INITIALIZATION,0,0,0,0,1.0,1.0,1.0,1.0,1.0,1.0,1.0,1.0,1.0,1.0,1.0,1.0,0.0,0.0,0.0,0.0,0.0,0.0,0.0,0.0,0.0,0.0,0.0,0.0,0.0,0.0,0.0,0.0,"[-0.021522648632526398, 0.008292039856314659, 0.015603740699589252, -0.01289460714906454, -0.005809509661048651, 0.018951278179883957]","[0.49723169207572937, 0.6516744494438171, 0.6525210738182068, 0.8570613861083984, 0.9074373245239258, 0.9057523012161255, 0.6598647832870483]"
0,1,INITIALIZATION,0,0,0,0,1.0,1.0,1.0,1.0,1.0,1.0,1.0,1.0,1.0,1.0,1.0,1.0,0.0,0.0,0.0,0.0,0.0,0.0,0.0,0.0,0.0,0.0,0.0,0.0,0.0,0.0,0.0,0.0,"[0.0064303376711905, 0.00921820942312479, -0.0038394564762711525, 0.01598447933793068, 0.001486102002672851, -0.012014893814921379]","[0.5011739134788513, 0.6455941796302795, 0.6481240391731262, 0.8562641739845276, 0.8899490833282471, 0.9082707762718201, 0.6533023715019226]"
0,2,INITIALIZATION,0,0,0,0,1.0,1.0,1.0,1.0,1.0,1.0,1.0,1.0,1.0,1.0,1.0,1.0,0.0,0.0,0.0,0.0,0.0,0.0,0.0,0.0,0.0,0.0,0.0,0.0,0.0,0.0,0.0,0.0,"[-0.007766049820929766, -0.006989766843616962, -0.06805840879678726, 9.743526607053354e-05, 0.0076614259742200375, 0.005110733211040497]","[0.4980636239051819, 0.6466784477233887, 0.6393257975578308, 0.8521204590797424, 0.9069321155548096, 0.9009127020835876, 0.6522214412689209]"
0,3,INITIALIZATION,0,0,0,0,1.0,1.0,1.0,1.0,1.0,1.0,1.0,1.0,1.0,1.0,1.0,1.0,0.0,0.0,0.0,0.0,0.0,0.0,0.0,0.0,0.0,0.0,0.0,0.0,0.0,0.0,0.0,0.0,"[0.00620369054377079, 0.006880884990096092, -0.17076519131660461, -0.005500012543052435, -0.005845792591571808, -0.007954341359436512]","[0.4954953193664551, 0.6493628025054932, 0.6451404094696045, 0.8387274742126465, 0.9072057008743286, 0.8908055424690247, 0.6549791693687439]"
0,4,INITIALIZATION,0,0,0,0,1.0,1.0,1.0,1.0,1.0,1.0,1.0,1.0,1.0,1.0,1.0,1.0,0.0,0.0,0.0,0.0,0.0,0.0,0.0,0.0,0.0,0.0,0.0,0.0,0.0,0.0,0.0,0.0,"[-0.00918219331651926, -0.002605196787044406, -0.32348352670669556, -0.0010383309563621879, -0.024668514728546143, -0.0036979718133807182]","[0.4848954379558563, 0.6483443975448608, 0.6447864174842834, 0.8520150780677795, 0.9062358140945435, 0.9049228429794312, 0.6593056917190552]"
0,5,INITIALIZATION,0,0,0,0,1.0,1.0,1.0,1.0,1.0,1.0,1.0,1.0,1.0,1.0,1.0,1.0,0.0,0.0,0.0,0.0,0.0,0.0,0.0,0.0,0.0,0.0,0.0,0.0,0.0,0.0,0.0,0.0,"[0.0053334953263401985, 0.013033224269747734, -0.4985833764076233, -0.068462073802948, 0.008880389854311943, 0.004704960621893406]","[0.49939343333244324, 0.6461372375488281, 0.657620906829834, 0.8435104489326477, 0.8930251598358154, 0.8863175511360168, 0.6542258858680725]"
0,6,INITIALIZATION,0,0,0,0,1.0,1.0,1.0,1.0,1.0,1.0,1.0,1.0,1.0,1.0,1.0,1.0,0.0,0.0,0.0,0.0,0.0,0.0,0.0,0.0,0.0,0.0,0.0,0.0,0.0,0.0,0.0,0.0,"[-0.003274777438491583, 0.04068852216005325, -0.5120456218719482, -0.22404193878173828, -0.04060736671090126, -8.065922884270549e-05]","[0.5110395550727844, 0.6528962850570679, 0.648470938205719, 0.8563153147697449, 0.9031005501747131, 0.9050334692001343, 0.6497217416763306]"
0,7,INITIALIZATION,0,0,0,0,1.0,1.0,1.0,1.0,1.0,1.0,1.0,1.0,1.0,1.0,1.0,1.0,0.0,0.0,0.0,0.0,0.0,0.0,0.0,0.0,0.0,0.0,0.0,0.0,0.0,0.0,0.0,0.0,"[-0.0039044320583343506, 0.07119250297546387, -0.4931909143924713, -0.4066152274608612, -0.03830425813794136, -0.015172956511378288]","[0.49843841791152954, 0.6592254042625427, 0.6460065245628357, 0.8465830683708191, 0.8958892226219177, 0.8925978541374207, 0.6417775750160217]"
0,8,INITIALIZATION,0,0,0,0,1.0,1.0,1.0,1.0,1.0,1.0,1.0,1.0,1.0,1.0,1.0,1.0,0.0,0.0,0.0,0.0,0.0,0.0,0.0,0.0,0.0,0.0,0.0,0.0,0.0,0.0,0.0,0.0,"[0.0008909841999411583, 0.09788764268159866, -0.46605971455574036, -0.5123887658119202, -0.0628385990858078, 0.00504612922668457]","[0.5191391110420227, 0.6372793912887573, 0.6416264772415161, 0.8487909436225891, 0.8970984220504761, 0.8965781331062317, 0.6445009112358093]"
0,9,INITIALIZATION,0,0,0,0,1.0,1.0,1.0,1.0,1.0,1.0,1.0,1.0,1.0,1.0,1.0,1.0,0.0,0.0,0.0,0.0,0.0,0.0,0.0,0.0,0.0,0.0,0.0,0.0,0.0,0.0,0.0,0.0,"[-0.007772175129503012, 0.1136268675327301, -0.43918031454086304, -0.5686046481132507, -0.05724780261516571, 0.0051054563373327255]","[0.49488455057144165, 0.6438243389129639, 0.6534287333488464, 0.842714786529541, 0.9085785746574402, 0.8975365161895752, 0.6427501440048218]"
0,10,INITIALIZATION,0,0,0,0,1.0,1.0,1.0,1.0,1.0,1.0,1.0,1.0,1.0,1.0,1.0,1.0,0.0,0.0,0.0,0.0,0.0,0.0,0.0,0.0,0.0,0.0,0.0,0.0,0.0,0.0,0.0,0.0,"[0.005921612493693829, 0.11513442546129227, -0.3971864879131317, -0.633101224899292, -0.05790285766124725, 0.008532889187335968]","[0.49327796697616577, 0.6430109739303589, 0.6624095439910889, 0.8464692831039429, 0.9000622034072876, 0.9022907018661499, 0.6527850031852722]"
0,11,INITIALIZATION,0,0,0,0,1.0,1.0,1.0,1.0,1.0,1.0,1.0,1.0,1.0,1.0,1.0,1.0,0.0,0.0,0.0,0.0,0.0,0.0,0.0,0.0,0.0,0.0,0.0,0.0,0.0,0.0,0.0,0.0,"[-0.01668764092028141, 0.11643323302268982, -0.41061335802078247, -0.6772695779800415, -0.05534854158759117, 0.0004924872191622853]","[0.500296950340271, 0.6577785611152649, 0.651005208492279, 0.8575841784477234, 0.9053246378898621, 0.9042602181434631, 0.6600639820098877]"
0,12,INITIALIZATION,0,0,0,0,1.0,1.0,1.0,1.0,1.0,1.0,1.0,1.0,1.0,1.0,1.0,1.0,0.0,0.0,0.0,0.0,0.0,0.0,0.0,0.0,0.0,0.0,0.0,0.0,0.0,0.0,0.0,0.0,"[-0.019764237105846405, 0.13885892927646637, -0.3922571539878845, -0.6499269008636475, -0.03936003893613815, 0.0030869985930621624]","[0.49654507637023926, 0.650882363319397, 0.6580694913864136, 0.8434215784072876, 0.8944762945175171, 0.8932178020477295, 0.6575907468795776]"
0,13,INITIALIZATION,0,0,0,0,1.0,1.0,1.0,1.0,1.0,1.0,1.0,1.0,1.0,1.0,1.0,1.0,0.0,0.0,0.0,0.0,0.0,0.0,0.0,0.0,0.0,0.0,0.0,0.0,0.0,0.0,0.0,0.0,"[0.006516696885228157, 0.10907019674777985, -0.40275487303733826, -0.622096061706543, -0.05531763657927513, -0.014951149001717567]","[0.4993164837360382, 0.6446360945701599, 0.6480745673179626, 0.8419606685638428, 0.9131279587745667, 0.9060500264167786, 0.6601725816726685]"
0,14,INITIALIZATION,0,0,0,0,1.0,1.0,1.0,1.0,1.0,1.0,1.0,1.0,1.0,1.0,1.0,1.0,0.0,0.0,0.0,0.0,0.0,0.0,0.0,0.0,0.0,0.0,0.0,0.0,0.0,0.0,0.0,0.0,"[-0.01665760576725006, 0.11845110356807709, -0.4449670612812042, -0.5584123730659485, -0.0392826683819294, 0.0008542141877114773]","[0.48988473415374756, 0.6467078328132629, 0.6565148830413818, 0.8638787865638733, 0.8963088989257812, 0.8960248827934265, 0.6552814841270447]"
0,15,INITIALIZATION,0,0,0,0,1.0,1.0,1.0,1.0,1.0,1.0,1.0,1.0,1.0,1.0,1.0,1.0,0.0,0.0,0.0,0.0,0.0,0.0,0.0,0.0,0.0,0.0,0.0,0.0,0.0,0.0,0.0,0.0,"[-0.028484515845775604, 0.08529175072908401, -0.4532327353954315, -0.49419668316841125, -0.04516986012458801, -0.009551404044032097]","[0.5013470649719238, 0.6590914726257324, 0.6474461555480957, 0.8562657833099365, 0.8969563245773315, 0.8959344625473022, 0.6525999903678894]"
0,16,INITIALIZATION,0,0,0,0,1.0,1.0,1.0,1.0,1.0,1.0,1.0,1.0,1.0,1.0,1.0,1.0,0.0,0.0,0.0,0.0,0.0,0.0,0.0,0.0,0.0,0.0,0.0,0.0,0.0,0.0,0.0,0.0,"[0.0004269033670425415, 0.08950275182723999, -0.5136828422546387, -0.38365238904953003, -0.04592585563659668, 0.014969006180763245]","[0.5026587247848511, 0.6407884359359741, 0.6527215838432312, 0.8400107622146606, 0.9053412079811096, 0.8980400562286377, 0.6340450644493103]"
0,17,INITIALIZATION,0,0,0,0,1.0,1.0,1.0,1.0,1.0,1.0,1.0,1.0,1.0,1.0,1.0,1.0,0.0,0.0,0.0,0.0,0.0,0.0,0.0,0.0,0.0,0.0,0.0,0.0,0.0,0.0,0.0,0.0,"[0.005339589901268482, 0.03952031582593918, -0.5179391503334045, -0.2506397068500519, -0.040481533855199814, -0.013919219374656677]","[0.5035359859466553, 0.6450966596603394, 0.6464583873748779, 0.8498628735542297, 0.90911465883255, 0.9014419317245483, 0.6603658199310303]"
0,18,INITIALIZATION,0,0,0,0,1.0,1.0,1.0,1.0,1.0,1.0,1.0,1.0,1.0,1.0,1.0,1.0,0.0,0.0,0.0,0.0,0.0,0.0,0.0,0.0,0.0,0.0,0.0,0.0,0.0,0.0,0.0,0.0,"[-0.020121412351727486, 0.031728595495224, -0.4925874173641205, -0.1668502688407898, -0.03177504613995552, 0.009559414349496365]","[0.4967319667339325, 0.6540970206260681, 0.6573877930641174, 0.8568513989448547, 0.9010716080665588, 0.9071545004844666, 0.6454141139984131]"
0,19,INITIALIZATION,0,0,0,0,1.0,1.0,1.0,1.0,1.0,1.0,1.0,1.0,1.0,1.0,1.0,1.0,0.0,0.0,0.0,0.0,0.0,0.0,0.0,0.0,0.0,0.0,0.0,0.0,0.0,0.0,0.0,0.0,"[-0.024019161239266396, 0.017969682812690735, -0.4883563816547394, -0.10324101895093918, -0.06953220814466476, 0.008618277497589588]","[0.48452726006507874, 0.6492447853088379, 0.6519001126289368, 0.8526896834373474, 0.8870803117752075, 0.8989782929420471, 0.6443186402320862]"
0,20,INITIALIZATION,0,0,0,0,1.0,1.0,1.0,1.0,1.0,1.0,1.0,1.0,1.0,1.0,1.0,1.0,0.0,0.0,0.0,0.0,0.0,0.0,0.0,0.0,0.0,0.0,0.0,0.0,0.0,0.0,0.0,0.0,"[-0.0053655169904232025, 0.013532659038901329, -0.4581468403339386, -0.02941194921731949, -0.033537112176418304, 0.0007663794094696641]","[0.4992527961730957, 0.6491901874542236, 0.644919753074646, 0.8632403016090393, 0.8975052833557129, 0.8989150524139404, 0.643584668636322]"
0,21,INITIALIZATION,0,0,0,0,1.0,1.0,1.0,1.0,1.0,1.0,1.0,1.0,1.0,1.0,1.0,1.0,0.0,0.0,0.0,0.0,0.0,0.0,0.0,0.0,0.0,0.0,0.0,0.0,0.0,0.0,0.0,0.0,"[-0.0037007604259997606, 0.0011730850674211979, -0.4646100699901581, -0.06737523525953293, -0.023249169811606407, 0.0015243960078805685]","[0.5107309222221375, 0.6427996158599854, 0.6488065123558044, 0.8447052240371704, 0.9031699299812317, 0.897986888885498, 0.6503794193267822]"
0,22,INITIALIZATION,0,0,0,0,1.0,1.0,1.0,1.0,1.0,1.0,1.0,1.0,1.0,1.0,1.0,1.0,0.0,0.0,0.0,0.0,0.0,0.0,0.0,0.0,0.0,0.0,0.0,0.0,0.0,0.0,0.0,0.0,"[-0.008862686343491077, 0.011371011845767498, -0.4934150278568268, -0.07588454335927963, -0.05865171551704407, 0.0010594348423182964]","[0.5007308125495911, 0.6505280137062073, 0.6544370651245117, 0.8371117115020752, 0.8866612315177917, 0.9034456610679626, 0.6578665375709534]"
0,23,INITIALIZATION,0,0,0,0,1.0,1.0,1.0,1.0,1.0,1.0,1.0,1.0,1.0,1.0,1.0,1.0,0.0,0.0,0.0,0.0,0.0,0.0,0.0,0.0,0.0,0.0,0.0,0.0,0.0,0.0,0.0,0.0,"[-0.015105040743947029, 0.020667247474193573, -0.4822830855846405, -0.13846884667873383, -0.04834868013858795, 0.0009809135226532817]","[0.4904453754425049, 0.6420839428901672, 0.6478646993637085, 0.8483063578605652, 0.9014735221862793, 0.8962329626083374, 0.6552905440330505]"
0,24,INITIALIZATION,0,0,0,0,1.0,1.0,1.0,1.0,1.0,1.0,1.0,1.0,1.0,1.0,1.0,1.0,0.0,0.0,0.0,0.0,0.0,0.0,0.0,0.0,0.0,0.0,0.0,0.0,0.0,0.0,0.0,0.0,"[0.011980675160884857, 0.03753933683037758, -0.4826781153678894, -0.21422752737998962, -0.033346984535455704, 0.0025639424566179514]","[0.5068165063858032, 0.6453975439071655, 0.6482208967208862, 0.8552601337432861, 0.890274167060852, 0.8966550230979919, 0.6478880643844604]"
0,25,INITIALIZATION,0,0,0,0,1.0,1.0,1.0,1.0,1.0,1.0,1.0,1.0,1.0,1.0,1.0,1.0,0.0,0.0,0.0,0.0,0.0,0.0,0.0,0.0,0.0,0.0,0.0,0.0,0.0,0.0,0.0,0.0,"[0.007545784581452608, 0.06966391205787659, -0.4997859001159668, -0.2845131754875183, -0.0390806719660759, 0.004220230039209127]","[0.5092547535896301, 0.6441978812217712, 0.6506372094154358, 0.8392618298530579, 0.9087382555007935, 0.901595950126648, 0.6483410596847534]"
0,26,INITIALIZATION,0,0,0,0,1.0,1.0,1.0,1.0,1.0,1.0,1.0,1.0,1.0,1.0,1.0,1.0,0.0,0.0,0.0,0.0,0.0,0.0,0.0,0.0,0.0,0.0,0.0,0.0,0.0,0.0,0.0,0.0,"[-0.018283743411302567, 0.06547758728265762, -0.5181524157524109, -0.3567677438259125, -0.05119650065898895, 0.001528858090750873]","[0.5027353763580322, 0.6583949327468872, 0.660251259803772, 0.8588116765022278, 0.9115959405899048, 0.90865159034729, 0.6596763134002686]"
0,27,INITIALIZATION,0,0,0,0,1.0,1.0,1.0,1.0,1.0,1.0,1.0,1.0,1.0,1.0,1.0,1.0,0.0,0.0,0.0,0.0,0.0,0.0,0.0,0.0,0.0,0.0,0.0,0.0,0.0,0.0,0.0,0.0,"[-0.01758197508752346, 0.07703350484371185, -0.4914516508579254, -0.3778682351112366, -0.04078343138098717, -0.010501938872039318]","[0.50240159034729, 0.6578546166419983, 0.6514004468917847, 0.8522443175315857, 0.9021015763282776, 0.8943096995353699, 0.6501759886741638]"
0,28,INITIALIZATION,0,0,0,0,1.0,1.0,1.0,1.0,1.0,1.0,1.0,1.0,1.0,1.0,1.0,1.0,0.0,0.0,0.0,0.0,0.0,0.0,0.0,0.0,0.0,0.0,0.0,0.0,0.0,0.0,0.0,0.0,"[-0.025120824575424194, 0.07749520242214203, -0.5081225037574768, -0.3720757067203522, -0.028310492634773254, 0.009678625501692295]","[0.49498990178108215, 0.6447454690933228, 0.6504369378089905, 0.8431350588798523, 0.9007969498634338, 0.8876926898956299, 0.6648650169372559]"
0,29,INITIALIZATION,0,0,0,0,1.0,1.0,1.0,1.0,1.0,1.0,1.0,1.0,1.0,1.0,1.0,1.0,0.0,0.0,0.0,0.0,0.0,0.0,0.0,0.0,0.0,0.0,0.0,0.0,0.0,0.0,0.0,0.0,"[-0.014204837381839752, 0.05563242733478546, -0.48580867052078247, -0.36543917655944824, -0.04715545475482941, -0.010439563542604446]","[0.5053386688232422, 0.6590542197227478, 0.6464412808418274, 0.8606889247894287, 0.8995837569236755, 0.8923680782318115, 0.6494754552841187]"
0,30,INITIALIZATION,0,0,0,0,1.0,1.0,1.0,1.0,1.0,1.0,1.0,1.0,1.0,1.0,1.0,1.0,0.0,0.0,0.0,0.0,0.0,0.0,0.0,0.0,0.0,0.0,0.0,0.0,0.0,0.0,0.0,0.0,"[-0.0236589964479208, 0.04979589954018593, -0.5087978839874268, -0.30005234479904175, -0.05211173743009567, 0.021980779245495796]","[0.48212456703186035, 0.6472094655036926, 0.6509036421775818, 0.85047847032547, 0.8978171348571777, 0.8984177708625793, 0.6418074369430542]"
0,31,INITIALIZATION,0,0,0,0,1.0,1.0,1.0,1.0,1.0,1.0,1.0,1.0,1.0,1.0,1.0,1.0,0.0,0.0,0.0,0.0,0.0,0.0,0.0,0.0,0.0,0.0,0.0,0.0,0.0,0.0,0.0,0.0,"[-0.014291081577539444, 0.04981108754873276, -0.5132083892822266, -0.2779907286167145, -0.01664550229907036, -0.011547968722879887]","[0.4964877665042877, 0.6541174054145813, 0.6421113610267639, 0.8471276164054871, 0.9031123518943787, 0.905252993106842, 0.643185555934906]"
0,32,INITIALIZATION,0,0,0,0,1.0,1.0,1.0,1.0,1.0,1.0,1.0,1.0,1.0,1.0,1.0,1.0,0.0,0.0,0.0,0.0,0.0,0.0,0.0,0.0,0.0,0.0,0.0,0.0,0.0,0.0,0.0,0.0,"[0.013034766539931297, 0.034219890832901, -0.5063625574111938, -0.22543880343437195, -0.03532933071255684, 0.008316935040056705]","[0.48293161392211914, 0.6528968811035156, 0.6604379415512085, 0.8574938178062439, 0.899971067905426, 0.9048652052879333, 0.6526968479156494]"
0,33,INITIALIZATION,0,0,0,0,1.0,1.0,1.0,1.0,1.0,1.0,1.0,1.0,1.0,1.0,1.0,1.0,0.0,0.0,0.0,0.0,0.0,0.0,0.0,0.0,0.0,0.0,0.0,0.0,0.0,0.0,0.0,0.0,"[-0.0005890368483960629, 0.03837871924042702, -0.4862789809703827, -0.2598813474178314, -0.038350313901901245, -0.005529819056391716]","[0.49704036116600037, 0.6467987895011902, 0.6447182893753052, 0.8562704920768738, 0.8956083059310913, 0.9009839296340942, 0.6613546013832092]"
0,34,INITIALIZATION,0,0,0,0,1.0,1.0,1.0,1.0,1.0,1.0,1.0,1.0,1.0,1.0,1.0,1.0,0.0,0.0,0.0,0.0,0.0,0.0,0.0,0.0,0.0,0.0,0.0,0.0,0.0,0.0,0.0,0.0,"[-0.018350517377257347, 0.038590554147958755, -0.47752442955970764, -0.253783643245697, -0.04847073554992676, 0.017858244478702545]","[0.5003805756568909, 0.6515244841575623, 0.6531885266304016, 0.8463423848152161, 0.8910971283912659, 0.8907755017280579, 0.6352126002311707]"
0,35,INITIALIZATION,0,0,0,0,1.0,1.0,1.0,1.0,1.0,1.0,1.0,1.0,1.0,1.0,1.0,1.0,0.0,0.0,0.0,0.0,0.0,0.0,0.0,0.0,0.0,0.0,0.0,0.0,0.0,0.0,0.0,0.0,"[-0.028512749820947647, 0.04430795833468437, -0.5221031308174133, -0.3096292316913605, -0.030857346951961517, 0.016220422461628914]","[0.49391406774520874, 0.6415482759475708, 0.6464641094207764, 0.8470562696456909, 0.8848497867584229, 0.8997284770011902, 0.6442450881004333]"
0,36,INITIALIZATION,0,0,0,0,1.0,1.0,1.0,1.0,1.0,1.0,1.0,1.0,1.0,1.0,1.0,1.0,0.0,0.0,0.0,0.0,0.0,0.0,0.0,0.0,0.0,0.0,0.0,0.0,0.0,0.0,0.0,0.0,"[-0.009686355479061604, 0.04369446635246277, -0.5390812158584595, -0.3288884162902832, -0.056338924914598465, 0.008634713478386402]","[0.497844398021698, 0.658840537071228, 0.6447079181671143, 0.8584280610084534, 0.8977307677268982, 0.9014880061149597, 0.6514025330543518]"
0,37,INITIALIZATION,0,0,0,0,1.0,1.0,1.0,1.0,1.0,1.0,1.0,1.0,1.0,1.0,1.0,1.0,0.0,0.0,0.0,0.0,0.0,0.0,0.0,0.0,0.0,0.0,0.0,0.0,0.0,0.0,0.0,0.0,"[-0.024416659027338028, 0.05516068637371063, -0.48783889412879944, -0.32794657349586487, -0.03753161430358887, -0.002792277140542865]","[0.49675121903419495, 0.652363657951355, 0.641157865524292, 0.8415946960449219, 0.8983240127563477, 0.8896214365959167, 0.6507782936096191]"
0,38,INITIALIZATION,0,0,0,0,1.0,1.0,1.0,1.0,1.0,1.0,1.0,1.0,1.0,1.0,1.0,1.0,0.0,0.0,0.0,0.0,0.0,0.0,0.0,0.0,0.0,0.0,0.0,0.0,0.0,0.0,0.0,0.0,"[-0.03860848397016525, 0.05916036292910576, -0.5091060400009155, -0.32778018712997437, -0.03962482884526253, 0.0020246938802301884]","[0.4969770908355713, 0.637626588344574, 0.6346541047096252, 0.8581547141075134, 0.9026550650596619, 0.8999636769294739, 0.6564735770225525]"
0,39,INITIALIZATION,0,0,0,0,1.0,1.0,1.0,1.0,1.0,1.0,1.0,1.0,1.0,1.0,1.0,1.0,0.0,0.0,0.0,0.0,0.0,0.0,0.0,0.0,0.0,0.0,0.0,0.0,0.0,0.0,0.0,0.0,"[0.007912887260317802, 0.04295743256807327, -0.5211625099182129, -0.2888384461402893, -0.05790495127439499, 0.0008365956018678844]","[0.5015551447868347, 0.6512759327888489, 0.6433104872703552, 0.8555076122283936, 0.8928906321525574, 0.8933517932891846, 0.6438114643096924]"
0,40,INITIALIZATION,0,0,0,0,1.0,1.0,1.0,1.0,1.0,1.0,1.0,1.0,1.0,1.0,1.0,1.0,0.0,0.0,0.0,0.0,0.0,0.0,0.0,0.0,0.0,0.0,0.0,0.0,0.0,0.0,0.0,0.0,"[-0.01195254921913147, 0.06701076030731201, -0.508569598197937, -0.30468571186065674, -0.03830665722489357, -0.00911176111549139]","[0.500629186630249, 0.6520155668258667, 0.6440705060958862, 0.8404117226600647, 0.9040274024009705, 0.9020626544952393, 0.649854838848114]"
0,41,INITIALIZATION,0,0,0,0,1.0,1.0,1.0,1.0,1.0,1.0,1.0,1.0,1.0,1.0,1.0,1.0,0.0,0.0,0.0,0.0,0.0,0.0,0.0,0.0,0.0,0.0,0.0,0.0,0.0,0.0,0.0,0.0,"[-0.0089876689016819, 0.04896173253655434, -0.5185276865959167, -0.3431548774242401, -0.025952452793717384, -0.007560770958662033]","[0.5082511901855469, 0.6512638926506042, 0.6456052660942078, 0.8467010855674744, 0.8991637825965881, 0.9023536443710327, 0.6602116227149963]"
0,42,INITIALIZATION,0,0,0,0,1.0,1.0,1.0,1.0,1.0,1.0,1.0,1.0,1.0,1.0,1.0,1.0,0.0,0.0,0.0,0.0,0.0,0.0,0.0,0.0,0.0,0.0,0.0,0.0,0.0,0.0,0.0,0.0,"[0.0013562953099608421, 0.06138410046696663, -0.4954671263694763, -0.3132282495498657, -0.032108813524246216, -0.0015098872827365994]","[0.489952027797699, 0.6470875144004822, 0.6490241289138794, 0.8599957823753357, 0.8979595303535461, 0.898596465587616, 0.6460314393043518]"
0,43,INITIALIZATION,0,0,0,0,1.0,1.0,1.0,1.0,1.0,1.0,1.0,1.0,1.0,1.0,1.0,1.0,0.0,0.0,0.0,0.0,0.0,0.0,0.0,0.0,0.0,0.0,0.0,0.0,0.0,0.0,0.0,0.0,"[-0.012395188212394714, 0.04735298454761505, -0.5013489723205566, -0.30793872475624084, -0.03244113177061081, 0.00635953014716506]","[0.5008101463317871, 0.647045373916626, 0.6540238261222839, 0.8494819402694702, 0.8968129754066467, 0.895073413848877, 0.6439635157585144]"
0,44,INITIALIZATION,0,0,0,0,1.0,1.0,1.0,1.0,1.0,1.0,1.0,1.0,1.0,1.0,1.0,1.0,0.0,0.0,0.0,0.0,0.0,0.0,0.0,0.0,0.0,0.0,0.0,0.0,0.0,0.0,0.0,0.0,"[-0.004135108552873135, 0.06036705896258354, -0.5068498849868774, -0.30750221014022827, -0.048831742256879807, -0.0076745240949094296]","[0.506051242351532, 0.6408388018608093, 0.6604263186454773, 0.863386332988739, 0.8985978364944458, 0.91359543800354, 0.6422624588012695]"
0,45,INITIALIZATION,0,0,0,0,1.0,1.0,1.0,1.0,1.0,1.0,1.0,1.0,1.0,1.0,1.0,1.0,0.0,0.0,0.0,0.0,0.0,0.0,0.0,0.0,0.0,0.0,0.0,0.0,0.0,0.0,0.0,0.0,"[-0.02080540917813778, 0.06805698573589325, -0.5207704305648804, -0.31140851974487305, -0.03517085686326027, -0.003220412414520979]","[0.5092864632606506, 0.6394711136817932, 0.6530997157096863, 0.8353071212768555, 0.8995621204376221, 0.8954832553863525, 0.6616672277450562]"
0,46,INITIALIZATION,0,0,0,0,1.0,1.0,1.0,1.0,1.0,1.0,1.0,1.0,1.0,1.0,1.0,1.0,0.0,0.0,0.0,0.0,0.0,0.0,0.0,0.0,0.0,0.0,0.0,0.0,0.0,0.0,0.0,0.0,"[-0.004178802948445082, 0.06498265266418457, -0.5098555684089661, -0.3127223551273346, -0.024949032813310623, -0.006369538139551878]","[0.5013322234153748, 0.6422029137611389, 0.6440237164497375, 0.8467604517936707, 0.9023229479789734, 0.9050030708312988, 0.6549698114395142]"
0,47,INITIALIZATION,0,0,0,0,1.0,1.0,1.0,1.0,1.0,1.0,1.0,1.0,1.0,1.0,1.0,1.0,0.0,0.0,0.0,0.0,0.0,0.0,0.0,0.0,0.0,0.0,0.0,0.0,0.0,0.0,0.0,0.0,"[-0.02016531303524971, 0.043311405926942825, -0.5149027109146118, -0.30170950293540955, -0.04561808332800865, -0.002623604144901037]","[0.5010823607444763, 0.645980954170227, 0.6583868265151978, 0.8423970341682434, 0.8994393348693848, 0.9208603501319885, 0.6606923341751099]"
0,48,INITIALIZATION,0,0,0,0,1.0,1.0,1.0,1.0,1.0,1.0,1.0,1.0,1.0,1.0,1.0,1.0,0.0,0.0,0.0,0.0,0.0,0.0,0.0,0.0,0.0,0.0,0.0,0.0,0.0,0.0,0.0,0.0,"[-0.00014843791723251343, 0.07368043065071106, -0.5223793983459473, -0.3319440484046936, -0.04262548312544823, -0.0050929537974298]","[0.49971380829811096, 0.6458296179771423, 0.6403161883354187, 0.8384974598884583, 0.9035342931747437, 0.9008648991584778, 0.6479167938232422]"
0,49,INITIALIZATION,0,0,0,0,1.0,1.0,1.0,1.0,1.0,1.0,1.0,1.0,1.0,1.0,1.0,1.0,0.0,0.0,0.0,0.0,0.0,0.0,0.0,0.0,0.0,0.0,0.0,0.0,0.0,0.0,0.0,0.0,"[-0.006459124851971865, 0.06162670999765396, -0.5004414916038513, -0.32141831517219543, -0.0359058678150177, -0.009251449257135391]","[0.49301791191101074, 0.6559165716171265, 0.6595022082328796, 0.8603051900863647, 0.9049451947212219, 0.9045810699462891, 0.6478617787361145]"
0,50,INITIALIZATION,0,0,0,0,1.0,1.0,1.0,1.0,1.0,1.0,1.0,1.0,1.0,1.0,1.0,1.0,0.0,0.0,0.0,0.0,0.0,0.0,0.0,0.0,0.0,0.0,0.0,0.0,0.0,0.0,0.0,0.0,"[0.005156522151082754, 0.06700106710195541, -0.5313107967376709, -0.3088647425174713, -0.02674550563097, 0.0029826145619153976]","[0.49817848205566406, 0.6526592373847961, 0.64597088098526, 0.8503706455230713, 0.9081600308418274, 0.896861732006073, 0.6418401002883911]"
0,51,INITIALIZATION,0,0,0,0,1.0,1.0,1.0,1.0,1.0,1.0,1.0,1.0,1.0,1.0,1.0,1.0,0.0,0.0,0.0,0.0,0.0,0.0,0.0,0.0,0.0,0.0,0.0,0.0,0.0,0.0,0.0,0.0,"[0.0027600466273725033, 0.048694223165512085, -0.5012860894203186, -0.3321634829044342, -0.027614552527666092, -0.009374887682497501]","[0.5055203437805176, 0.6502752900123596, 0.6438446640968323, 0.8544586896896362, 0.897231936454773, 0.9041513800621033, 0.6449035406112671]"
0,52,INITIALIZATION,0,0,0,0,1.0,1.0,1.0,1.0,1.0,1.0,1.0,1.0,1.0,1.0,1.0,1.0,0.0,0.0,0.0,0.0,0.0,0.0,0.0,0.0,0.0,0.0,0.0,0.0,0.0,0.0,0.0,0.0,"[-0.038408953696489334, 0.06281176954507828, -0.49210935831069946, -0.3251853287220001, -0.035435378551483154, -0.0007428404642269015]","[0.5010980367660522, 0.6441805958747864, 0.6452236175537109, 0.8559786081314087, 0.9003937244415283, 0.8992035984992981, 0.6406260132789612]"
0,53,INITIALIZATION,0,0,0,0,1.0,1.0,1.0,1.0,1.0,1.0,1.0,1.0,1.0,1.0,1.0,1.0,0.0,0.0,0.0,0.0,0.0,0.0,0.0,0.0,0.0,0.0,0.0,0.0,0.0,0.0,0.0,0.0,"[-0.023877544328570366, 0.05735015124082565, -0.5125382542610168, -0.32759666442871094, -0.036768507212400436, 0.01657421514391899]","[0.4909161329269409, 0.647775411605835, 0.64995938539505, 0.8439462184906006, 0.9082319736480713, 0.9032180309295654, 0.6638506054878235]"
0,54,INITIALIZATION,0,0,0,0,1.0,1.0,1.0,1.0,1.0,1.0,1.0,1.0,1.0,1.0,1.0,1.0,0.0,0.0,0.0,0.0,0.0,0.0,0.0,0.0,0.0,0.0,0.0,0.0,0.0,0.0,0.0,0.0,"[0.01578880473971367, 0.060983482748270035, -0.5199403762817383, -0.32480135560035706, -0.06275562942028046, 0.020747538655996323]","[0.4943801164627075, 0.6537202000617981, 0.6620585918426514, 0.8470627665519714, 0.9007113575935364, 0.9093436598777771, 0.6472930312156677]"
0,55,INITIALIZATION,0,0,0,0,1.0,1.0,1.0,1.0,1.0,1.0,1.0,1.0,1.0,1.0,1.0,1.0,0.0,0.0,0.0,0.0,0.0,0.0,0.0,0.0,0.0,0.0,0.0,0.0,0.0,0.0,0.0,0.0,"[-0.016446001827716827, 0.038611967116594315, -0.5093745589256287, -0.32638370990753174, -0.054709382355213165, 0.017658047378063202]","[0.5058945417404175, 0.6634454131126404, 0.639104962348938, 0.8428300023078918, 0.8956634402275085, 0.9068241119384766, 0.6430532336235046]"
0,56,INITIALIZATION,0,0,0,0,1.0,1.0,1.0,1.0,1.0,1.0,1.0,1.0,1.0,1.0,1.0,1.0,0.0,0.0,0.0,0.0,0.0,0.0,0.0,0.0,0.0,0.0,0.0,0.0,0.0,0.0,0.0,0.0,"[-0.014461077749729156, 0.063927561044693, -0.4890868365764618, -0.313245952129364, -0.05228789150714874, 0.012703616172075272]","[0.49442294239997864, 0.6515754461288452, 0.6379637718200684, 0.853164553642273, 0.895880937576294, 0.9008326530456543, 0.6528277397155762]"
0,57,INITIALIZATION,0,0,0,0,1.0,1.0,1.0,1.0,1.0,1.0,1.0,1.0,1.0,1.0,1.0,1.0,0.0,0.0,0.0,0.0,0.0,0.0,0.0,0.0,0.0,0.0,0.0,0.0,0.0,0.0,0.0,0.0,"[-0.008542229421436787, 0.05484417453408241, -0.5009177327156067, -0.3251114785671234, -0.04464476555585861, -0.014491111971437931]","[0.5010291934013367, 0.6527620553970337, 0.6638246774673462, 0.8485789895057678, 0.9116010069847107, 0.906015157699585, 0.643676221370697]"
0,58,INITIALIZATION,0,0,0,0,1.0,1.0,1.0,1.0,1.0,1.0,1.0,1.0,1.0,1.0,1.0,1.0,0.0,0.0,0.0,0.0,0.0,0.0,0.0,0.0,0.0,0.0,0.0,0.0,0.0,0.0,0.0,0.0,"[-0.00718601793050766, 0.04365560784935951, -0.5080901980400085, -0.2945084273815155, -0.04490111768245697, -0.017695805057883263]","[0.5029645562171936, 0.6535570621490479, 0.6511662006378174, 0.853046715259552, 0.8994289040565491, 0.8882675766944885, 0.651214063167572]"
0,59,INITIALIZATION,0,0,0,0,1.0,1.0,1.0,1.0,1.0,1.0,1.0,1.0,1.0,1.0,1.0,1.0,0.0,0.0,0.0,0.0,0.0,0.0,0.0,0.0,0.0,0.0,0.0,0.0,0.0,0.0,0.0,0.0,"[-0.001783453393727541, 0.03721640259027481, -0.5181457996368408, -0.31267428398132324, -0.05981620401144028, -0.0007391663384623826]","[0.49085041880607605, 0.647878885269165, 0.6488383412361145, 0.848362147808075, 0.9045255184173584, 0.9015767574310303, 0.6536285877227783]"
0,60,INITIALIZATION,0,0,0,0,1.0,1.0,1.0,1.0,1.0,1.0,1.0,1.0,1.0,1.0,1.0,1.0,0.0,0.0,0.0,0.0,0.0,0.0,0.0,0.0,0.0,0.0,0.0,0.0,0.0,0.0,0.0,0.0,"[-0.007318694144487381, 0.05425311252474785, -0.49580010771751404, -0.3354639708995819, -0.06033290922641754, 0.012371711432933807]","[0.5178380608558655, 0.6483017802238464, 0.6558595299720764, 0.8515306115150452, 0.8984007835388184, 0.9012168645858765, 0.6478868722915649]"
0,61,INITIALIZATION,0,0,0,0,1.0,1.0,1.0,1.0,1.0,1.0,1.0,1.0,1.0,1.0,1.0,1.0,0.0,0.0,0.0,0.0,0.0,0.0,0.0,0.0,0.0,0.0,0.0,0.0,0.0,0.0,0.0,0.0,"[-0.022944513708353043, 0.07522489130496979, -0.5202322006225586, -0.3110920786857605, -0.05252745747566223, 0.00373078603297472]","[0.503705620765686, 0.6577165722846985, 0.6630240678787231, 0.848206102848053, 0.9116501808166504, 0.9036350846290588, 0.6590894460678101]"
0,62,INITIALIZATION,0,0,0,0,1.0,1.0,1.0,1.0,1.0,1.0,1.0,1.0,1.0,1.0,1.0,1.0,0.0,0.0,0.0,0.0,0.0,0.0,0.0,0.0,0.0,0.0,0.0,0.0,0.0,0.0,0.0,0.0,"[0.00645335391163826, 0.04357445612549782, -0.4940658509731293, -0.3381761610507965, -0.040183112025260925, -0.0008855246123857796]","[0.4930442273616791, 0.6475145816802979, 0.6515899300575256, 0.8457785844802856, 0.9011269211769104, 0.9074859023094177, 0.6500813961029053]"
0,63,INITIALIZATION,0,0,0,0,1.0,1.0,1.0,1.0,1.0,1.0,1.0,1.0,1.0,1.0,1.0,1.0,0.0,0.0,0.0,0.0,0.0,0.0,0.0,0.0,0.0,0.0,0.0,0.0,0.0,0.0,0.0,0.0,"[-0.003373823594301939, 0.056525032967329025, -0.5159285664558411, -0.3187708556652069, -0.03745189309120178, 0.0047814007848501205]","[0.5091006755828857, 0.6559432148933411, 0.6442219018936157, 0.8597323894500732, 0.9032797813415527, 0.9064717888832092, 0.6405466794967651]"
0,64,INITIALIZATION,0,0,0,0,1.0,1.0,1.0,1.0,1.0,1.0,1.0,1.0,1.0,1.0,1.0,1.0,0.0,0.0,0.0,0.0,0.0,0.0,0.0,0.0,0.0,0.0,0.0,0.0,0.0,0.0,0.0,0.0,"[-0.013952755369246006, 0.05019019544124603, -0.5213775634765625, -0.32073694467544556, -0.0646037757396698, -0.007468912750482559]","[0.49213114380836487, 0.6453750133514404, 0.6460597515106201, 0.8572417497634888, 0.8928771018981934, 0.9013476371765137, 0.6608668565750122]"
0,65,INITIALIZATION,0,0,0,0,1.0,1.0,1.0,1.0,1.0,1.0,1.0,1.0,1.0,1.0,1.0,1.0,0.0,0.0,0.0,0.0,0.0,0.0,0.0,0.0,0.0,0.0,0.0,0.0,0.0,0.0,0.0,0.0,"[-0.016926296055316925, 0.06664079427719116, -0.5320371389389038, -0.3195571005344391, -0.028299890458583832, 0.0034564058296382427]","[0.514569878578186, 0.6488775014877319, 0.6432942152023315, 0.8444133400917053, 0.8982036709785461, 0.8957481384277344, 0.6531705260276794]"
0,66,INITIALIZATION,0,0,0,0,1.0,1.0,1.0,1.0,1.0,1.0,1.0,1.0,1.0,1.0,1.0,1.0,0.0,0.0,0.0,0.0,0.0,0.0,0.0,0.0,0.0,0.0,0.0,0.0,0.0,0.0,0.0,0.0,"[-0.0066047110594809055, 0.06019948050379753, -0.5169517397880554, -0.30978161096572876, -0.01797180064022541, -0.01021205261349678]","[0.5108945369720459, 0.6519805192947388, 0.6539098620414734, 0.8465245962142944, 0.8847399950027466, 0.8999651074409485, 0.65779048204422]"
0,67,INITIALIZATION,0,0,0,0,1.0,1.0,1.0,1.0,1.0,1.0,1.0,1.0,1.0,1.0,1.0,1.0,0.0,0.0,0.0,0.0,0.0,0.0,0.0,0.0,0.0,0.0,0.0,0.0,0.0,0.0,0.0,0.0,"[-0.016918562352657318, 0.06833122670650482, -0.5161569118499756, -0.3216657042503357, -0.034915417432785034, -0.012165679596364498]","[0.48827576637268066, 0.64888596534729, 0.6537917256355286, 0.852142333984375, 0.8996631503105164, 0.9117446541786194, 0.6521328687667847]"
0,68,INITIALIZATION,0,0,0,0,1.0,1.0,1.0,1.0,1.0,1.0,1.0,1.0,1.0,1.0,1.0,1.0,0.0,0.0,0.0,0.0,0.0,0.0,0.0,0.0,0.0,0.0,0.0,0.0,0.0,0.0,0.0,0.0,"[-0.002428644336760044, 0.05346373841166496, -0.4987765848636627, -0.31442102789878845, -0.03460245206952095, -0.01058886107057333]","[0.5085175037384033, 0.6431913375854492, 0.6612446308135986, 0.8433665633201599, 0.8954533934593201, 0.900255024433136, 0.6472577452659607]"
0,69,INITIALIZATION,0,0,0,0,1.0,1.0,1.0,1.0,1.0,1.0,1.0,1.0,1.0,1.0,1.0,1.0,0.0,0.0,0.0,0.0,0.0,0.0,0.0,0.0,0.0,0.0,0.0,0.0,0.0,0.0,0.0,0.0,"[-0.005651410203427076, 0.08294552564620972, -0.5173941254615784, -0.32018613815307617, -0.044746365398168564, -0.012312366627156734]","[0.5068462491035461, 0.6418284177780151, 0.658279538154602, 0.841552197933197, 0.8910439610481262, 0.9136832356452942, 0.6496460437774658]"
0,70,INITIALIZATION,0,0,0,0,1.0,1.0,1.0,1.0,1.0,1.0,1.0,1.0,1.0,1.0,1.0,1.0,0.0,0.0,0.0,0.0,0.0,0.0,0.0,0.0,0.0,0.0,0.0,0.0,0.0,0.0,0.0,0.0,"[0.004063383676111698, 0.03525298833847046, -0.5193353891372681, -0.3141247630119324, -0.04199107363820076, 0.006302380934357643]","[0.4962482452392578, 0.6541101932525635, 0.6449701189994812, 0.8453764915466309, 0.8890703916549683, 0.8939051032066345, 0.6469754576683044]"
0,71,INITIALIZATION,0,0,0,0,1.0,1.0,1.0,1.0,1.0,1.0,1.0,1.0,1.0,1.0,1.0,1.0,0.0,0.0,0.0,0.0,0.0,0.0,0.0,0.0,0.0,0.0,0.0,0.0,0.0,0.0,0.0,0.0,"[-0.006188875064253807, 0.04962398484349251, -0.504585325717926, -0.3052518665790558, -0.053841765969991684, 0.007748575881123543]","[0.49586179852485657, 0.656051516532898, 0.6428386569023132, 0.8500475287437439, 0.9026367664337158, 0.9014835357666016, 0.6520771980285645]"
0,72,INITIALIZATION,0,0,0,0,1.0,1.0,1.0,1.0,1.0,1.0,1.0,1.0,1.0,1.0,1.0,1.0,0.0,0.0,0.0,0.0,0.0,0.0,0.0,0.0,0.0,0.0,0.0,0.0,0.0,0.0,0.0,0.0,"[-0.024916406720876694, 0.05902601778507233, -0.4988028109073639, -0.30932408571243286, -0.05510968342423439, -0.011085087433457375]","[0.5083637833595276, 0.6460878252983093, 0.6481128931045532, 0.84825599193573, 0.8981914520263672, 0.9105663299560547, 0.6518866419792175]"
0,73,INITIALIZATION,0,0,0,0,1.0,1.0,1.0,1.0,1.0,1.0,1.0,1.0,1.0,1.0,1.0,1.0,0.0,0.0,0.0,0.0,0.0,0.0,0.0,0.0,0.0,0.0,0.0,0.0,0.0,0.0,0.0,0.0,"[-0.0001344648189842701, 0.07008066773414612, -0.5028078556060791, -0.2898976504802704, -0.0494522899389267, 0.005878141149878502]","[0.5004855394363403, 0.654313862323761, 0.6508798599243164, 0.8509564399719238, 0.8837924003601074, 0.897723913192749, 0.6444622874259949]"
0,74,INITIALIZATION,0,0,0,0,1.0,1.0,1.0,1.0,1.0,1.0,1.0,1.0,1.0,1.0,1.0,1.0,0.0,0.0,0.0,0.0,0.0,0.0,0.0,0.0,0.0,0.0,0.0,0.0,0.0,0.0,0.0,0.0,"[0.014520779252052307, 0.06332381814718246, -0.5140909552574158, -0.2974485456943512, -0.04836899787187576, -0.004549975041300058]","[0.48656708002090454, 0.6487419605255127, 0.6504131555557251, 0.8439684510231018, 0.895786702632904, 0.8946255445480347, 0.6518939733505249]"
0,75,INITIALIZATION,0,0,0,0,1.0,1.0,1.0,1.0,1.0,1.0,1.0,1.0,1.0,1.0,1.0,1.0,0.0,0.0,0.0,0.0,0.0,0.0,0.0,0.0,0.0,0.0,0.0,0.0,0.0,0.0,0.0,0.0,"[-0.008304422721266747, 0.055738627910614014, -0.5148029327392578, -0.3318292796611786, -0.031305037438869476, -0.006271566264331341]","[0.49939262866973877, 0.6529937386512756, 0.6366626024246216, 0.8487602472305298, 0.8963672518730164, 0.9039103984832764, 0.6547254920005798]"
0,76,INITIALIZATION,0,0,0,0,1.0,1.0,1.0,1.0,1.0,1.0,1.0,1.0,1.0,1.0,1.0,1.0,0.0,0.0,0.0,0.0,0.0,0.0,0.0,0.0,0.0,0.0,0.0,0.0,0.0,0.0,0.0,0.0,"[0.0097206961363554, 0.07736653834581375, -0.5146839022636414, -0.3143550157546997, -0.04148080199956894, -0.002311550546437502]","[0.5019381642341614, 0.6520637273788452, 0.6640647053718567, 0.8584911227226257, 0.911527156829834, 0.905954897403717, 0.651310384273529]"
0,77,INITIALIZATION,0,0,0,0,1.0,1.0,1.0,1.0,1.0,1.0,1.0,1.0,1.0,1.0,1.0,1.0,0.0,0.0,0.0,0.0,0.0,0.0,0.0,0.0,0.0,0.0,0.0,0.0,0.0,0.0,0.0,0.0,"[-0.008296702057123184, 0.04890066757798195, -0.5127933621406555, -0.3170125186443329, -0.042514584958553314, -0.009476899169385433]","[0.504398763179779, 0.660612940788269, 0.6568666100502014, 0.8504768013954163, 0.8967398405075073, 0.8987181782722473, 0.6439456939697266]"
0,78,INITIALIZATION,0,0,0,0,1.0,1.0,1.0,1.0,1.0,1.0,1.0,1.0,1.0,1.0,1.0,1.0,0.0,0.0,0.0,0.0,0.0,0.0,0.0,0.0,0.0,0.0,0.0,0.0,0.0,0.0,0.0,0.0,"[-0.007418762892484665, 0.0585210882127285, -0.5164982676506042, -0.3188249468803406, -0.05377575382590294, 0.004333868157118559]","[0.507506787776947, 0.6417698860168457, 0.6468178033828735, 0.8606677055358887, 0.9014729857444763, 0.9073951244354248, 0.6471239328384399]"
0,79,INITIALIZATION,0,0,0,0,1.0,1.0,1.0,1.0,1.0,1.0,1.0,1.0,1.0,1.0,1.0,1.0,0.0,0.0,0.0,0.0,0.0,0.0,0.0,0.0,0.0,0.0,0.0,0.0,0.0,0.0,0.0,0.0,"[-0.0023806248791515827, 0.056716807186603546, -0.526772141456604, -0.31228676438331604, -0.04840247705578804, -0.0012171027483418584]","[0.5022442936897278, 0.6458745002746582, 0.6510375142097473, 0.8495913147926331, 0.8930830955505371, 0.9029305577278137, 0.6473278999328613]"
1,0,INITIALIZATION,0,0,0,0,1.0,1.0,1.0,1.0,1.0,1.0,1.0,1.0,1.0,1.0,1.0,1.0,0.0,0.0,0.0,0.0,0.0,0.0,0.0,0.0,0.0,0.0,0.0,0.0,0.0,0.0,0.0,0.0,"[0.00053994613699615, -0.01741814985871315, 0.0035511257592588663, -0.0026626521721482277, 0.0032043149694800377, -0.010857399553060532]","[0.4908638298511505, 0.6516698002815247, 0.6478360891342163, 0.8473995327949524, 0.8991356492042542, 0.9068354368209839, 0.6555799841880798]"
1,1,INITIALIZATION,0,0,0,0,1.0,1.0,1.0,1.0,1.0,1.0,1.0,1.0,1.0,1.0,1.0,1.0,0.0,0.0,0.0,0.0,0.0,0.0,0.0,0.0,0.0,0.0,0.0,0.0,0.0,0.0,0.0,0.0,"[0.005396140273660421, 0.0024617344606667757, -0.028585130348801613, 0.0017431705491617322, 0.0008751469431445003, 0.020884355530142784]","[0.49143198132514954, 0.6441207528114319, 0.639843225479126, 0.8516054153442383, 0.9059988260269165, 0.8999305367469788, 0.6571316719055176]"
1,2,INITIALIZATION,0,0,0,0,1.0,1.0,1.0,1.0,1.0,1.0,1.0,1.0,1.0,1.0,1.0,1.0,0.0,0.0,0.0,0.0,0.0,0.0,0.0,0.0,0.0,0.0,0.0,0.0,0.0,0.0,0.0,0.0,"[-0.0013619564706459641, 0.006633454468101263, -0.07980379462242126, 8.445642379228957e-06, -0.008771891705691814, 0.00798956211656332]","[0.5024351477622986, 0.6447467803955078, 0.6426699757575989, 0.8392592072486877, 0.8919429779052734, 0.9010318517684937, 0.6534757018089294]"
1,3,INITIALIZATION,0,0,0,0,1.0,1.0,1.0,1.0,1.0,1.0,1.0,1.0,1.0,1.0,1.0,1.0,0.0,0.0,0.0,0.0,0.0,0.0,0.0,0.0,0.0,0.0,0.0,0.0,0.0,0.0,0.0,0.0,"[0.006593028549104929, 0.015509933233261108, -0.19013500213623047, -0.001063998439349234, 0.00019730557687580585, -0.0017343501094728708]","[0.499971866607666, 0.6536871790885925, 0.6496808528900146, 0.8498826622962952, 0.9115280508995056, 0.9145102500915527, 0.6392326354980469]"
1,4,INITIALIZATION,0,0,0,0,1.0,1.0,1.0,1.0,1.0,1.0,1.0,1.0,1.0,1.0,1.0,1.0,0.0,0.0,0.0,0.0,0.0,0.0,0.0,0.0,0.0,0.0,0.0,0.0,0.0,0.0,0.0,0.0,"[0.005419296212494373, 0.005994195118546486, -0.3123825490474701, 0.015099089592695236, 0.015261510387063026, 0.023122286424040794]","[0.5025215744972229, 0.6547749638557434, 0.6426653861999512, 0.8526328206062317, 0.9028711318969727, 0.8990095257759094, 0.6485364437103271]"
1,5,INITIALIZATION,0,0,0,0,1.0,1.0,1.0,1.0,1.0,1.0,1.0,1.0,1.0,1.0,1.0,1.0,0.0,0.0,0.0,0.0,0.0,0.0,0.0,0.0,0.0,0.0,0.0,0.0,0.0,0.0,0.0,0.0,"[0.03707756847143173, -0.005976972170174122, -0.40903615951538086, 0.007647570222616196, 0.14832478761672974, -0.0013039680197834969]","[0.5092660188674927, 0.6482425332069397, 0.6475802063941956, 0.8483980298042297, 0.8952329158782959, 0.9094488024711609, 0.6554670333862305]"
1,6,INITIALIZATION,0,0,0,0,1.0,1.0,1.0,1.0,1.0,1.0,1.0,1.0,1.0,1.0,1.0,1.0,0.0,0.0,0.0,0.0,0.0,0.0,0.0,0.0,0.0,0.0,0.0,0.0,0.0,0.0,0.0,0.0,"[0.03781809285283089, 0.0021049948409199715, -0.41379550099372864, -0.058216240257024765, 0.1597609519958496, 0.019658934324979782]","[0.508134126663208, 0.6522659659385681, 0.6429808139801025, 0.8583981394767761, 0.8978351354598999, 0.9058681130409241, 0.6532688736915588]"
1,7,INITIALIZATION,0,0,0,0,1.0,1.0,1.0,1.0,1.0,1.0,1.0,1.0,1.0,1.0,1.0,1.0,0.0,0.0,0.0,0.0,0.0,0.0,0.0,0.0,0.0,0.0,0.0,0.0,0.0,0.0,0.0,0.0,"[0.019568651914596558, 0.026876693591475487, -0.4286559820175171, -0.13270139694213867, 0.15391723811626434, 0.001075081992894411]","[0.4939839541912079, 0.6461557149887085, 0.650775134563446, 0.845827579498291, 0.8934475183486938, 0.9069194793701172, 0.6427215337753296]"
1,8,INITIALIZATION,0,0,0,0,1.0,1.0,1.0,1.0,1.0,1.0,1.0,1.0,1.0,1.0,1.0,1.0,0.0,0.0,0.0,0.0,0.0,0.0,0.0,0.0,0.0,0.0,0.0,0.0,0.0,0.0,0.0,0.0,"[0.02616283670067787, 0.024541500955820084, -0.4080309569835663, -0.2068357914686203, 0.1155337393283844, -0.0066576190292835236]","[0.49860620498657227, 0.652158260345459, 0.6485830545425415, 0.8479315042495728, 0.900239109992981, 0.9005683660507202, 0.6532444953918457]"
1,9,INITIALIZATION,0,0,0,0,1.0,1.0,1.0,1.0,1.0,1.0,1.0,1.0,1.0,1.0,1.0,1.0,0.0,0.0,0.0,0.0,0.0,0.0,0.0,0.0,0.0,0.0,0.0,0.0,0.0,0.0,0.0,0.0,"[0.024362491443753242, 0.041597720235586166, -0.405533105134964, -0.22058242559432983, 0.14283718168735504, 0.00970516074448824]","[0.49846333265304565, 0.6548510193824768, 0.6464353203773499, 0.8531473875045776, 0.9049140810966492, 0.8958072066307068, 0.659981369972229]"
1,10,INITIALIZATION,0,0,0,0,1.0,1.0,1.0,1.0,1.0,1.0,1.0,1.0,1.0,1.0,1.0,1.0,0.0,0.0,0.0,0.0,0.0,0.0,0.0,0.0,0.0,0.0,0.0,0.0,0.0,0.0,0.0,0.0,"[0.04139300808310509, 0.05010882019996643, -0.3793986439704895, -0.19436565041542053, 0.13693039119243622, 0.008106125518679619]","[0.5151240229606628, 0.6394135355949402, 0.6431955695152283, 0.8541502952575684, 0.9060910940170288, 0.8986373543739319, 0.6446509957313538]"
1,11,INITIALIZATION,0,0,0,0,1.0,1.0,1.0,1.0,1.0,1.0,1.0,1.0,1.0,1.0,1.0,1.0,0.0,0.0,0.0,0.0,0.0,0.0,0.0,0.0,0.0,0.0,0.0,0.0,0.0,0.0,0.0,0.0,"[0.018578261137008667, 0.02130374312400818, -0.3993381857872009, -0.17817291617393494, 0.15016545355319977, -0.004725852981209755]","[0.5056695342063904, 0.6588683724403381, 0.6460643410682678, 0.8585555553436279, 0.9003812074661255, 0.8946886658668518, 0.6443910002708435]"
1,12,INITIALIZATION,0,0,0,0,1.0,1.0,1.0,1.0,1.0,1.0,1.0,1.0,1.0,1.0,1.0,1.0,0.0,0.0,0.0,0.0,0.0,0.0,0.0,0.0,0.0,0.0,0.0,0.0,0.0,0.0,0.0,0.0,"[0.050532929599285126, 0.025867884978652, -0.4231814742088318, -0.11280161887407303, 0.1490950584411621, -0.00821785256266594]","[0.49594053626060486, 0.6518269777297974, 0.659822940826416, 0.8573009967803955, 0.9052802324295044, 0.8982885479927063, 0.6516969203948975]"
1,13,INITIALIZATION,0,0,0,0,1.0,1.0,1.0,1.0,1.0,1.0,1.0,1.0,1.0,1.0,1.0,1.0,0.0,0.0,0.0,0.0,0.0,0.0,0.0,0.0,0.0,0.0,0.0,0.0,0.0,0.0,0.0,0.0,"[0.026227129623293877, 0.026425525546073914, -0.41772639751434326, -0.09270629286766052, 0.1296515166759491, -0.002588209928944707]","[0.5047307014465332, 0.662131667137146, 0.6529330611228943, 0.8509688377380371, 0.8949743509292603, 0.9026307463645935, 0.6476410031318665]"
1,14,INITIALIZATION,0,0,0,0,1.0,1.0,1.0,1.0,1.0,1.0,1.0,1.0,1.0,1.0,1.0,1.0,0.0,0.0,0.0,0.0,0.0,0.0,0.0,0.0,0.0,0.0,0.0,0.0,0.0,0.0,0.0,0.0,"[0.017641529440879822, 0.01076220441609621, -0.4079752266407013, -0.07996734976768494, 0.133257657289505, 0.004707659594714642]","[0.5020478963851929, 0.6483345031738281, 0.6580357551574707, 0.8472595810890198, 0.9035452008247375, 0.897956132888794, 0.6569294333457947]"
1,15,INITIALIZATION,0,0,0,0,1.0,1.0,1.0,1.0,1.0,1.0,1.0,1.0,1.0,1.0,1.0,1.0,0.0,0.0,0.0,0.0,0.0,0.0,0.0,0.0,0.0,0.0,0.0,0.0,0.0,0.0,0.0,0.0,"[0.028330614790320396, 0.01782160811126232, -0.4078620374202728, -0.06949376314878464, 0.138661727309227, 0.011767374351620674]","[0.5019470453262329, 0.6430527567863464, 0.6495934128761292, 0.838668167591095, 0.8984115123748779, 0.9084299802780151, 0.664702296257019]"
1,16,INITIALIZATION,0,0,0,0,1.0,1.0,1.0,1.0,1.0,1.0,1.0,1.0,1.0,1.0,1.0,1.0,0.0,0.0,0.0,0.0,0.0,0.0,0.0,0.0,0.0,0.0,0.0,0.0,0.0,0.0,0.0,0.0,"[0.015932556241750717, 0.011887476779520512, -0.42284098267555237, -0.11084458976984024, 0.14778666198253632, -0.0019804551266133785]","[0.498115211725235, 0.6558905839920044, 0.6625506281852722, 0.8391776084899902, 0.8985102772712708, 0.8927910327911377, 0.6454068422317505]"
1,17,INITIALIZATION,0,0,0,0,1.0,1.0,1.0,1.0,1.0,1.0,1.0,1.0,1.0,1.0,1.0,1.0,0.0,0.0,0.0,0.0,0.0,0.0,0.0,0.0,0.0,0.0,0.0,0.0,0.0,0.0,0.0,0.0,"[0.01916135661303997, 0.0464697889983654, -0.4188518524169922, -0.13822269439697266, 0.13945944607257843, 0.002530517987906933]","[0.5062456130981445, 0.6573565006256104, 0.6482881307601929, 0.8519785404205322, 0.8953647613525391, 0.9046611785888672, 0.6561599373817444]"
1,18,INITIALIZATION,0,0,0,0,1.0,1.0,1.0,1.0,1.0,1.0,1.0,1.0,1.0,1.0,1.0,1.0,0.0,0.0,0.0,0.0,0.0,0.0,0.0,0.0,0.0,0.0,0.0,0.0,0.0,0.0,0.0,0.0,"[0.03993731737136841, 0.019198205322027206, -0.4264430105686188, -0.15077006816864014, 0.13776755332946777, -0.0037800578866153955]","[0.49046841263771057, 0.646483302116394, 0.6588325500488281, 0.8557977080345154, 0.895618200302124, 0.8893831372261047, 0.6658430695533752]"
1,19,INITIALIZATION,0,0,0,0,1.0,1.0,1.0,1.0,1.0,1.0,1.0,1.0,1.0,1.0,1.0,1.0,0.0,0.0,0.0,0.0,0.0,0.0,0.0,0.0,0.0,0.0,0.0,0.0,0.0,0.0,0.0,0.0,"[0.008780175819993019, 0.017674105241894722, -0.4218437373638153, -0.1480480432510376, 0.12285233289003372, -0.005672167986631393]","[0.5030196309089661, 0.6632724404335022, 0.6428194046020508, 0.852936863899231, 0.8900359272956848, 0.8969710469245911, 0.6549875736236572]"
1,20,INITIALIZATION,0,0,0,0,1.0,1.0,1.0,1.0,1.0,1.0,1.0,1.0,1.0,1.0,1.0,1.0,0.0,0.0,0.0,0.0,0.0,0.0,0.0,0.0,0.0,0.0,0.0,0.0,0.0,0.0,0.0,0.0,"[0.012220232747495174, 0.023818766698241234, -0.3973637819290161, -0.12310071289539337, 0.1433248221874237, 0.021871361881494522]","[0.4967421889305115, 0.6481964588165283, 0.6473665833473206, 0.85516357421875, 0.9025591611862183, 0.9039852023124695, 0.649681806564331]"
1,21,INITIALIZATION,0,0,0,0,1.0,1.0,1.0,1.0,1.0,1.0,1.0,1.0,1.0,1.0,1.0,1.0,0.0,0.0,0.0,0.0,0.0,0.0,0.0,0.0,0.0,0.0,0.0,0.0,0.0,0.0,0.0,0.0,"[0.023631883785128593, 0.012833348475396633, -0.42983561754226685, -0.12766511738300323, 0.13394857943058014, -0.0024454297963529825]","[0.49073073267936707, 0.6522648930549622, 0.6614538431167603, 0.8570890426635742, 0.8925173878669739, 0.9002950191497803, 0.6566408276557922]"
1,22,INITIALIZATION,0,0,0,0,1.0,1.0,1.0,1.0,1.0,1.0,1.0,1.0,1.0,1.0,1.0,1.0,0.0,0.0,0.0,0.0,0.0,0.0,0.0,0.0,0.0,0.0,0.0,0.0,0.0,0.0,0.0,0.0,"[0.021844182163476944, 0.0172516368329525, -0.41773954033851624, -0.13618917763233185, 0.16210967302322388, 0.004738598596304655]","[0.5039553642272949, 0.6490926742553711, 0.6592263579368591, 0.8474414944648743, 0.9041924476623535, 0.9165356159210205, 0.6533777713775635]"
1,23,INITIALIZATION,0,0,0,0,1.0,1.0,1.0,1.0,1.0,1.0,1.0,1.0,1.0,1.0,1.0,1.0,0.0,0.0,0.0,0.0,0.0,0.0,0.0,0.0,0.0,0.0,0.0,0.0,0.0,0.0,0.0,0.0,"[0.028731966391205788, 0.0007374230772256851, -0.4112401306629181, -0.13463374972343445, 0.12949682772159576, -0.020031610503792763]","[0.5053412318229675, 0.6502947807312012, 0.6457714438438416, 0.8369420170783997, 0.9003945589065552, 0.902446985244751, 0.6576483845710754]"
1,24,INITIALIZATION,0,0,0,0,1.0,1.0,1.0,1.0,1.0,1.0,1.0,1.0,1.0,1.0,1.0,1.0,0.0,0.0,0.0,0.0,0.0,0.0,0.0,0.0,0.0,0.0,0.0,0.0,0.0,0.0,0.0,0.0,"[0.011310959234833717, 0.02427210845053196, -0.4147306978702545, -0.12477383017539978, 0.1555127203464508, 0.013652223162353039]","[0.5082808136940002, 0.6537206172943115, 0.6497677564620972, 0.8559598922729492, 0.8908714652061462, 0.892409086227417, 0.6466248631477356]"
1,25,INITIALIZATION,0,0,0,0,1.0,1.0,1.0,1.0,1.0,1.0,1.0,1.0,1.0,1.0,1.0,1.0,0.0,0.0,0.0,0.0,0.0,0.0,0.0,0.0,0.0,0.0,0.0,0.0,0.0,0.0,0.0,0.0,"[0.026727767661213875, 0.03560542315244675, -0.4138425290584564, -0.1487807184457779, 0.12838095426559448, 0.00600107666105032]","[0.4924774467945099, 0.6452269554138184, 0.6582359671592712, 0.8402776718139648, 0.9041177034378052, 0.8920661211013794, 0.6530400514602661]"
1,26,INITIALIZATION,0,0,0,0,1.0,1.0,1.0,1.0,1.0,1.0,1.0,1.0,1.0,1.0,1.0,1.0,0.0,0.0,0.0,0.0,0.0,0.0,0.0,0.0,0.0,0.0,0.0,0.0,0.0,0.0,0.0,0.0,"[0.023614492267370224, 0.014725175686180592, -0.4231025278568268, -0.12401528656482697, 0.17877884209156036, -0.0014979499392211437]","[0.4966088533401489, 0.6469848155975342, 0.6519764065742493, 0.8446751832962036, 0.895376980304718, 0.8979484438896179, 0.6509312391281128]"
1,27,INITIALIZATION,0,0,0,0,1.0,1.0,1.0,1.0,1.0,1.0,1.0,1.0,1.0,1.0,1.0,1.0,0.0,0.0,0.0,0.0,0.0,0.0,0.0,0.0,0.0,0.0,0.0,0.0,0.0,0.0,0.0,0.0,"[0.027305005118250847, 0.015241988003253937, -0.4221879839897156, -0.12479917705059052, 0.15768301486968994, 0.00730569614097476]","[0.5091744661331177, 0.6534144282341003, 0.6606562733650208, 0.8442832231521606, 0.900749683380127, 0.900771975517273, 0.6440293788909912]"
1,28,INITIALIZATION,0,0,0,0,1.0,1.0,1.0,1.0,1.0,1.0,1.0,1.0,1.0,1.0,1.0,1.0,0.0,0.0,0.0,0.0,0.0,0.0,0.0,0.0,0.0,0.0,0.0,0.0,0.0,0.0,0.0,0.0,"[0.02767551876604557, 0.03124370239675045, -0.41447198390960693, -0.148109570145607, 0.15137290954589844, 0.0034380925353616476]","[0.5090315341949463, 0.6612382531166077, 0.6521558165550232, 0.8549565076828003, 0.9024732112884521, 0.9073988795280457, 0.6553203463554382]"
1,29,INITIALIZATION,0,0,0,0,1.0,1.0,1.0,1.0,1.0,1.0,1.0,1.0,1.0,1.0,1.0,1.0,0.0,0.0,0.0,0.0,0.0,0.0,0.0,0.0,0.0,0.0,0.0,0.0,0.0,0.0,0.0,0.0,"[0.024585595354437828, 0.037231408059597015, -0.4166623651981354, -0.1369515210390091, 0.16027909517288208, 0.011560125276446342]","[0.4962450861930847, 0.6403501033782959, 0.642486572265625, 0.8497681021690369, 0.901906430721283, 0.9006571769714355, 0.6479598879814148]"
1,30,INITIALIZATION,0,0,0,0,1.0,1.0,1.0,1.0,1.0,1.0,1.0,1.0,1.0,1.0,1.0,1.0,0.0,0.0,0.0,0.0,0.0,0.0,0.0,0.0,0.0,0.0,0.0,0.0,0.0,0.0,0.0,0.0,"[0.038401879370212555, 0.030683953315019608, -0.41476505994796753, -0.1156076043844223, 0.14556002616882324, 0.004919347353279591]","[0.4986991286277771, 0.651504397392273, 0.6518394947052002, 0.8526721000671387, 0.8908005952835083, 0.9073457717895508, 0.6423649191856384]"
1,31,INITIALIZATION,0,0,0,0,1.0,1.0,1.0,1.0,1.0,1.0,1.0,1.0,1.0,1.0,1.0,1.0,0.0,0.0,0.0,0.0,0.0,0.0,0.0,0.0,0.0,0.0,0.0,0.0,0.0,0.0,0.0,0.0,"[0.019328400492668152, 0.013115030713379383, -0.41340747475624084, -0.13926930725574493, 0.1582382768392563, -0.011175554245710373]","[0.4966624677181244, 0.6549186110496521, 0.6492907404899597, 0.8647127151489258, 0.9071382880210876, 0.9040884971618652, 0.6526414752006531]"
1,32,INITIALIZATION,0,0,0,0,1.0,1.0,1.0,1.0,1.0,1.0,1.0,1.0,1.0,1.0,1.0,1.0,0.0,0.0,0.0,0.0,0.0,0.0,0.0,0.0,0.0,0.0,0.0,0.0,0.0,0.0,0.0,0.0,"[0.02490025758743286, 0.035417210310697556, -0.40222635865211487, -0.14885525405406952, 0.1547526717185974, -0.007729317061603069]","[0.5004206895828247, 0.6499066948890686, 0.651094377040863, 0.8530610203742981, 0.8940647840499878, 0.9005451202392578, 0.6497456431388855]"
1,33,INITIALIZATION,0,0,0,0,1.0,1.0,1.0,1.0,1.0,1.0,1.0,1.0,1.0,1.0,1.0,1.0,0.0,0.0,0.0,0.0,0.0,0.0,0.0,0.0,0.0,0.0,0.0,0.0,0.0,0.0,0.0,0.0,"[0.027177803218364716, 0.017076965421438217, -0.40966466069221497, -0.1357945203781128, 0.14751222729682922, 0.01281069964170456]","[0.5053985714912415, 0.6554743647575378, 0.6561845541000366, 0.8536261916160583, 0.900910496711731, 0.9039198160171509, 0.658390462398529]"
1,34,INITIALIZATION,0,0,0,0,1.0,1.0,1.0,1.0,1.0,1.0,1.0,1.0,1.0,1.0,1.0,1.0,0.0,0.0,0.0,0.0,0.0,0.0,0.0,0.0,0.0,0.0,0.0,0.0,0.0,0.0,0.0,0.0,"[0.032754190266132355, 0.0525025948882103, -0.4113398790359497, -0.14514170587062836, 0.14271752536296844, -0.007493976969271898]","[0.5080775022506714, 0.6370007991790771, 0.6431493759155273, 0.8487643599510193, 0.899116575717926, 0.8920738101005554, 0.6558430790901184]"
1,35,INITIALIZATION,0,0,0,0,1.0,1.0,1.0,1.0,1.0,1.0,1.0,1.0,1.0,1.0,1.0,1.0,0.0,0.0,0.0,0.0,0.0,0.0,0.0,0.0,0.0,0.0,0.0,0.0,0.0,0.0,0.0,0.0,"[0.03666968643665314, 0.029088258743286133, -0.4214327931404114, -0.11559417098760605, 0.14090140163898468, 0.017295710742473602]","[0.5027409791946411, 0.6530341506004333, 0.6510107517242432, 0.8506810665130615, 0.9069614410400391, 0.9016932249069214, 0.6496760845184326]"
1,36,INITIALIZATION,0,0,0,0,1.0,1.0,1.0,1.0,1.0,1.0,1.0,1.0,1.0,1.0,1.0,1.0,0.0,0.0,0.0,0.0,0.0,0.0,0.0,0.0,0.0,0.0,0.0,0.0,0.0,0.0,0.0,0.0,"[0.03139059618115425, 0.015092822723090649, -0.4143153429031372, -0.1551922857761383, 0.14212149381637573, -0.00036893528886139393]","[0.4919587969779968, 0.6533696055412292, 0.6481620073318481, 0.8490821123123169, 0.8925641179084778, 0.9047648906707764, 0.6503444314002991]"
1,37,INITIALIZATION,0,0,0,0,1.0,1.0,1.0,1.0,1.0,1.0,1.0,1.0,1.0,1.0,1.0,1.0,0.0,0.0,0.0,0.0,0.0,0.0,0.0,0.0,0.0,0.0,0.0,0.0,0.0,0.0,0.0,0.0,"[0.015996720641851425, 0.026162903755903244, -0.4157079756259918, -0.12340645492076874, 0.1394268125295639, -0.004468060098588467]","[0.5024822354316711, 0.6540310978889465, 0.6549758911132812, 0.8470019102096558, 0.8884686231613159, 0.8911467790603638, 0.6531774401664734]"
1,38,INITIALIZATION,0,0,0,0,1.0,1.0,1.0,1.0,1.0,1.0,1.0,1.0,1.0,1.0,1.0,1.0,0.0,0.0,0.0,0.0,0.0,0.0,0.0,0.0,0.0,0.0,0.0,0.0,0.0,0.0,0.0,0.0,"[0.01990070380270481, 0.007590562105178833, -0.40611517429351807, -0.1329476237297058, 0.16332806646823883, -0.007330729626119137]","[0.49382543563842773, 0.6525858640670776, 0.6463932394981384, 0.8504130840301514, 0.8954044580459595, 0.9002357721328735, 0.6409204006195068]"
1,39,INITIALIZATION,0,0,0,0,1.0,1.0,1.0,1.0,1.0,1.0,1.0,1.0,1.0,1.0,1.0,1.0,0.0,0.0,0.0,0.0,0.0,0.0,0.0,0.0,0.0,0.0,0.0,0.0,0.0,0.0,0.0,0.0,"[0.034699697047472, 0.024444296956062317, -0.40714219212532043, -0.15020228922367096, 0.1573609709739685, 0.0004078519996255636]","[0.4987436532974243, 0.6575626134872437, 0.6530806422233582, 0.8586375117301941, 0.8941398859024048, 0.9030143022537231, 0.6609152555465698]"
1,40,INITIALIZATION,0,0,0,0,1.0,1.0,1.0,1.0,1.0,1.0,1.0,1.0,1.0,1.0,1.0,1.0,0.0,0.0,0.0,0.0,0.0,0.0,0.0,0.0,0.0,0.0,0.0,0.0,0.0,0.0,0.0,0.0,"[0.02038000337779522, 0.0020685307681560516, -0.41945239901542664, -0.12578706443309784, 0.17324891686439514, 0.012518741190433502]","[0.49338600039482117, 0.6476919651031494, 0.6595596075057983, 0.8401848673820496, 0.9017913341522217, 0.8996052742004395, 0.656036913394928]"
1,41,INITIALIZATION,0,0,0,0,1.0,1.0,1.0,1.0,1.0,1.0,1.0,1.0,1.0,1.0,1.0,1.0,0.0,0.0,0.0,0.0,0.0,0.0,0.0,0.0,0.0,0.0,0.0,0.0,0.0,0.0,0.0,0.0,"[0.025922736153006554, 0.028664305806159973, -0.4059573709964752, -0.1532578468322754, 0.12698756158351898, 0.002114891540259123]","[0.5185222625732422, 0.6328853964805603, 0.6472415924072266, 0.8514092564582825, 0.91405189037323, 0.8997812867164612, 0.6493427157402039]"
1,42,INITIALIZATION,0,0,0,0,1.0,1.0,1.0,1.0,1.0,1.0,1.0,1.0,1.0,1.0,1.0,1.0,0.0,0.0,0.0,0.0,0.0,0.0,0.0,0.0,0.0,0.0,0.0,0.0,0.0,0.0,0.0,0.0,"[0.031977858394384384, 0.013907385990023613, -0.40767836570739746, -0.12728439271450043, 0.13022668659687042, -0.011667861603200436]","[0.504738986492157, 0.6665934920310974, 0.655135452747345, 0.8487328886985779, 0.8949742913246155, 0.8961114883422852, 0.6406165957450867]"
1,43,INITIALIZATION,0,0,0,0,1.0,1.0,1.0,1.0,1.0,1.0,1.0,1.0,1.0,1.0,1.0,1.0,0.0,0.0,0.0,0.0,0.0,0.0,0.0,0.0,0.0,0.0,0.0,0.0,0.0,0.0,0.0,0.0,"[0.047440044581890106, 0.015279258601367474, -0.4121086895465851, -0.1588999181985855, 0.14393654465675354, 0.00711385253816843]","[0.49893417954444885, 0.6649969816207886, 0.6549991965293884, 0.8454791307449341, 0.8975610733032227, 0.9158920049667358, 0.6337530016899109]"
1,44,INITIALIZATION,0,0,0,0,1.0,1.0,1.0,1.0,1.0,1.0,1.0,1.0,1.0,1.0,1.0,1.0,0.0,0.0,0.0,0.0,0.0,0.0,0.0,0.0,0.0,0.0,0.0,0.0,0.0,0.0,0.0,0.0,"[0.02758329175412655, 0.012485681101679802, -0.408107727766037, -0.15474635362625122, 0.14072059094905853, 0.014173868112266064]","[0.5017287731170654, 0.6451255679130554, 0.6527898907661438, 0.8591710925102234, 0.9025235176086426, 0.8884431719779968, 0.6515130996704102]"
1,45,INITIALIZATION,0,0,0,0,1.0,1.0,1.0,1.0,1.0,1.0,1.0,1.0,1.0,1.0,1.0,1.0,0.0,0.0,0.0,0.0,0.0,0.0,0.0,0.0,0.0,0.0,0.0,0.0,0.0,0.0,0.0,0.0,"[0.04063563793897629, 0.032767340540885925, -0.4142051637172699, -0.14305606484413147, 0.16147571802139282, -0.004847380332648754]","[0.5043900012969971, 0.6395773887634277, 0.6623098254203796, 0.8432946801185608, 0.8942937254905701, 0.9004819393157959, 0.6472210884094238]"
1,46,INITIALIZATION,0,0,0,0,1.0,1.0,1.0,1.0,1.0,1.0,1.0,1.0,1.0,1.0,1.0,1.0,0.0,0.0,0.0,0.0,0.0,0.0,0.0,0.0,0.0,0.0,0.0,0.0,0.0,0.0,0.0,0.0,"[0.021035920828580856, 0.024380767717957497, -0.4157428741455078, -0.12326028943061829, 0.150872141122818, -0.017873961478471756]","[0.5063644051551819, 0.661124050617218, 0.6460747718811035, 0.8541815876960754, 0.8933252096176147, 0.9161484837532043, 0.6453770995140076]"
1,47,INITIALIZATION,0,0,0,0,1.0,1.0,1.0,1.0,1.0,1.0,1.0,1.0,1.0,1.0,1.0,1.0,0.0,0.0,0.0,0.0,0.0,0.0,0.0,0.0,0.0,0.0,0.0,0.0,0.0,0.0,0.0,0.0,"[0.03605746477842331, 0.013331390917301178, -0.4191213548183441, -0.13208498060703278, 0.13859733939170837, 0.006926786154508591]","[0.5061957240104675, 0.6569166779518127, 0.6469768285751343, 0.8416745066642761, 0.898629903793335, 0.9062763452529907, 0.6416493058204651]"
1,48,INITIALIZATION,0,0,0,0,1.0,1.0,1.0,1.0,1.0,1.0,1.0,1.0,1.0,1.0,1.0,1.0,0.0,0.0,0.0,0.0,0.0,0.0,0.0,0.0,0.0,0.0,0.0,0.0,0.0,0.0,0.0,0.0,"[0.025563016533851624, 0.0344252847135067, -0.4257766008377075, -0.13732419908046722, 0.1317884922027588, -0.0006845758762210608]","[0.49693533778190613, 0.6547744870185852, 0.6420204043388367, 0.8438624143600464, 0.9003077149391174, 0.897490382194519, 0.6518106460571289]"
1,49,INITIALIZATION,0,0,0,0,1.0,1.0,1.0,1.0,1.0,1.0,1.0,1.0,1.0,1.0,1.0,1.0,0.0,0.0,0.0,0.0,0.0,0.0,0.0,0.0,0.0,0.0,0.0,0.0,0.0,0.0,0.0,0.0,"[0.021028587594628334, 0.03866209089756012, -0.4128051698207855, -0.12985248863697052, 0.1501484215259552, 0.015765458345413208]","[0.4922272562980652, 0.6500200033187866, 0.6553940176963806, 0.8644744157791138, 0.8909470438957214, 0.8916097283363342, 0.6378583908081055]"
1,50,INITIALIZATION,0,0,0,0,1.0,1.0,1.0,1.0,1.0,1.0,1.0,1.0,1.0,1.0,1.0,1.0,0.0,0.0,0.0,0.0,0.0,0.0,0.0,0.0,0.0,0.0,0.0,0.0,0.0,0.0,0.0,0.0,"[0.02857265993952751, 0.05023165047168732, -0.39571425318717957, -0.12831920385360718, 0.13798849284648895, -0.0011472632177174091]","[0.5070660710334778, 0.6549896001815796, 0.6456195712089539, 0.8508015275001526, 0.8914376497268677, 0.9004252552986145, 0.6424486041069031]"
1,51,INITIALIZATION,0,0,0,0,1.0,1.0,1.0,1.0,1.0,1.0,1.0,1.0,1.0,1.0,1.0,1.0,0.0,0.0,0.0,0.0,0.0,0.0,0.0,0.0,0.0,0.0,0.0,0.0,0.0,0.0,0.0,0.0,"[0.03489793464541435, 0.004343928769230843, -0.4115418791770935, -0.12588481605052948, 0.13550199568271637, -0.004349306225776672]","[0.4987945854663849, 0.6465829014778137, 0.6448225378990173, 0.8410547375679016, 0.9069894552230835, 0.8977255821228027, 0.6499101519584656]"
1,52,INITIALIZATION,0,0,0,0,1.0,1.0,1.0,1.0,1.0,1.0,1.0,1.0,1.0,1.0,1.0,1.0,0.0,0.0,0.0,0.0,0.0,0.0,0.0,0.0,0.0,0.0,0.0,0.0,0.0,0.0,0.0,0.0,"[0.042558349668979645, 0.00988547783344984, -0.4198841154575348, -0.13811057806015015, 0.13865064084529877, -0.0018604393117129803]","[0.5042246580123901, 0.6437839865684509, 0.6483597159385681, 0.8512035608291626, 0.9033269882202148, 0.9082169532775879, 0.6530407071113586]"
1,53,INITIALIZATION,0,0,0,0,1.0,1.0,1.0,1.0,1.0,1.0,1.0,1.0,1.0,1.0,1.0,1.0,0.0,0.0,0.0,0.0,0.0,0.0,0.0,0.0,0.0,0.0,0.0,0.0,0.0,0.0,0.0,0.0,"[0.03953107073903084, 0.03363991156220436, -0.4262866973876953, -0.15366563200950623, 0.12170565128326416, 0.0013528461568057537]","[0.49450021982192993, 0.6417697072029114, 0.6432574391365051, 0.853411078453064, 0.8963040113449097, 0.9034738540649414, 0.6562318801879883]"
1,54,INITIALIZATION,0,0,0,0,1.0,1.0,1.0,1.0,1.0,1.0,1.0,1.0,1.0,1.0,1.0,1.0,0.0,0.0,0.0,0.0,0.0,0.0,0.0,0.0,0.0,0.0,0.0,0.0,0.0,0.0,0.0,0.0,"[0.01015821099281311, 0.017691345885396004, -0.4079347848892212, -0.12765862047672272, 0.14752474427223206, 0.0021699005737900734]","[0.49515703320503235, 0.6408255696296692, 0.6546143293380737, 0.8534347414970398, 0.8930003046989441, 0.9041659235954285, 0.6519849896430969]"
1,55,INITIALIZATION,0,0,0,0,1.0,1.0,1.0,1.0,1.0,1.0,1.0,1.0,1.0,1.0,1.0,1.0,0.0,0.0,0.0,0.0,0.0,0.0,0.0,0.0,0.0,0.0,0.0,0.0,0.0,0.0,0.0,0.0,"[0.01315375603735447, 0.028454650193452835, -0.4258134365081787, -0.1501927524805069, 0.1148342713713646, 0.008393820375204086]","[0.509397566318512, 0.6542798280715942, 0.6555883288383484, 0.855804979801178, 0.8986948728561401, 0.8931247591972351, 0.6606674194335938]"
1,56,INITIALIZATION,0,0,0,0,1.0,1.0,1.0,1.0,1.0,1.0,1.0,1.0,1.0,1.0,1.0,1.0,0.0,0.0,0.0,0.0,0.0,0.0,0.0,0.0,0.0,0.0,0.0,0.0,0.0,0.0,0.0,0.0,"[0.029643777757883072, 0.024958105757832527, -0.4282199442386627, -0.1467462033033371, 0.14507468044757843, -0.000541056739166379]","[0.5103970766067505, 0.6513877511024475, 0.6456559300422668, 0.8567636013031006, 0.8870787620544434, 0.8855485916137695, 0.6421710252761841]"
1,57,INITIALIZATION,0,0,0,0,1.0,1.0,1.0,1.0,1.0,1.0,1.0,1.0,1.0,1.0,1.0,1.0,0.0,0.0,0.0,0.0,0.0,0.0,0.0,0.0,0.0,0.0,0.0,0.0,0.0,0.0,0.0,0.0,"[0.0172208733856678, 0.021376602351665497, -0.41307538747787476, -0.12812231481075287, 0.13589516282081604, -0.006758583709597588]","[0.49177613854408264, 0.657688558101654, 0.6509783864021301, 0.8529770374298096, 0.9027670621871948, 0.9013886451721191, 0.6524980068206787]"
1,58,INITIALIZATION,0,0,0,0,1.0,1.0,1.0,1.0,1.0,1.0,1.0,1.0,1.0,1.0,1.0,1.0,0.0,0.0,0.0,0.0,0.0,0.0,0.0,0.0,0.0,0.0,0.0,0.0,0.0,0.0,0.0,0.0,"[0.033522143959999084, 0.009236042387783527, -0.4196987748146057, -0.12603065371513367, 0.15685923397541046, 0.0004884086083620787]","[0.49665409326553345, 0.6481855511665344, 0.6447508931159973, 0.8529283404350281, 0.8950023055076599, 0.9089381694793701, 0.6483704447746277]"
1,59,INITIALIZATION,0,0,0,0,1.0,1.0,1.0,1.0,1.0,1.0,1.0,1.0,1.0,1.0,1.0,1.0,0.0,0.0,0.0,0.0,0.0,0.0,0.0,0.0,0.0,0.0,0.0,0.0,0.0,0.0,0.0,0.0,"[0.014695798978209496, 0.01357981562614441, -0.40815699100494385, -0.11882476508617401, 0.13645631074905396, -0.00017725955694913864]","[0.5051171779632568, 0.6565621495246887, 0.6459829807281494, 0.8502575159072876, 0.9029126167297363, 0.9063799381256104, 0.6396394968032837]"
1,60,INITIALIZATION,0,0,0,0,1.0,1.0,1.0,1.0,1.0,1.0,1.0,1.0,1.0,1.0,1.0,1.0,0.0,0.0,0.0,0.0,0.0,0.0,0.0,0.0,0.0,0.0,0.0,0.0,0.0,0.0,0.0,0.0,"[0.031005579978227615, 0.010187278501689434, -0.40941566228866577, -0.12689271569252014, 0.1531260907649994, -0.01253527868539095]","[0.4814566671848297, 0.6538566946983337, 0.6466714143753052, 0.8494322299957275, 0.9038694500923157, 0.9037445187568665, 0.642664909362793]"
1,61,INITIALIZATION,0,0,0,0,1.0,1.0,1.0,1.0,1.0,1.0,1.0,1.0,1.0,1.0,1.0,1.0,0.0,0.0,0.0,0.0,0.0,0.0,0.0,0.0,0.0,0.0,0.0,0.0,0.0,0.0,0.0,0.0,"[0.044647324830293655, 0.004484754055738449, -0.4158051311969757, -0.12284574657678604, 0.14153438806533813, -0.004241762682795525]","[0.49273866415023804, 0.6542161703109741, 0.6545547842979431, 0.8444593548774719, 0.9002967476844788, 0.9083833694458008, 0.6455768346786499]"
1,62,INITIALIZATION,0,0,0,0,1.0,1.0,1.0,1.0,1.0,1.0,1.0,1.0,1.0,1.0,1.0,1.0,0.0,0.0,0.0,0.0,0.0,0.0,0.0,0.0,0.0,0.0,0.0,0.0,0.0,0.0,0.0,0.0,"[0.004553424194455147, 0.01418064720928669, -0.4056560695171356, -0.13491597771644592, 0.13033872842788696, 0.012296480126678944]","[0.4970310926437378, 0.6460711359977722, 0.6551881432533264, 0.8492335677146912, 0.8877760767936707, 0.9051012992858887, 0.658928394317627]"
1,63,INITIALIZATION,0,0,0,0,1.0,1.0,1.0,1.0,1.0,1.0,1.0,1.0,1.0,1.0,1.0,1.0,0.0,0.0,0.0,0.0,0.0,0.0,0.0,0.0,0.0,0.0,0.0,0.0,0.0,0.0,0.0,0.0,"[0.03475834056735039, 0.02431538514792919, -0.40852439403533936, -0.12909306585788727, 0.15467888116836548, 0.009338502772152424]","[0.5055864453315735, 0.646692156791687, 0.6559808850288391, 0.8547822833061218, 0.9003371596336365, 0.8981260061264038, 0.6452557444572449]"
1,64,INITIALIZATION,0,0,0,0,1.0,1.0,1.0,1.0,1.0,1.0,1.0,1.0,1.0,1.0,1.0,1.0,0.0,0.0,0.0,0.0,0.0,0.0,0.0,0.0,0.0,0.0,0.0,0.0,0.0,0.0,0.0,0.0,"[0.016779020428657532, 0.013398061506450176, -0.4012138247489929, -0.11436796933412552, 0.15123724937438965, 0.009026376530528069]","[0.5046400427818298, 0.6500874161720276, 0.6513836979866028, 0.861945390701294, 0.8937907814979553, 0.9009441137313843, 0.6470866203308105]"
1,65,INITIALIZATION,0,0,0,0,1.0,1.0,1.0,1.0,1.0,1.0,1.0,1.0,1.0,1.0,1.0,1.0,0.0,0.0,0.0,0.0,0.0,0.0,0.0,0.0,0.0,0.0,0.0,0.0,0.0,0.0,0.0,0.0,"[0.04370814934372902, 0.01214675698429346, -0.43493589758872986, -0.13095200061798096, 0.12390799820423126, 0.016049275174736977]","[0.5009488463401794, 0.6447837948799133, 0.658775806427002, 0.8511724472045898, 0.8989849090576172, 0.907997727394104, 0.6594986915588379]"
1,66,INITIALIZATION,0,0,0,0,1.0,1.0,1.0,1.0,1.0,1.0,1.0,1.0,1.0,1.0,1.0,1.0,0.0,0.0,0.0,0.0,0.0,0.0,0.0,0.0,0.0,0.0,0.0,0.0,0.0,0.0,0.0,0.0,"[0.024571683257818222, 0.032251350581645966, -0.40801769495010376, -0.1187647134065628, 0.1274036467075348, -0.00457746721804142]","[0.5134990215301514, 0.6366447806358337, 0.6398661136627197, 0.8504929542541504, 0.8961668610572815, 0.8962744474411011, 0.6566091775894165]"
1,67,INITIALIZATION,0,0,0,0,1.0,1.0,1.0,1.0,1.0,1.0,1.0,1.0,1.0,1.0,1.0,1.0,0.0,0.0,0.0,0.0,0.0,0.0,0.0,0.0,0.0,0.0,0.0,0.0,0.0,0.0,0.0,0.0,"[0.022617414593696594, 0.026883890852332115, -0.42537564039230347, -0.14302025735378265, 0.1586095690727234, -0.0025615894701331854]","[0.4983738362789154, 0.651553213596344, 0.6462416648864746, 0.8506038784980774, 0.8942036032676697, 0.8983954787254333, 0.6394814252853394]"
1,68,INITIALIZATION,0,0,0,0,1.0,1.0,1.0,1.0,1.0,1.0,1.0,1.0,1.0,1.0,1.0,1.0,0.0,0.0,0.0,0.0,0.0,0.0,0.0,0.0,0.0,0.0,0.0,0.0,0.0,0.0,0.0,0.0,"[0.04467092081904411, 0.019581949338316917, -0.4310452938079834, -0.1349416822195053, 0.1427925080060959, -0.0003162059001624584]","[0.5060678124427795, 0.6568523645401001, 0.6522807478904724, 0.8512969613075256, 0.8940920829772949, 0.8978870511054993, 0.6540806889533997]"
1,69,INITIALIZATION,0,0,0,0,1.0,1.0,1.0,1.0,1.0,1.0,1.0,1.0,1.0,1.0,1.0,1.0,0.0,0.0,0.0,0.0,0.0,0.0,0.0,0.0,0.0,0.0,0.0,0.0,0.0,0.0,0.0,0.0,"[0.010467525571584702, 0.03697040304541588, -0.42940470576286316, -0.13102711737155914, 0.15254929661750793, 0.0022091991268098354]","[0.495028018951416, 0.6451262831687927, 0.652594268321991, 0.8591482043266296, 0.9113910794258118, 0.8925278186798096, 0.6400414705276489]"
1,70,INITIALIZATION,0,0,0,0,1.0,1.0,1.0,1.0,1.0,1.0,1.0,1.0,1.0,1.0,1.0,1.0,0.0,0.0,0.0,0.0,0.0,0.0,0.0,0.0,0.0,0.0,0.0,0.0,0.0,0.0,0.0,0.0,"[0.035247042775154114, 0.017457930371165276, -0.41867196559906006, -0.13602249324321747, 0.13045112788677216, 0.024641500785946846]","[0.5010830760002136, 0.6503977179527283, 0.6361314654350281, 0.8597768545150757, 0.9033129811286926, 0.900222897529602, 0.6614552140235901]"
1,71,INITIALIZATION,0,0,0,0,1.0,1.0,1.0,1.0,1.0,1.0,1.0,1.0,1.0,1.0,1.0,1.0,0.0,0.0,0.0,0.0,0.0,0.0,0.0,0.0,0.0,0.0,0.0,0.0,0.0,0.0,0.0,0.0,"[0.018295537680387497, 0.02804916724562645, -0.4280639588832855, -0.13119126856327057, 0.14896626770496368, -0.0025057217571884394]","[0.49624285101890564, 0.6639068722724915, 0.6578625440597534, 0.8427364826202393, 0.9009681940078735, 0.901065468788147, 0.6529805660247803]"
1,72,INITIALIZATION,0,0,0,0,1.0,1.0,1.0,1.0,1.0,1.0,1.0,1.0,1.0,1.0,1.0,1.0,0.0,0.0,0.0,0.0,0.0,0.0,0.0,0.0,0.0,0.0,0.0,0.0,0.0,0.0,0.0,0.0,"[0.002077655866742134, 0.025463446974754333, -0.4275127649307251, -0.1342167854309082, 0.14697271585464478, 0.025903943926095963]","[0.49734121561050415, 0.6520804762840271, 0.649263322353363, 0.8509145975112915, 0.8872231245040894, 0.8917366862297058, 0.6475754976272583]"
1,73,INITIALIZATION,0,0,0,0,1.0,1.0,1.0,1.0,1.0,1.0,1.0,1.0,1.0,1.0,1.0,1.0,0.0,0.0,0.0,0.0,0.0,0.0,0.0,0.0,0.0,0.0,0.0,0.0,0.0,0.0,0.0,0.0,"[0.03323468193411827, 0.03447668254375458, -0.41547805070877075, -0.13686271011829376, 0.12937405705451965, -0.008958077058196068]","[0.509540855884552, 0.6604363918304443, 0.6636461615562439, 0.8409639000892639, 0.9042084217071533, 0.9054086804389954, 0.6546869277954102]"
1,74,INITIALIZATION,0,0,0,0,1.0,1.0,1.0,1.0,1.0,1.0,1.0,1.0,1.0,1.0,1.0,1.0,0.0,0.0,0.0,0.0,0.0,0.0,0.0,0.0,0.0,0.0,0.0,0.0,0.0,0.0,0.0,0.0,"[0.02814330905675888, 0.023024873808026314, -0.4152000844478607, -0.14330807328224182, 0.15121236443519592, 0.006574825383722782]","[0.4897274672985077, 0.6373579502105713, 0.6554195880889893, 0.856389582157135, 0.8952025771141052, 0.9172042608261108, 0.6454038619995117]"
1,75,INITIALIZATION,0,0,0,0,1.0,1.0,1.0,1.0,1.0,1.0,1.0,1.0,1.0,1.0,1.0,1.0,0.0,0.0,0.0,0.0,0.0,0.0,0.0,0.0,0.0,0.0,0.0,0.0,0.0,0.0,0.0,0.0,"[0.04354178160429001, 0.042990826070308685, -0.4244709610939026, -0.13327747583389282, 0.14809131622314453, 0.0008852863684296608]","[0.500849723815918, 0.6459503173828125, 0.6584455966949463, 0.845862865447998, 0.9020456075668335, 0.9158633947372437, 0.6424769163131714]"
1,76,INITIALIZATION,0,0,0,0,1.0,1.0,1.0,1.0,1.0,1.0,1.0,1.0,1.0,1.0,1.0,1.0,0.0,0.0,0.0,0.0,0.0,0.0,0.0,0.0,0.0,0.0,0.0,0.0,0.0,0.0,0.0,0.0,"[0.040728580206632614, 0.013501853682100773, -0.41820549964904785, -0.12922897934913635, 0.14216871559619904, 0.013835730031132698]","[0.49571406841278076, 0.6563917398452759, 0.6469573378562927, 0.8441654443740845, 0.9060772657394409, 0.8905346989631653, 0.6511638164520264]"
1,77,INITIALIZATION,0,0,0,0,1.0,1.0,1.0,1.0,1.0,1.0,1.0,1.0,1.0,1.0,1.0,1.0,0.0,0.0,0.0,0.0,0.0,0.0,0.0,0.0,0.0,0.0,0.0,0.0,0.0,0.0,0.0,0.0,"[0.02301514893770218, 0.010766788385808468, -0.4146576225757599, -0.13610467314720154, 0.14390233159065247, 0.01550106331706047]","[0.510116457939148, 0.6464230418205261, 0.6564669609069824, 0.857074499130249, 0.9026184678077698, 0.9097801446914673, 0.6535227298736572]"
1,78,INITIALIZATION,0,0,0,0,1.0,1.0,1.0,1.0,1.0,1.0,1.0,1.0,1.0,1.0,1.0,1.0,0.0,0.0,0.0,0.0,0.0,0.0,0.0,0.0,0.0,0.0,0.0,0.0,0.0,0.0,0.0,0.0,"[0.0367339551448822, 0.0013401973992586136, -0.4091322422027588, -0.11771371215581894, 0.15305784344673157, -0.012041646987199783]","[0.4986499547958374, 0.6497218608856201, 0.650526762008667, 0.8689457178115845, 0.9022867679595947, 0.8940111398696899, 0.6544721126556396]"
1,79,INITIALIZATION,0,0,0,0,1.0,1.0,1.0,1.0,1.0,1.0,1.0,1.0,1.0,1.0,1.0,1.0,0.0,0.0,0.0,0.0,0.0,0.0,0.0,0.0,0.0,0.0,0.0,0.0,0.0,0.0,0.0,0.0,"[0.025791846215724945, 0.03032928891479969, -0.4043116569519043, -0.1409083753824234, 0.1593305468559265, 0.0032304516062140465]","[0.5023598074913025, 0.6475020051002502, 0.6509643197059631, 0.8619371652603149, 0.8970370888710022, 0.907002866268158, 0.6546228528022766]"
