variant,episode,success,peak_force_N,mean_contact_force_N,peak_torque_Nm,insertion_time_steps,jamming,jamming_steps,position_error_m,orientation_error_deg,peg1_lateral_error_m,peg2_lateral_error_m,peg1_insertion_depth_m,peg2_insertion_depth_m
A_fixed_impedance,0,0,0.0,0.0,0.0,600,0,0,0.012229726576505916,0.36997178785255114,0.0017350385203261168,0.0017919737101026508,0.05001435451770372,0.05074796595516395
A_fixed_impedance,1,0,0.0,0.0,0.0,600,0,0,0.012232003204724399,0.3673837079389614,0.001822071431838872,0.0018817512522298632,0.050019435727731536,0.050747469351121614
A_fixed_impedance,2,0,1109.0288711450999,28.068143931109287,0.0,600,1,564,0.039581504910486065,0.7425190707130306,0.013512498937750453,0.01368461504742747,0.0,5.055213973747391e-05
A_fixed_impedance,3,0,0.0,0.0,0.0,600,0,0,0.012232490965494783,0.3688110220473764,0.0018110560929550392,0.0018730609631806838,0.050019413045134985,0.05074849590456131
A_fixed_impedance,4,0,2726.4452562572233,33.14701660845837,0.0,600,1,546,0.03826586286643586,0.443502069159662,0.005310402796441704,0.005084403793648523,0.00014924991593256304,0.0001444382782972084
A_fixed_impedance,5,0,1409.9877257167846,29.958211349471846,0.0,600,1,564,0.0407408300565342,0.43515817856799494,0.015211016131302166,0.01555253661632624,0.0,0.0
A_fixed_impedance,6,0,3800.783346114277,37.11720237119525,0.0,600,1,562,0.0391863205608345,0.09302609859225547,0.009619350938630655,0.009637673286977039,2.210887340030332e-06,2.7932907208726154e-05
A_fixed_impedance,7,0,0.0,0.0,0.0,600,0,0,0.012232588439129865,0.37096564874775056,0.0017647782494765098,0.0018301932202877535,0.05001727769840308,0.0507506348634199
A_fixed_impedance,8,0,0.0,0.0,0.0,600,0,0,0.012233768431548213,0.3679470286467285,0.0018213641664631072,0.0018824270675811855,0.0500222690000806,0.05074825849432351
A_fixed_impedance,9,0,2593.963098655222,44.230901207986896,0.0,600,1,575,0.0405038601250395,0.08474325290333412,0.013593424148541039,0.013619656573548326,1.9489898304241027e-05,0.0
A_fixed_impedance,10,0,462.87965764951656,27.23689913324695,0.0,600,1,566,0.039956334103410616,0.40876123109871404,0.012887384667560517,0.013060571053293448,3.266298529445988e-06,0.0
A_fixed_impedance,11,0,0.0,0.0,0.0,600,0,0,0.01221116469260171,0.36943033194491487,0.0017712538429315377,0.0018334051457100087,0.049996769675609946,0.050728479652855145
A_fixed_impedance,12,0,1111.9935131112213,29.382772828377917,0.0,600,1,563,0.040055013112602074,0.25949418347045483,0.013197225125466743,0.013198495133632925,0.0,3.1356778829504106e-05
A_fixed_impedance,13,0,671.2150717497337,28.739063252154168,0.0,600,1,574,0.04203380672471539,0.11061385513570152,0.017432812141622404,0.017466344812828778,1.901501228007002e-05,0.0
A_fixed_impedance,14,0,0.0,0.0,0.0,600,0,0,0.012182303484922347,0.36708370941216534,0.0018062943450688153,0.0018641038497509627,0.049971149862421065,0.050696595759597195
A_fixed_impedance,15,0,0.0,0.0,0.0,600,0,0,0.012192647932370732,0.36951862241664896,0.0017748842711871628,0.0018351736393789383,0.04997910425765761,0.05070929522548869
A_fixed_impedance,16,0,0.0,0.0,0.0,600,0,0,0.012219691084794612,0.36885599290625665,0.001798334052529937,0.0018603262050727576,0.050006529958315525,0.05073584920473858
A_fixed_impedance,17,0,0.0,0.0,0.0,600,0,0,0.012157567247371675,0.3682445677735762,0.0017861805235484323,0.0018431466771716425,0.04994540402325067,0.050672906707707153
A_fixed_impedance,18,0,2081.263935619612,33.564341623450154,0.0,600,1,546,0.035057193245799464,0.18061000400436922,0.004878525476041817,0.004915961635909855,0.003276319208370536,0.003394432186244016
A_fixed_impedance,19,0,2278.5674814333247,18.15837882313546,0.0,600,1,184,0.01644677294726525,0.31918615853434484,0.003243038001685312,0.0031745346562566355,0.0541572534626119,0.05473272797042849
A_fixed_impedance,20,0,0.0,0.0,0.0,600,0,0,0.0121615693397242,0.36984950686509827,0.0017863355845550005,0.0018508942909090447,0.049946603697920304,0.050679227189675095
A_fixed_impedance,21,0,1626.5007034633923,30.061297594537233,0.0,600,1,568,0.03952825116107233,0.8064239884874994,0.013418611684561797,0.013240923733543472,6.77545816766198e-05,6.689709616777145e-05
A_fixed_impedance,22,0,0.0,0.0,0.0,600,0,0,0.012159171893997367,0.37035921474088995,0.001780980124230507,0.0018451583328191383,0.049944496849807944,0.05067670820563521
A_fixed_impedance,23,0,0.0,0.0,0.0,600,0,0,0.012196718399142685,0.36890560476131296,0.001787379424902023,0.001848093332375572,0.049983895715676234,0.05071265787057488
A_fixed_impedance,24,0,0.0,0.0,0.0,600,0,0,0.012232330650831203,0.3680797989084547,0.0018348312563122504,0.0018989150283268109,0.050020346773834205,0.050746999824212484
A_fixed_impedance,25,0,0.0,0.0,0.0,600,0,0,0.012238264260914141,0.3708211856615562,0.0017306979814402262,0.0017928996360211428,0.050022294020777784,0.0507568628479191
A_fixed_impedance,26,0,482.77774875390236,27.0314905894463,0.0,600,1,571,0.04033520095681513,0.7739578804776465,0.015679863924506245,0.015502946824506512,9.569748803221756e-06,0.0
A_fixed_impedance,27,0,0.0,0.0,0.0,600,0,0,0.012194137380005403,0.3686942159878533,0.001801984460945546,0.0018627125683039502,0.04998094394461788,0.05071034223298689
A_fixed_impedance,28,0,668.1688073514645,27.87767479372287,0.0,600,1,567,0.03992404943415849,0.24271085784221558,0.012200058650405427,0.012098884208612081,2.5436357262591247e-05,0.0
A_fixed_impedance,29,0,2806.094342084867,32.037037441666094,0.0,600,1,561,0.040246262776921345,0.08602544253514563,0.012598890677213702,0.012580264055869792,2.278309681998797e-05,5.492571797903467e-06
A_fixed_impedance,30,0,977.7939082507991,29.058822442135224,0.0,600,1,571,0.04121250599534441,0.10803427688423964,0.015441386536356192,0.015381254815552246,2.290524904435126e-05,0.0
A_fixed_impedance,31,0,1074.8701492171117,27.54952195699955,0.0,600,1,572,0.03932195280047498,0.845783475167579,0.013048025495421053,0.013204795022972731,6.20443849855476e-05,7.385719567786636e-05
A_fixed_impedance,32,0,0.0,0.0,0.0,600,0,0,0.012220627231546247,0.3675705488649006,0.0017971746486301209,0.0018563999286273288,0.0500089423603589,0.05073546193278052
A_fixed_impedance,33,0,0.0,0.0,0.0,600,0,0,0.012225215073992296,0.36732864033356366,0.0018170991047053145,0.0018794880172959205,0.05001390891233217,0.05073948119307108
A_fixed_impedance,34,0,0.0,0.0,0.0,600,0,0,0.012233850096553199,0.3689237725548513,0.0018090609803706533,0.001874558073244764,0.05002120290415276,0.050749321020714715
A_fixed_impedance,35,0,0.0,0.0,0.0,600,0,0,0.012244008345903572,0.3673702026410397,0.0018193246468519773,0.0018828701471813607,0.050032142366761644,0.05075867803859654
A_fixed_impedance,36,0,461.86308235968534,27.277382003522078,0.0,600,1,563,0.039678585336409423,0.2551273092715155,0.011897780140644404,0.011846580994520718,0.0,3.819654764555119e-05
A_fixed_impedance,37,0,740.2383070504176,28.32991951838904,0.0,600,1,559,0.039319320976685966,0.27981597092941457,0.010590128333145822,0.010516901855172187,0.0,4.4649776418097253e-05
A_fixed_impedance,38,0,1015.8302085180883,29.004187960311974,0.0,600,1,561,0.04022845312413512,0.08271593192604683,0.012584670617844544,0.012527222709594004,2.24929894947698e-05,4.8449330100272525e-06
A_fixed_impedance,39,0,2568.18990060988,9.097827835744125,0.0,600,1,8,0.01041564397162159,0.376118554869139,0.0014183373766579793,0.00156830850261433,0.04804691085307227,0.04879907248832576
A_fixed_impedance,40,0,0.0,0.0,0.0,600,0,0,0.012249600082563327,0.37061243822069345,0.0017493985460888472,0.0018122000168544067,0.05003499607544539,0.05076710353961524
A_fixed_impedance,41,1,582.3495514607263,16.69496640888079,0.0,580,1,297,0.03183732567716401,0.5631570206832625,0.0005968189248511476,0.0007186166694848364,0.06927456313298533,0.07040950586794159
A_fixed_impedance,42,0,674.8908510146634,28.3240217748916,0.0,600,1,565,0.04209575392979368,0.11264835914251145,0.01760957151999208,0.01765912545181664,1.721863241199023e-05,0.0
A_fixed_impedance,43,0,413.17420906979595,27.985583772049104,0.0,600,1,562,0.0406373265305827,0.12392287317766704,0.013823657975594877,0.01387811489980131,1.7838157478210215e-05,0.0
A_fixed_impedance,44,0,0.0,0.0,0.0,600,0,0,0.012220942301720593,0.3702953014280305,0.0017633178307020028,0.001828518500065662,0.050005798495647895,0.050738766435093334
A_fixed_impedance,45,0,0.0,0.0,0.0,600,0,0,0.012220991220856667,0.3691362958841341,0.0017751778937221195,0.0018369330775937797,0.0500069063861743,0.050738034650722956
A_fixed_impedance,46,0,3957.0624415386865,42.137806767503264,0.0,600,1,569,0.03858309441602937,0.06614005670751011,0.0066584318260679305,0.006644384079199793,7.321523898311255e-06,3.263594452503765e-05
A_fixed_impedance,47,0,0.0,0.0,0.0,600,0,0,0.012220468430673776,0.3700664597901967,0.0017415042574366864,0.0018011713350388526,0.05000526795645168,0.05073853036069669
A_fixed_impedance,48,0,0.0,0.0,0.0,600,0,0,0.012233001821083429,0.3665471877097252,0.0018549636261564644,0.0019179382062981239,0.05002178704919807,0.05074664678060264
A_fixed_impedance,49,1,1325.1272822796159,8.634237373854305,0.0,380,1,17,0.006568187937320943,0.3908822931384909,0.00037602781702007114,0.00029364795065484625,0.0441430905078062,0.04490564483305123
A_fixed_impedance,50,0,1651.1212344061335,29.762039087473713,0.0,600,1,560,0.03894329580990449,0.5414036131181859,0.009787999535769311,0.009678937948364972,7.547559232389672e-05,6.022061636225956e-05
A_fixed_impedance,51,0,0.0,0.0,0.0,600,0,0,0.012224650455322858,0.36941257713634496,0.001787607472960225,0.0018515647497838006,0.050010739993006224,0.05074142565383862
A_fixed_impedance,52,0,0.0,0.0,0.0,600,0,0,0.01223467828763985,0.3699481112326409,0.0017403195398618815,0.0017981511883954362,0.05002014457011574,0.0507521599260233
A_fixed_impedance,53,0,1108.5963122861908,28.07407198821391,0.0,600,1,565,0.03994900857053479,0.8476470105904155,0.014970133392671054,0.014776401003322389,4.06626730893242e-05,4.278138870094511e-05
A_fixed_impedance,54,0,983.0675049687754,29.03543574857625,0.0,600,1,542,0.039057626131940755,0.0917138694881004,0.00810446159325291,0.008062419453477307,2.589452218098448e-05,1.0268714570819959e-05
A_fixed_impedance,55,0,3063.89636546409,10.06039433105576,0.0,600,1,19,0.012304297410659734,0.4072974080486323,0.0014488890926712865,0.001483982702266533,0.050044124237487074,0.05084999541682072
A_fixed_impedance,56,0,797.2126558257986,24.932469867658558,0.0,600,1,478,0.038413925628698546,0.32571097969403123,0.006386957698593681,0.00658067151784158,4.0143214045544606e-05,9.223423471332176e-05
A_fixed_impedance,57,0,2366.32907692626,32.229146821855295,0.0,600,1,519,0.04168602185727472,1.2181508768881126,0.02088743145591793,0.02100586634102104,0.0,0.0
A_fixed_impedance,58,0,413.13243243003495,0.6885540540500582,0.0,600,0,0,0.002744402903637427,0.43562320066186466,0.0014274973389582302,0.0016114558335202337,0.04000945631164989,0.04086673203841714
A_fixed_impedance,59,0,1919.268619017439,29.556764982164715,0.0,600,1,564,0.0394095539300242,0.704707211595416,0.012752925644508046,0.012926747413479298,1.5133399471553566e-06,5.8872072659303665e-05
A_fixed_impedance,60,0,0.0,0.0,0.0,600,0,0,0.01223822812891828,0.3663416593763196,0.001857367316924043,0.0019179415402467508,0.050028050468158884,0.0507509897213168
A_fixed_impedance,61,0,0.0,0.0,0.0,600,0,0,0.012191643957849434,0.3695943546942554,0.0017844687328840557,0.001847630498763643,0.04997765050598001,0.05070856958958941
A_fixed_impedance,62,0,477.326780983431,28.003190458294423,0.0,600,1,568,0.04137972227217982,0.3549338368856489,0.016894334259630134,0.017119198267318572,0.0,1.051956273680904e-05
A_fixed_impedance,63,0,0.0,0.0,0.0,600,0,0,0.012166019239466546,0.3709423934612306,0.0017604572267364193,0.0018240184440491943,0.049950590245333985,0.0506842724656864
A_fixed_impedance,64,0,0.0,0.0,0.0,600,0,0,0.012226174253383066,0.3680616594480646,0.001785129184864773,0.0018428672724918739,0.05001344388025152,0.05074206529304167
A_fixed_impedance,65,0,812.319050857966,28.4975750228017,0.0,600,1,566,0.04032080885012764,0.2573352941334651,0.0139820438388322,0.014038492395969562,0.0,3.0560571640379786e-05
A_fixed_impedance,66,0,703.3261569709206,28.37411088396242,0.0,600,1,567,0.040719493639435944,0.11748638261390552,0.014053858293595064,0.014101963899495092,1.808366666707778e-05,0.0
A_fixed_impedance,67,0,0.0,0.0,0.0,600,0,0,0.012226629158700326,0.36933913229259296,0.0017679952242452342,0.001828756813903953,0.05001248901917545,0.0507437748510521
A_fixed_impedance,68,0,0.0,0.0,0.0,600,0,0,0.012229880313118401,0.36767394587000496,0.001831329183107441,0.0018956865501798,0.05001736834101691,0.05074494998060929
A_fixed_impedance,69,0,0.0,0.0,0.0,600,0,0,0.012229529553390453,0.36904925330277505,0.0017727364772448823,0.0018330017059291282,0.050015291682100275,0.050746771462273736
A_fixed_impedance,70,0,0.0,0.0,0.0,600,0,0,0.012245788203946074,0.37022203972249,0.0017680175947498717,0.0018336484509843928,0.05003092992325583,0.05076334630195594
A_fixed_impedance,71,0,2614.487361163871,33.15397641756092,0.0,600,1,535,0.007849542547889887,0.20506933984069559,0.0019548289823589594,0.001980598516697579,0.04579355639611556,0.046109653129218935
A_fixed_impedance,72,0,1053.5759580945992,30.63098025486264,0.0,600,1,567,0.043383486947939684,0.06078238483151943,0.020420334865186823,0.02043602515937955,2.0202309909060634e-05,0.0
A_fixed_impedance,73,0,0.0,0.0,0.0,600,0,0,0.012218670386311598,0.36662457673334364,0.001848238568887254,0.001908073391883842,0.050008126160078596,0.0507319387253583
A_fixed_impedance,74,0,0.0,0.0,0.0,600,0,0,0.012235595386544314,0.36745985117800745,0.0018171461506738128,0.0018771385908110873,0.050024311953118565,0.050749921157669485
A_fixed_impedance,75,0,1268.820745107591,30.123975000992058,0.0,600,1,566,0.04295053997216456,0.1095776385969607,0.019469570708064193,0.019477005602263744,2.517490542124773e-05,0.0
A_fixed_impedance,76,0,0.0,0.0,0.0,600,0,0,0.012219186917937597,0.37141349122909695,0.001744022016989841,0.0018084474497857329,0.05000267070569538,0.050738264608605886
A_fixed_impedance,77,1,2445.877470370117,9.783145051740142,0.0,449,1,2,0.011060204861471213,0.5081890044781282,0.00047218464747351133,0.0007149706283977,0.048504355716306284,0.04952127085756174
A_fixed_impedance,78,0,0.0,0.0,0.0,600,0,0,0.01221474574318992,0.3709668332523318,0.0017441877377350826,0.0018050416709830556,0.04999949413357368,0.05073290541813535
A_fixed_impedance,79,1,2562.3573746418906,20.590553489552914,0.0,344,1,51,0.02150711868490772,0.4056923784202476,0.0007625784873620443,0.0007759890007599739,0.05912542006446688,0.05997193935778194
A_fixed_impedance,80,0,0.0,0.0,0.0,600,0,0,0.012235831717520757,0.3689588621051523,0.0017982280899598614,0.0018611265290815787,0.05002284253383365,0.05075179138673252
A_fixed_impedance,81,0,0.0,0.0,0.0,600,0,0,0.012217941974483318,0.3692564484531632,0.0017768053113269404,0.001839280420676981,0.050004656427034104,0.05073426488863957
A_fixed_impedance,82,0,0.0,0.0,0.0,600,0,0,0.012203818866139957,0.37060656969299677,0.0017811815658670222,0.0018470184384927946,0.04998861031137405,0.05072170281649196
A_fixed_impedance,83,0,969.1309557448049,29.621424741940924,0.0,600,1,562,0.03996555614717608,0.10903481824063181,0.011638338678544913,0.011589353845328675,2.3999546719270792e-05,2.138245975384645e-06
A_fixed_impedance,84,1,1444.3069052376025,5.799217466016575,0.0,452,1,4,0.012279901991819634,0.5263649874775063,0.0003358741257930706,0.00034736142089420276,0.049780433167763254,0.05071630903877291
A_fixed_impedance,85,1,1488.2801266273625,16.258131240621697,0.0,485,1,11,0.010920295042728128,0.28130328617349665,0.0009447208687097538,0.0009560631336937901,0.04883421995420233,0.049254490684610484
A_fixed_impedance,86,0,0.0,0.0,0.0,600,0,0,0.012209256105077034,0.36704074920404156,0.0018254986484731864,0.0018836947502379315,0.049997939014422114,0.050723560292234064
A_fixed_impedance,87,0,0.0,0.0,0.0,600,0,0,0.012236163493527874,0.3685192244799025,0.001777958156994286,0.001835648508527229,0.05002346712684771,0.05075204048558398
A_fixed_impedance,88,0,2232.138458637646,32.006709674867196,0.0,600,1,567,0.04049349235103991,0.08254436326672905,0.014191280129202106,0.014185509204757479,0.0,2.8548684426664417e-05
A_fixed_impedance,89,0,1232.1494591479761,29.443175778482026,0.0,600,1,572,0.040549294721070286,0.08643893195430853,0.013512656951305855,0.013481267686019973,1.8588983949567595e-05,5.514002652737271e-07
A_fixed_impedance,90,1,1214.4455521193147,8.00362773674285,0.0,279,1,2,0.019559907688476937,0.32796025413033786,0.000871251085046109,0.0008477736223117277,0.057392453848871504,0.05795712434776786
A_fixed_impedance,91,0,730.8331154735583,28.199889496581793,0.0,600,1,569,0.040094511505036914,0.8779350102662975,0.015560442521442088,0.015482777262803712,2.2367777176367232e-05,4.9181321884271545e-05
A_fixed_impedance,92,0,0.0,0.0,0.0,600,0,0,0.012224293535442899,0.36763156746601244,0.0018078349463486096,0.0018697653407142173,0.05001219489224137,0.05073936295618341
A_fixed_impedance,93,0,412.16883678777475,27.61044031344281,0.0,600,1,571,0.04038627722135245,0.10506992956274971,0.013040233363565887,0.013067385306777833,1.8821354474028718e-05,3.4205073791634955e-06
A_fixed_impedance,94,0,1133.0842942956222,27.650988595460046,0.0,600,1,571,0.039607053368365064,0.8239926483767253,0.013805060681116272,0.013605860475040739,5.0305762485096384e-05,6.488333764622517e-05
A_fixed_impedance,95,0,0.0,0.0,0.0,600,0,0,0.012214056169790544,0.36703711622076785,0.0018308954400847554,0.0018910736240696786,0.0500021455430413,0.05072880133403306
A_fixed_impedance,96,0,0.0,0.0,0.0,600,0,0,0.01218618580485146,0.369464596506904,0.0017808507450948164,0.0018429022377383004,0.04997236443070873,0.05070301642891436
A_fixed_impedance,97,0,639.4761849315373,27.016804929847012,0.0,600,1,569,0.03978736461294446,0.9049254893942199,0.014874081748780792,0.015040021384572116,3.1108505568276656e-05,4.9841142044697306e-05
A_fixed_impedance,98,0,0.0,0.0,0.0,600,0,0,0.01222465072577954,0.3658804067647921,0.0018409629120277927,0.00189858341035274,0.050014765971582435,0.050737392886529946
A_fixed_impedance,99,0,0.0,0.0,0.0,600,0,0,0.012164257605578974,0.36921756220340946,0.0017961348543554256,0.0018588254005069684,0.049950680642379446,0.050680785461729404
A_fixed_impedance,100,0,0.0,0.0,0.0,600,0,0,0.012217910433548038,0.3679700685714578,0.0017903636689861186,0.0018495961837759892,0.05000545192906088,0.05073350403905113
A_fixed_impedance,101,1,729.9728830465338,6.446639156461027,0.0,463,1,6,0.00637064664978267,0.5279301396088585,0.0007155816475907898,0.0008568312901589897,0.043355733363382325,0.04442867486362819
A_fixed_impedance,102,0,1902.6732537542932,26.45930971326408,0.0,600,1,480,0.03839787206561803,0.5271455220390221,0.007401948557260995,0.007729260004011942,0.00011629179151605856,0.00013900611919830802
A_fixed_impedance,103,1,4043.683433145478,14.268387931878388,0.0,501,1,2,0.007270452021879691,0.5271688382858767,0.0008040933784817696,0.0008379139906373269,0.044714573749650786,0.04578760966215175
A_fixed_impedance,104,0,0.0,0.0,0.0,600,0,0,0.012227453505024376,0.3688338922328832,0.0017770997548277397,0.0018340563485175813,0.05001441796830402,0.05074365370474137
A_fixed_impedance,105,0,945.6056496264006,28.6795044996548,0.0,600,1,569,0.04026829577488149,0.07942103052932004,0.012716986259828686,0.01266212261928173,2.2642897288947805e-05,3.5892398010037296e-06
A_fixed_impedance,106,0,0.0,0.0,0.0,600,0,0,0.012235225355771491,0.36946051961395604,0.0018048432987466938,0.0018709161260614493,0.0500214201926796,0.050751692933956864
A_fixed_impedance,107,0,637.9931208483531,23.805572163527494,0.0,600,1,476,0.038573090949398,0.18536963313895763,0.005866683556317523,0.005947776894279702,4.453933492786638e-05,2.1605727879063508e-05
A_fixed_impedance,108,0,1247.3189312614434,29.131830058695733,0.0,600,1,526,0.04288614526708907,1.4258860631257355,0.02235260137436964,0.022218012188705717,0.0,0.0
A_fixed_impedance,109,0,982.2732512711449,28.59216155878046,0.0,600,1,570,0.04020313052222007,0.6942780991405288,0.01518208513084657,0.01500142050693854,0.0,3.225323770968819e-05
A_fixed_impedance,110,0,1389.57160718896,29.147664354156163,0.0,600,1,554,0.038110898910755,0.7162178107717863,0.006431009895305923,0.00621969274295044,0.0002158574915802,0.000232771734128355
A_fixed_impedance,111,0,0.0,0.0,0.0,600,0,0,0.012160212974836,0.3701921764160466,0.0017865651385624431,0.0018509275096073887,0.04994624181029305,0.05067711126054302
A_fixed_impedance,112,0,0.0,0.0,0.0,600,0,0,0.01222386711656031,0.3681098049139702,0.001803859120812921,0.0018650767272373086,0.05001183991899579,0.05073896489138834
A_fixed_impedance,113,0,1079.4421024022765,28.970785933911916,0.0,600,1,565,0.04065002524737898,0.2840813293668667,0.014984528883927428,0.015076250753434849,0.0,2.661747653533858e-05
A_fixed_impedance,114,1,2864.6899153264826,8.657155619188039,0.0,466,1,1,0.018295826148498694,0.5040274540936477,0.000779756776326731,0.0008328015663848759,0.055897261863143054,0.05688263133876264
A_fixed_impedance,115,0,0.0,0.0,0.0,600,0,0,0.01221961463192407,0.3682139141586533,0.0017758113172651059,0.0018314898242236478,0.050006833924715076,0.050735552947751165
A_fixed_impedance,116,0,0.0,0.0,0.0,600,0,0,0.012236948714313798,0.36989975978068235,0.0017532725702392876,0.0018137263788228055,0.05002244395675134,0.05075442707052038
A_fixed_impedance,117,0,340.7564594984919,27.386948001888825,0.0,600,1,566,0.040012016329689315,0.5010845475618171,0.01391571702866195,0.013766130885719305,0.0,4.9082583693453585e-05
A_fixed_impedance,118,0,0.0,0.0,0.0,600,0,0,0.012163118501032051,0.36765684842299834,0.001801421553340769,0.0018609225916989683,0.04995104219709872,0.05067829941345028
A_fixed_impedance,119,0,0.0,0.0,0.0,600,0,0,0.012235300445008587,0.3700712442130737,0.001747235028553141,0.0018077974505905368,0.05002031329138195,0.05075317848021884
A_fixed_impedance,120,0,2628.918979333524,32.88021157403702,0.0,600,1,555,0.03937013760236719,0.15118184825545417,0.010458644421582125,0.010428266921755705,0.0,2.8664856715258924e-05
A_fixed_impedance,121,0,1070.126651869275,29.51770497181385,0.0,600,1,569,0.04192875321223764,0.17628655286623135,0.01811340256225772,0.018134824059252246,0.0,2.952719303169621e-05
A_fixed_impedance,122,0,3108.334198164646,32.974633358859975,0.0,600,1,557,0.038472501489004766,0.19336491968697347,0.00606536298377451,0.005998087315574828,8.3396590576032e-06,5.732010422670325e-05
A_fixed_impedance,123,0,556.8140726774748,27.93103479245684,0.0,600,1,564,0.0396063308223074,0.29130255817299333,0.011748355178845893,0.011643606269734296,0.0,3.606586614073731e-05
A_fixed_impedance,124,0,0.0,0.0,0.0,600,0,0,0.012237428198419697,0.37114629951082845,0.001743098550922824,0.0018054171958259433,0.050021421863254,0.05075618519449961
B_unconditioned_agent2,0,0,0.0,0.0,0.0,600,0,0,0.0026398982745956504,0.38699169682856893,0.0018699721387718303,0.0019335233762183678,0.040410984385372516,0.04117049874884703
B_unconditioned_agent2,1,0,0.0,0.0,0.0,600,0,0,0.0026394731595288314,0.3901161617159971,0.0017978563275978306,0.0018650090120829515,0.040405908115137994,0.041173951546408204
B_unconditioned_agent2,2,0,438.57831725684747,26.750962463474483,0.0,600,1,566,0.03988006445797918,0.7005841377296763,0.014384131363262205,0.014560245715871865,0.0,3.772561433453697e-05
B_unconditioned_agent2,3,0,0.0,0.0,0.0,600,0,0,0.0026391486029660465,0.38894999945138103,0.0018087760313043044,0.0018745815781953683,0.04040637791541717,0.041173220733670544
B_unconditioned_agent2,4,0,2985.7471470120754,33.86372542097832,0.0,600,1,547,0.038702545363285434,0.39415668286892835,0.007810578233398061,0.007618129979102356,7.5061884614612e-05,5.5746857900905444e-05
B_unconditioned_agent2,5,0,1364.6866599070681,29.579849209213577,0.0,600,1,573,0.04281572984697105,0.35838689747213315,0.020591600791249314,0.02073930796935937,0.0,0.0
B_unconditioned_agent2,6,0,4053.3459318751547,40.319890924078884,0.0,600,1,568,0.039658968691198275,0.10366798816012185,0.01145743483566748,0.011495310300063255,3.926363004828903e-06,1.9809279089753884e-05
B_unconditioned_agent2,7,0,0.0,0.0,0.0,600,0,0,0.002638570862653303,0.38769666962685967,0.0018533354174018796,0.0019131832834164708,0.040408802323269676,0.04117043057377592
B_unconditioned_agent2,8,0,0.0,0.0,0.0,600,0,0,0.002638479137512878,0.39090343237924724,0.001784687065407502,0.0018463290089219858,0.04040464088974393,0.04117340010948175
B_unconditioned_agent2,9,0,2597.182834227158,44.599046551713606,0.0,600,1,582,0.043013251517919765,0.06446702872865191,0.019815588425199947,0.019845331120417562,2.1024424431990985e-05,2.2993072152852068e-06
B_unconditioned_agent2,10,0,1328.6509954321882,28.579910475122766,0.0,600,1,566,0.04035079666323452,0.44169334193613097,0.0141267662869599,0.014459987497790469,0.0,0.0
B_unconditioned_agent2,11,0,0.0,0.0,0.0,600,0,0,0.002671716504103709,0.39056755265259807,0.0018223487865652922,0.0018828492986561346,0.04044028018543957,0.0412048556396248
B_unconditioned_agent2,12,0,1400.8767500795698,28.906398269952078,0.0,600,1,569,0.04086934322676198,0.32101730316898264,0.01578167572342665,0.015642436824973033,0.0,9.535463671099531e-06
B_unconditioned_agent2,13,0,1186.3388703316323,29.202033714797054,0.0,600,1,573,0.04354443890754593,0.10693514200752997,0.020742297836165133,0.02078564401503211,1.644459586071928e-05,1.0797203881737771e-06
B_unconditioned_agent2,14,0,0.0,0.0,0.0,600,0,0,0.0026744110206251333,0.3908663832376071,0.0017778246406173841,0.0018418234757937482,0.04044111815369111,0.04120867226796767
B_unconditioned_agent2,15,0,0.0,0.0,0.0,600,0,0,0.0026735330460318607,0.3891653140848762,0.0018301262631193868,0.0018906732271617998,0.040442582250165,0.04120669136346485
B_unconditioned_agent2,16,0,0.0,0.0,0.0,600,0,0,0.002651520341999616,0.38971081800327834,0.0018066129215124059,0.0018694804074262314,0.04041922582313658,0.04118588595098443
B_unconditioned_agent2,17,0,0.0,0.0,0.0,600,0,0,0.002702139731400954,0.39001911415121404,0.00180589177431193,0.0018687947298766236,0.04047027434471403,0.04123604232549268
B_unconditioned_agent2,18,0,2310.154315119233,35.45921465376358,0.0,600,1,572,0.03867650936924568,0.11407958539668746,0.0071617399192707475,0.007226002941192476,5.795870687323734e-06,2.999245989684235e-05
B_unconditioned_agent2,19,0,4000.046157723205,38.637275071750324,0.0,600,1,543,0.0382431266875687,0.503460925065019,0.006045523771757179,0.005861205475315447,9.458880183931678e-05,0.00017202698614714879
B_unconditioned_agent2,20,0,0.0,0.0,0.0,600,0,0,0.002691432297025798,0.38845137862687623,0.0018342968688194374,0.001897971364187703,0.040460763978528706,0.041224447791268014
B_unconditioned_agent2,21,0,2996.7694933848616,32.679711866531505,0.0,600,1,554,0.03936429145108302,0.7287407131871833,0.012563038114880258,0.012376272945329954,7.207113435003104e-05,7.434386901402495e-05
B_unconditioned_agent2,22,0,0.0,0.0,0.0,600,0,0,0.002697820372944422,0.38860268569247736,0.0018384073340696181,0.0018996284246369354,0.04046713751018199,0.04123092139016262
B_unconditioned_agent2,23,0,0.0,0.0,0.0,600,0,0,0.0026072099904599464,0.388181246516205,0.0018229825702781692,0.0018854953069846294,0.04037672639959138,0.04114013213235176
B_unconditioned_agent2,24,0,0.0,0.0,0.0,600,0,0,0.00263931922885115,0.39090671263411286,0.0017816439676814893,0.0018439294081766292,0.04040514654571716,0.041174516305080504
B_unconditioned_agent2,25,0,0.0,0.0,0.0,600,0,0,0.0025888307567749603,0.3874963936189692,0.001870581748114413,0.0019296371417884053,0.04035998872018617,0.041118584088970005
B_unconditioned_agent2,26,0,2888.9538606698993,37.20670055146384,0.0,600,1,574,0.04125262741674614,0.7432533378354657,0.01804592631814144,0.018012962711437156,0.0,0.0
B_unconditioned_agent2,27,0,0.0,0.0,0.0,600,0,0,0.002609854078378051,0.3871958356203556,0.0018238724111892554,0.0018922696369114856,0.04037794589046983,0.04114169260897115
B_unconditioned_agent2,28,0,1264.0527988494127,28.711239324960687,0.0,600,1,571,0.041151984092171356,0.33124589184675834,0.01602399354893305,0.015986108208801912,0.0,0.0
B_unconditioned_agent2,29,0,904.0060908308494,28.659321001252938,0.0,600,1,571,0.0410811322383235,0.09350750237578509,0.014980019793488942,0.014937811457916497,1.674610582035746e-05,5.891629236802476e-06
B_unconditioned_agent2,30,0,2186.9782200331015,30.67668253968107,0.0,600,1,568,0.04202746270714876,0.08653292981131225,0.017399564845624188,0.017338962355145173,1.9935058137209027e-05,5.0362180905247356e-06
B_unconditioned_agent2,31,0,2535.6336414840134,30.128907337535676,0.0,600,1,573,0.03924175177736564,0.7889410790994473,0.012550019207412002,0.012697276122130638,7.185058525351756e-05,7.758701121123729e-05
B_unconditioned_agent2,32,0,0.0,0.0,0.0,600,0,0,0.00264486508767599,0.3903562704983338,0.0017887486239878834,0.0018513273374740195,0.040412522148707046,0.04117861057687935
B_unconditioned_agent2,33,0,0.0,0.0,0.0,600,0,0,0.002643669165334187,0.3922683121183576,0.0017756710523078969,0.0018338697382755175,0.04040901395054474,0.041176951198651855
B_unconditioned_agent2,34,0,0.0,0.0,0.0,600,0,0,0.0026386171246838633,0.39046365460466403,0.001796863547399513,0.0018559230107644104,0.04040583111037254,0.04117236998342146
B_unconditioned_agent2,35,0,0.0,0.0,0.0,600,0,0,0.0025867520938900827,0.3915049332723425,0.0017769505263651028,0.0018378396880183749,0.04035307746921792,0.04112065132606251
B_unconditioned_agent2,36,0,443.2632121672841,27.43185166982145,0.0,600,1,565,0.04051875204526672,0.29416177476298777,0.014728006578082766,0.014591300281382759,0.0,1.7989284595419652e-05
B_unconditioned_agent2,37,0,2897.5923517050032,31.81298176080578,0.0,600,1,567,0.040757726289608165,0.3379699720624342,0.015528070897078973,0.015372116369777436,0.0,8.933674877358022e-06
B_unconditioned_agent2,38,0,383.99420806736265,27.50381870338225,0.0,600,1,569,0.04139749382770586,0.07920090691634046,0.015880012330896375,0.01582384304983771,1.942855394462123e-05,2.6056639053015362e-06
B_unconditioned_agent2,39,0,3509.170306146673,12.681358344587657,0.0,600,1,20,0.010006202229665608,0.4007493014237406,0.0024794421764373006,0.0024128080941938257,0.04768141950559714,0.04841271422946224
B_unconditioned_agent2,40,0,0.0,0.0,0.0,600,0,0,0.002584099593708445,0.3883331114322036,0.0018485282964119125,0.0019064038979388336,0.04035413961387093,0.04111513931230911
B_unconditioned_agent2,41,1,764.1483096614625,16.36396229465088,0.0,589,1,200,0.004960472224579713,0.4894413176804669,0.00018608425650131762,0.000230303670450861,0.04218347742326269,0.043172661216577694
B_unconditioned_agent2,42,0,732.371119133703,28.128993144907646,0.0,600,1,568,0.04234772365871317,0.07749594109455696,0.018146739326540966,0.018180048748245803,1.6558742935428306e-05,3.85058755485862e-06
B_unconditioned_agent2,43,0,1522.6781446551051,30.398744797074052,0.0,600,1,572,0.042251475084935854,0.0728975652623034,0.017976001758320412,0.018015422490214112,2.056084664702612e-05,5.30685452809071e-06
B_unconditioned_agent2,44,0,0.0,0.0,0.0,600,0,0,0.002644324017823056,0.388353158862342,0.00184619638279862,0.0019055025810738539,0.04041458924967794,0.041175828850118605
B_unconditioned_agent2,45,0,0.0,0.0,0.0,600,0,0,0.0026507057524778575,0.38918061540069093,0.0018330425044684718,0.0018948024490652508,0.040420688607272236,0.04118296925488537
B_unconditioned_agent2,46,0,4116.243720300896,42.17382286722189,0.0,600,1,575,0.03881829790377106,0.06923859764514072,0.007951636848244379,0.007932730457875889,8.819651633955317e-06,2.9411837571012567e-05
B_unconditioned_agent2,47,0,0.0,0.0,0.0,600,0,0,0.0026505876554630877,0.38886341793261586,0.0018457480716602803,0.0019085828212361123,0.04042078022318609,0.04118273698687982
B_unconditioned_agent2,48,0,0.0,0.0,0.0,600,0,0,0.002639842773040322,0.3922850508650015,0.0017593643571341758,0.0018229392211131432,0.040403983199815856,0.041175314492965985
B_unconditioned_agent2,49,0,2827.1922806217117,4.757741130826866,0.0,600,0,0,0.0034361946446009087,0.35109375124231607,0.002377982623786853,0.002439520614688762,0.04117122742975509,0.041856720195785395
B_unconditioned_agent2,50,0,3111.979301639575,32.12621923179691,0.0,600,1,573,0.04097564818245905,0.719678308371742,0.017238375758446063,0.017279087478872954,0.0,0.0
B_unconditioned_agent2,51,0,0.0,0.0,0.0,600,0,0,0.0026424918979047144,0.3885435750889254,0.001821071827408928,0.001884086160753796,0.040411724829721905,0.04117566180358669
B_unconditioned_agent2,52,0,0.0,0.0,0.0,600,0,0,0.002637738268785211,0.38754811036106895,0.001855038006309809,0.0019166048363001829,0.040408631909224134,0.0411689742103195
B_unconditioned_agent2,53,0,432.3117169774445,26.554052450137565,0.0,600,1,569,0.04021635946719405,0.7849339202253335,0.015568498167045303,0.015371446948483898,3.085476126101633e-05,3.307528003936716e-05
B_unconditioned_agent2,54,0,1237.759104303708,29.395835439868424,0.0,600,1,568,0.04362966622774702,0.09049828340139399,0.020875753257069987,0.020839823473496586,1.7174605221846606e-05,3.1191166077679244e-06
B_unconditioned_agent2,55,0,1022.3255415541612,21.411705529183493,0.0,600,1,339,0.006885868551572929,0.4292932101877627,0.0013642064276062234,0.001353239366916731,0.03169644889920944,0.03257113308283965
B_unconditioned_agent2,56,0,583.6833349884977,24.252238463099697,0.0,600,1,488,0.03835124635798835,0.7583766230326163,0.00812611539027987,0.008478411330657501,0.0001485728022666763,0.00016574597604620406
B_unconditioned_agent2,57,0,3685.783470498241,35.08751039128006,0.0,600,1,568,0.041985825171862,0.10951259921086086,0.01725764052408512,0.017222717042520555,1.710936580816974e-05,5.420137701099559e-06
B_unconditioned_agent2,58,0,0.0,0.0,0.0,600,0,0,0.0013700011781457497,0.3716635438433978,0.002657088501282527,0.002670693060150226,0.037262166157702246,0.03791292250483418
B_unconditioned_agent2,59,0,551.6356885173208,27.138467222776193,0.0,600,1,571,0.03979218930191862,0.71615495782519,0.014165948764788225,0.014336232058701296,4.986066631233743e-06,4.2098691643503716e-05
B_unconditioned_agent2,60,0,0.0,0.0,0.0,600,0,0,0.0025899354663992797,0.3923764867574332,0.0017483854710906228,0.0018126398415026547,0.040352947027540186,0.04112549420070843
B_unconditioned_agent2,61,0,0.0,0.0,0.0,600,0,0,0.002674368917861187,0.3885895308364501,0.0018245764438679158,0.0018874109386829419,0.04044352670219844,0.04120763452835315
B_unconditioned_agent2,62,0,2046.810639176839,31.776473845782785,0.0,600,1,573,0.042743194503466746,0.15897367682611308,0.01994892383763967,0.020065222423971064,0.0,1.830979066177324e-05
B_unconditioned_agent2,63,0,0.0,0.0,0.0,600,0,0,0.0026815746939706136,0.38773718962499354,0.0018555338336355685,0.0019165795836897867,0.040451765676853955,0.04121357140122294
B_unconditioned_agent2,64,0,0.0,0.0,0.0,600,0,0,0.0025989483026875697,0.3887320649870504,0.0018226521457950268,0.001888969058891253,0.0403679803260965,0.04113186863170997
B_unconditioned_agent2,65,0,770.28123057505,28.864980597389295,0.0,600,1,568,0.041285759337592785,0.34387476852332505,0.016940884487018856,0.016799472178712214,0.0,1.2529873449559914e-06
B_unconditioned_agent2,66,0,385.9775247156269,27.76631746364291,0.0,600,1,568,0.041850041587885745,0.09364798138933075,0.016970622993694867,0.01701022392173146,1.658086388755392e-05,4.441689415261851e-06
B_unconditioned_agent2,67,0,0.0,0.0,0.0,600,0,0,0.0026413458705679973,0.38971979436906856,0.001842747021284807,0.0019010063592973959,0.04041045193938846,0.04117331828860118
B_unconditioned_agent2,68,0,0.0,0.0,0.0,600,0,0,0.002597820622218616,0.3908128665077617,0.0017967141211543383,0.0018575894199659613,0.04036542546369972,0.04113147551140119
B_unconditioned_agent2,69,0,0.0,0.0,0.0,600,0,0,0.002639934689165369,0.3883472424056963,0.0018361095912513916,0.0019002563932984493,0.040409723498475096,0.04117252410068311
B_unconditioned_agent2,70,0,0.0,0.0,0.0,600,0,0,0.002585172859645767,0.3885509540757575,0.0018387141165097268,0.001898094121358068,0.040355141043322655,0.041117057936133315
B_unconditioned_agent2,71,0,2232.405941936573,31.91948094513927,0.0,600,1,570,0.03862867663350739,0.10664900913130848,0.006781254550731907,0.00671807391518055,8.68691412552608e-06,3.0144997970903142e-05
B_unconditioned_agent2,72,0,782.934996753456,29.168240476907194,0.0,600,1,559,0.04366503468700647,0.14866779845806635,0.02097125391818592,0.021023056899082303,1.7263436362401074e-05,2.6385930615366315e-06
B_unconditioned_agent2,73,0,0.0,0.0,0.0,600,0,0,0.00264641008899051,0.39167544509650665,0.00175859375433802,0.0018237016588674364,0.04041038072375724,0.04118184452076742
B_unconditioned_agent2,74,0,0.0,0.0,0.0,600,0,0,0.002637942936143717,0.3909233881137897,0.001779649392636444,0.0018422015145669734,0.040404265444393454,0.041172549742126884
B_unconditioned_agent2,75,0,765.4598382166314,28.189844962527143,0.0,600,1,568,0.0437531705808719,0.10201452125739731,0.02114410907665573,0.02115306713416409,2.15807348141403e-05,4.4225979978704255e-06
B_unconditioned_agent2,76,0,0.0,0.0,0.0,600,0,0,0.0026518081583348013,0.38716973576547953,0.0018577487211857344,0.0019196097217521245,0.04042277538683738,0.041182968360093546
B_unconditioned_agent2,77,1,25.598434581602007,0.12854862229253544,0.0,387,0,0,0.01889168902221511,0.5076278466533621,0.0006612209417630409,0.000536471959236431,0.056449063794102576,0.057467132871111874
B_unconditioned_agent2,78,0,0.0,0.0,0.0,600,0,0,0.0026474800939044335,0.3859528422352552,0.0018599493596947317,0.0019244414729566517,0.040418247601931655,0.041178220828301824
B_unconditioned_agent2,79,0,2642.8874739691228,35.94484071989149,0.0,600,1,557,0.03853172121271571,0.08157379140122627,0.005738338896792783,0.005748203997276605,3.320799856351003e-05,1.5685211367487406e-05
B_unconditioned_agent2,80,0,0.0,0.0,0.0,600,0,0,0.002638002223706453,0.38850843717588135,0.001804072497115953,0.0018692720206754697,0.04040617291517822,0.04117150182068082
B_unconditioned_agent2,81,0,0.0,0.0,0.0,600,0,0,0.0026530166937429583,0.38874182416949044,0.0018339330439854779,0.0018919031781404801,0.04042283302867832,0.041184234297782084
B_unconditioned_agent2,82,0,0.0,0.0,0.0,600,0,0,0.0026755897621713568,0.3915557404285678,0.0018002803119648591,0.0018595835206278338,0.040441504271698535,0.04121079179262501
B_unconditioned_agent2,83,0,2005.6606497773744,30.627666362037022,0.0,600,1,570,0.04083921343456003,0.05611922263586862,0.014374234405104743,0.014340870774477847,1.968576098112379e-05,5.169011580229144e-06
B_unconditioned_agent2,84,1,2536.593045725348,10.965311452796367,0.0,245,1,3,0.0027997521199189346,0.6120664171771709,0.00021284117897103286,0.00013414440511240813,0.03628137703228398,0.03752448437803784
B_unconditioned_agent2,85,1,1506.6775764291676,15.993008962223483,0.0,555,1,21,0.007827035646372578,0.44507049605265186,0.000853641044435142,0.0008244556480765396,0.0449844976989617,0.045901563382273074
B_unconditioned_agent2,86,0,0.0,0.0,0.0,600,0,0,0.0026742123082233666,0.38858964081742287,0.0017996805185602025,0.0018683743239324138,0.040440712867709804,0.04120741571291738
B_unconditioned_agent2,87,0,0.0,0.0,0.0,600,0,0,0.002637534442609721,0.38835596590585386,0.0018131605282832718,0.0018787281122388335,0.04040643993760228,0.041170589467314826
B_unconditioned_agent2,88,0,3308.972557251727,33.963012235822646,0.0,600,1,566,0.04264522873872207,0.07229468244294551,0.019599503616724474,0.019596330380147617,8.41165181446335e-07,2.481207008957903e-05
B_unconditioned_agent2,89,0,2531.083673080743,31.622369369481508,0.0,600,1,575,0.04236767014450027,0.08508608965354515,0.01820246809532328,0.01814581478864105,1.954965284996918e-05,2.4074158226014553e-06
B_unconditioned_agent2,90,1,301.12109268900804,0.7681660527780817,0.0,392,0,0,0.017743419403462076,0.45412258996456367,0.0004440463095310164,0.0006167090972477203,0.05536756483289731,0.05625840706729265
B_unconditioned_agent2,91,0,2500.6568210419327,30.61434277929173,0.0,600,1,571,0.04086108324925858,0.8240932219487251,0.017572344580084418,0.017435122102900057,0.0,2.0991490627335352e-05
B_unconditioned_agent2,92,0,0.0,0.0,0.0,600,0,0,0.002643224496091588,0.39059543715708667,0.0017871142334847589,0.0018494856272328454,0.040410615987130465,0.041177145565683075
B_unconditioned_agent2,93,0,1300.5457248476278,29.381634229837005,0.0,600,1,573,0.04143361049081768,0.08643249541512238,0.015986271656480783,0.01603657650638258,2.053863096192904e-05,6.322423503950236e-06
B_unconditioned_agent2,94,0,1289.2910441460608,27.948274529893848,0.0,600,1,573,0.03964227881274278,0.757290452756095,0.013676997227112192,0.01347093597305635,5.257710503885765e-05,6.238772966254275e-05
B_unconditioned_agent2,95,0,0.0,0.0,0.0,600,0,0,0.00265463538790046,0.391122382947941,0.0017839245545940591,0.0018505130851052174,0.04042037217242738,0.04118967785466764
B_unconditioned_agent2,96,0,0.0,0.0,0.0,600,0,0,0.002676885983777437,0.3889875763505371,0.0018265416042748007,0.0018882105223569819,0.0404460403335676,0.041210120661057496
B_unconditioned_agent2,97,0,1265.7015541544354,27.897896420544907,0.0,600,1,575,0.03990208852561138,0.8338385291728615,0.014993642146886433,0.015142518546377756,3.2050407905707956e-05,4.311463697222878e-05
B_unconditioned_agent2,98,0,0.0,0.0,0.0,600,0,0,0.002643796973592066,0.3926604607913165,0.0017525241858095952,0.0018155891809687116,0.040407640179365205,0.0411788884207605
B_unconditioned_agent2,99,0,0.0,0.0,0.0,600,0,0,0.002683224003682581,0.3893141828528809,0.001816531388971957,0.0018794482967372194,0.040451640487488554,0.041217117569608684
B_unconditioned_agent2,100,0,0.0,0.0,0.0,600,0,0,0.002652210552061388,0.38869858832204707,0.0018256603046039415,0.001888974644346279,0.04042219358743814,0.04118470126589232
B_unconditioned_agent2,101,1,339.45244095771653,1.1104123848041594,0.0,417,0,0,0.005309121420745477,0.4296158598272591,0.000624258632470227,0.0008139189102646052,0.04271425938356837,0.04358670219559193
B_unconditioned_agent2,102,0,816.4405380998301,26.055496325720974,0.0,600,1,504,0.03917583605131117,0.1842111192539472,0.009075209397292255,0.00924155667071726,3.272754026514141e-05,1.2393775568407539e-05
B_unconditioned_agent2,103,1,4068.9019903433486,23.007290333130207,0.0,453,1,19,0.002867071840058628,0.5119085119555746,0.0002473103519035817,0.0001681068599055679,0.03902356124197511,0.040054040892035285
B_unconditioned_agent2,104,0,0.0,0.0,0.0,600,0,0,0.0026406010122332537,0.3886285245124763,0.0018262011452291498,0.0018902343915073497,0.0404095638748004,0.04117395869416118
B_unconditioned_agent2,105,0,2111.5498471573187,30.50261999826188,0.0,600,1,570,0.041563442915408325,0.1179786605382439,0.016384270422630215,0.016302927080015937,1.6426086592434552e-05,0.0
B_unconditioned_agent2,106,0,0.0,0.0,0.0,600,0,0,0.0026376168462797383,0.38900094868491475,0.001812956485296582,0.0018755333155286288,0.04040600573382599,0.041171481933928215
B_unconditioned_agent2,107,1,564.8168675309862,6.0492250143826825,0.0,437,1,10,0.00488058698559184,0.4441924038276204,0.00026086392722982684,0.0002950981477952159,0.042238944995420545,0.043134673874145095
B_unconditioned_agent2,108,0,1556.7436309709697,30.077980243554098,0.0,600,1,566,0.03978616610984735,0.09595848426424357,0.011893633551364812,0.011828019034179944,0.0,2.4935700465016086e-05
B_unconditioned_agent2,109,0,1841.5845282883283,33.32931648092471,0.0,600,1,573,0.04087270207262071,0.6573657791047895,0.016971221816042343,0.016805444581270975,0.0,1.0089420456070586e-05
B_unconditioned_agent2,110,0,399.89332871325047,26.999705949713576,0.0,600,1,564,0.03861731451255525,0.679910077631662,0.009139090850877461,0.008940456427018134,0.00012130908009216207,0.00013232016446945022
B_unconditioned_agent2,111,0,0.0,0.0,0.0,600,0,0,0.002694105517953024,0.3885749086180249,0.0018240908557569655,0.0018859314952648632,0.04046309099715142,0.04122754166349312
B_unconditioned_agent2,112,0,0.0,0.0,0.0,600,0,0,0.0026500662789647007,0.3908710300384337,0.0017988078046070404,0.0018582587439457821,0.04041711345516432,0.04118399228172994
B_unconditioned_agent2,113,0,883.7182628459549,29.720427436896315,0.0,600,1,568,0.04121405689859289,0.33938954153833445,0.01674583773497139,0.01660324358730194,0.0,2.9246694856419064e-06
B_unconditioned_agent2,114,0,233.25281703796702,0.38875469506327837,0.0,600,0,0,0.0009398159457104533,0.4356647020915107,0.0012229962023123857,0.0013178081368135715,0.03810281961877592,0.03898330265576724
B_unconditioned_agent2,115,0,0.0,0.0,0.0,600,0,0,0.002644072353934915,0.38950315456752777,0.001823589050906439,0.0018863841512033865,0.040413028996806065,0.04117749428237807
B_unconditioned_agent2,116,0,0.0,0.0,0.0,600,0,0,0.002636801316065515,0.3879813659037486,0.0018475952513056391,0.001908705486699178,0.0404073097369309,0.04116850346012701
B_unconditioned_agent2,117,0,1891.3746873310802,30.228887984361595,0.0,600,1,572,0.04186019354747229,0.6155857943632538,0.019294181517501226,0.019103301308281095,0.0,0.0
B_unconditioned_agent2,118,0,0.0,0.0,0.0,600,0,0,0.00268800962284804,0.39057051473953525,0.0017920570805488218,0.0018554012852166704,0.04045553410165464,0.041222103558270905
B_unconditioned_agent2,119,0,0.0,0.0,0.0,600,0,0,0.002637518706365184,0.38817444505732757,0.0018580383180559147,0.0019177738119835488,0.04040805602955893,0.04116859901788932
B_unconditioned_agent2,120,0,2550.36491936369,33.349521969619396,0.0,600,1,566,0.04032878408095385,0.23539236957258727,0.014010405946407817,0.013920758100636414,0.0,2.6123039440155427e-05
B_unconditioned_agent2,121,0,391.96838169721224,27.79022092776898,0.0,600,1,569,0.04379785495152536,0.0741882546230514,0.022051369049329007,0.02206017288055815,2.821932012370132e-08,2.458839500348725e-05
B_unconditioned_agent2,122,0,1583.7989193339306,30.22308434816281,0.0,600,1,564,0.03911319618210214,0.11965644005080929,0.009285427765925528,0.009183912589326946,7.034540619940688e-07,2.6857128974371036e-05
B_unconditioned_agent2,123,0,1651.4468685009788,30.595681083379368,0.0,600,1,568,0.03989644302044214,0.3303753970075793,0.0129160647326767,0.012727838848449812,0.0,2.295685477531756e-05
B_unconditioned_agent2,124,0,0.0,0.0,0.0,600,0,0,0.002589213959636989,0.3860221804729501,0.0018679140228105506,0.0019321733023017968,0.04036006358396154,0.04111967230897203
C_prior_condition,0,0,0.0,0.0,0.0,600,0,0,0.002640593602733701,0.38699247542050924,0.0018699809121121727,0.0019335292283332445,0.04041168106011291,0.041171193049971515
C_prior_condition,1,0,0.0,0.0,0.0,600,0,0,0.0026401658244257793,0.39011722072122273,0.0017978588138058136,0.001865011827554757,0.04040660183404537,0.041174644395262354
C_prior_condition,2,0,438.5662994140744,26.748159199595662,0.0,600,1,566,0.039852497925941935,0.7075871199960561,0.014322649881681535,0.01449943679797,0.0,3.9019330269195185e-05
C_prior_condition,3,0,0.0,0.0,0.0,600,0,0,0.002639836074304291,0.38894974165811075,0.0018087813957436839,0.0018745856036055872,0.04040706643888017,0.04117390818604313
C_prior_condition,4,0,2985.9905245578125,33.86372412436944,0.0,600,1,547,0.03870269490449261,0.3941576448073229,0.007811341357568037,0.007618911339496525,7.505354691724614e-05,5.57424914809021e-05
C_prior_condition,5,0,1364.8316285081382,29.58039975717574,0.0,600,1,573,0.042816423804093645,0.3584059935387685,0.020593163288666737,0.0207408857559291,0.0,0.0
C_prior_condition,6,0,4053.362754363794,40.31999732000285,0.0,600,1,568,0.03965913587207788,0.10374068588242799,0.011458013986025114,0.011495917396573518,3.907459450051831e-06,1.9804523053744416e-05
C_prior_condition,7,0,0.0,0.0,0.0,600,0,0,0.002639260677128233,0.38769498478743275,0.0018533533130060025,0.001913202864662416,0.04040949358933265,0.04117111903990125
C_prior_condition,8,0,0.0,0.0,0.0,600,0,0,0.0026391662810253637,0.39090260076750366,0.0017846934323431083,0.00184633546000184,0.04040532886269493,0.041174087171584765
C_prior_condition,9,0,2597.183718187968,44.600220137229066,0.0,600,1,582,0.0430135448578515,0.06440478334942544,0.01981623541079123,0.019845933240362025,2.1024342292723375e-05,2.2996542312289647e-06
C_prior_condition,10,0,1328.8793747972777,28.584964867593627,0.0,600,1,566,0.04035208524463259,0.44180513243631075,0.014131305454666298,0.014464400865523789,0.0,0.0
C_prior_condition,11,0,0.0,0.0,0.0,600,0,0,0.0026724170516734492,0.3905673462773486,0.0018223602616427243,0.001882863623841886,0.04044098219447186,0.04120555561833166
C_prior_condition,12,0,1401.2872334957972,28.90298566826809,0.0,600,1,569,0.04087010073866463,0.32107188874631176,0.01578389920677398,0.015644471841499287,0.0,9.516730746499114e-06
C_prior_condition,13,0,1186.4844950757417,29.200303453239226,0.0,600,1,573,0.04355147138764954,0.1076746624122682,0.020756596725368424,0.020800302157361988,1.644286594337102e-05,1.0860209361182593e-06
C_prior_condition,14,0,0.0,0.0,0.0,600,0,0,0.0026751090728429927,0.3908671462825184,0.0017778220358696216,0.0018418197220910965,0.04044181620046038,0.04120937043847386
C_prior_condition,15,0,0.0,0.0,0.0,600,0,0,0.0026742214537241763,0.38916457844037794,0.0018301374730156923,0.0018906837445983851,0.04044327165274882,0.04120737874699206
C_prior_condition,16,0,0.0,0.0,0.0,600,0,0,0.002652210572871821,0.3897104840097611,0.001806620548334596,0.0018694884492317823,0.040419916852541864,0.041186575706779464
C_prior_condition,17,0,0.0,0.0,0.0,600,0,0,0.0027028294163801516,0.39001934540100397,0.001805894228156108,0.001868794408560584,0.040470964423255505,0.04123673151624526
C_prior_condition,18,0,2310.1706527054266,35.44998794290267,0.0,600,1,572,0.03867641596451859,0.11414531456874592,0.007161201249098361,0.00722549107732016,5.777991749854328e-06,2.9978410186586035e-05
C_prior_condition,19,0,4003.874582651904,38.69860066804108,0.0,600,1,540,0.03823675725749908,0.5174307868719334,0.006059179167520465,0.005874850820617,9.812807922698202e-05,0.00017417585341005654
C_prior_condition,20,0,0.0,0.0,0.0,600,0,0,0.002692124920548317,0.3884509223987835,0.0018343101672884886,0.001897987064266993,0.04046145754370147,0.0412251392610633
C_prior_condition,21,0,2998.3890118187815,32.63923399919293,0.0,600,1,557,0.039328954237821546,0.7262289799261574,0.012424876320246076,0.012237223774011496,7.394218820979542e-05,7.636448561076231e-05
C_prior_condition,22,0,0.0,0.0,0.0,600,0,0,0.002698507047236545,0.3886013835579737,0.0018384228843869059,0.0018996451622052316,0.040467825454841254,0.0412316068361484
C_prior_condition,23,0,0.0,0.0,0.0,600,0,0,0.0026078990885198155,0.38818073882434895,0.0018229906853370673,0.0018855026043094261,0.040377416233500794,0.041140820604915106
C_prior_condition,24,0,0.0,0.0,0.0,600,0,0,0.002640005891270121,0.39090555815256095,0.0017816531815905074,0.0018439408673204293,0.040405834266267614,0.04117520288776327
C_prior_condition,25,0,0.0,0.0,0.0,600,0,0,0.0025895346584985453,0.38749570096376224,0.0018705994710739996,0.001929656434792589,0.040360694130978834,0.04111928640772949
C_prior_condition,26,0,2890.496624808237,37.21179422322569,0.0,600,1,574,0.041253218797622365,0.7432779041189237,0.018047363109741633,0.01801452829373178,0.0,0.0
C_prior_condition,27,0,0.0,0.0,0.0,600,0,0,0.002610541230614089,0.38719606408512736,0.0018238753023648714,0.0018922700014311206,0.040378634875012524,0.041142380743054145
C_prior_condition,28,0,1264.202305560468,28.712708189416528,0.0,600,1,571,0.04115173708997644,0.3311338114449386,0.016022965395250836,0.015985265696318193,0.0,0.0
C_prior_condition,29,0,904.0232983015736,28.65931272262686,0.0,600,1,571,0.04108136502645973,0.09350090759653837,0.014980640702627394,0.014938433265863336,1.6745914477249435e-05,5.891611363682825e-06
C_prior_condition,30,0,2187.3478636795217,30.673107147749032,0.0,600,1,568,0.042028556744251724,0.08641944481410999,0.017402128200866767,0.017341626657920335,1.993460468562719e-05,5.030788004144193e-06
C_prior_condition,31,0,2536.3070780520097,30.13240325942183,0.0,600,1,571,0.03923420893634527,0.7887271889603864,0.012513925602496258,0.012660649943676622,7.047107569545935e-05,7.772978870942276e-05
C_prior_condition,32,0,0.0,0.0,0.0,600,0,0,0.00264556036762311,0.3903566773973942,0.0017887503079687388,0.0018513290767083435,0.04041321771551395,0.041179305795822234
C_prior_condition,33,0,0.0,0.0,0.0,600,0,0,0.0026443622118518277,0.39226747376505006,0.001775679864826766,0.0018338834740992984,0.04040970971601795,0.041177645929228006
C_prior_condition,34,0,0.0,0.0,0.0,600,0,0,0.0026393069145516247,0.3904619196055664,0.0017968763191586717,0.0018559396581356987,0.04040652300566885,0.04117306036634693
C_prior_condition,35,0,0.0,0.0,0.0,600,0,0,0.0025874570532097557,0.39150457380649956,0.001776958452038526,0.0018378526945472225,0.04035378411830686,0.0411213572043233
C_prior_condition,36,0,443.25864279520067,27.43122030215128,0.0,600,1,565,0.04051949781228723,0.29416200103396334,0.014730191154140282,0.01459356250903066,0.0,1.7992282762717415e-05
C_prior_condition,37,0,2897.7617949552277,31.781780224139947,0.0,600,1,567,0.04084048976671335,0.34150408223368184,0.01576795980968558,0.015606631698666948,0.0,7.402366197582777e-06
C_prior_condition,38,0,383.97574028364164,27.50865598136919,0.0,600,1,569,0.0413985193259271,0.07921969333488134,0.01588264228460044,0.01582644493218549,1.9427427857370005e-05,2.60482123947553e-06
C_prior_condition,39,0,3509.185450665246,12.703165855366015,0.0,600,1,20,0.009984808410787287,0.39962007411641115,0.002464351268348822,0.0023976017958685196,0.047663312085187114,0.04839768579218839
C_prior_condition,40,0,0.0,0.0,0.0,600,0,0,0.0025847992776842866,0.3883315840341545,0.0018485449960881238,0.0019064214827803085,0.040354840977457,0.04111583806056728
C_prior_condition,41,1,763.860031830593,16.3416460127031,0.0,590,1,202,0.00491954537808481,0.4889512766789956,0.0001901954668601254,0.0002508331809534718,0.042146715602125205,0.04313468407987186
C_prior_condition,42,0,732.6756238672803,28.12960495349586,0.0,600,1,568,0.04234822261503069,0.0775080271631451,0.01814787288627913,0.01818118708491436,1.6558941012038975e-05,3.851523314384042e-06
C_prior_condition,43,0,1522.756023024091,30.399127421812572,0.0,600,1,572,0.042251652380602696,0.07309046680053376,0.017976352222816832,0.018015902326123084,2.0560265626017038e-05,5.304527971615458e-06
C_prior_condition,44,0,0.0,0.0,0.0,600,0,0,0.002645019045586595,0.3883520290778554,0.001846213578992818,0.0019055235459576713,0.04041528609639727,0.04117652311788094
C_prior_condition,45,0,0.0,0.0,0.0,600,0,0,0.0026514029292895305,0.3891805136612253,0.0018330541507460302,0.0018948161075117546,0.04042138690296659,0.04118366553595675
C_prior_condition,46,0,4116.247704591765,42.173888554353354,0.0,600,1,575,0.038818313350393825,0.06923419307655217,0.007951716014657271,0.007932811256753219,8.819696548000022e-06,2.9411512918013638e-05
C_prior_condition,47,0,0.0,0.0,0.0,600,0,0,0.002651284643667991,0.3888636050778635,0.001845758078054718,0.001908593076738796,0.04042147819806818,0.041183432800028195
C_prior_condition,48,0,0.0,0.0,0.0,600,0,0,0.0026405352799885136,0.3922849194026595,0.0017593711767877806,0.001822950528258066,0.040404676753644696,0.041176007342444164
C_prior_condition,49,0,2827.259641605106,4.757821781527404,0.0,600,0,0,0.003436614269878032,0.3510880539616316,0.0023780299079282723,0.002439564020004594,0.041171653171299276,0.041857133205575596
C_prior_condition,50,0,3112.095494772961,32.132468284112484,0.0,600,1,573,0.04097616705900262,0.7196375247470582,0.01723973272394266,0.01728030460942133,0.0,0.0
C_prior_condition,51,0,0.0,0.0,0.0,600,0,0,0.002643185179216944,0.3885430517212668,0.0018210819284881778,0.0018840977175647606,0.04041241887770063,0.04117635439969999
C_prior_condition,52,0,0.0,0.0,0.0,600,0,0,0.002638434055409779,0.38754819402676666,0.0018550478307242085,0.0019166119028442645,0.040409328488650274,0.041169668625203625
C_prior_condition,53,0,432.29895914722306,26.53244755714134,0.0,600,1,569,0.04021574752865737,0.7848863606987333,0.015566376205502051,0.015369432769495728,3.086586176156286e-05,3.30821278857682e-05
C_prior_condition,54,0,1237.9488819677308,29.395767688184925,0.0,600,1,568,0.043630094906946436,0.09028296795721957,0.02087659451467206,0.020840744459182454,1.717382104701043e-05,3.117988125515836e-06
C_prior_condition,55,0,1022.4879367100937,21.40892847247019,0.0,600,1,337,0.006616275666665946,0.4305914746638626,0.0014117760106415968,0.0013961409766341862,0.03203539901291055,0.03291310309224873
C_prior_condition,56,0,583.5475177096224,24.288430147625185,0.0,600,1,487,0.03835316349508108,0.7580992980618855,0.00813678884395792,0.008488575114994382,0.0001483557815633238,0.0001654058758034302
C_prior_condition,57,0,3685.8006205894158,35.08847126153422,0.0,600,1,568,0.0419860282793983,0.10950070638726726,0.017258120552059823,0.017223205815345366,1.7109186902057594e-05,5.420241960506222e-06
C_prior_condition,58,0,0.0,0.0,0.0,600,0,0,0.0013701377831589103,0.3716401144567089,0.0026572690145784533,0.002670877210451444,0.037262402874981636,0.0379130894597629
C_prior_condition,59,0,551.8784318592076,27.145613947014926,0.0,600,1,571,0.0397902717641406,0.7155725603179017,0.0141573803214106,0.014327610288688572,4.945145386146821e-06,4.2168009122121874e-05
C_prior_condition,60,0,0.0,0.0,0.0,600,0,0,0.002590627234234772,0.3923763356020485,0.0017483860773566025,0.0018126410704967393,0.04035363922048379,0.041126186509724265
C_prior_condition,61,0,0.0,0.0,0.0,600,0,0,0.002675060197979478,0.3885889470082286,0.001824586807989768,0.001887421912290051,0.04044421884070789,0.041208325040364
C_prior_condition,62,0,2047.133220340825,31.810568165510382,0.0,600,1,573,0.04280756552942614,0.15935929149595865,0.020090009208207124,0.020206237727835513,0.0,1.825638664484236e-05
C_prior_condition,63,0,0.0,0.0,0.0,600,0,0,0.002682263439645241,0.38773596686681283,0.0018555504829166002,0.0019165965393363922,0.04045245569255134,0.04121425859629007
C_prior_condition,64,0,0.0,0.0,0.0,600,0,0,0.0025996421911147717,0.38873273630707245,0.0018226560368170418,0.0018889713604859507,0.04036867532028109,0.04113256247962576
C_prior_condition,65,0,770.5875183685484,28.82083445899718,0.0,600,1,570,0.041326097575232174,0.3456275474121996,0.017049054506391933,0.016906063426312245,0.0,5.381689256109268e-07
C_prior_condition,66,0,385.97154821997395,27.76668259601603,0.0,600,1,568,0.04185010668403994,0.09362776027467437,0.016970780284556817,0.017010373076970942,1.6580750260140886e-05,4.442753550930323e-06
C_prior_condition,67,0,0.0,0.0,0.0,600,0,0,0.0026420389348119637,0.3897192862256169,0.0018427616319311858,0.0019010238453027128,0.040411146900163696,0.041174010555301004
C_prior_condition,68,0,0.0,0.0,0.0,600,0,0,0.002598513789486074,0.3908124088527929,0.0017967258273849833,0.001857605476709749,0.04036612030443181,0.04113216887632653
C_prior_condition,69,0,0.0,0.0,0.0,600,0,0,0.00264063127602282,0.3883477658945855,0.0018361177991471505,0.0019002647617047455,0.040410421038361975,0.04117321992202296
C_prior_condition,70,0,0.0,0.0,0.0,600,0,0,0.0025858756888222797,0.38854966865600954,0.001838730723998129,0.0018981145073364014,0.0403558457139195,0.04111776021315152
C_prior_condition,71,0,2232.5823379068615,31.919719276693183,0.0,600,1,570,0.038628680221734865,0.10665082600320398,0.006781298206417182,0.0067181197117325816,8.686500119307883e-06,3.0145047906653122e-05
C_prior_condition,72,0,783.012664460073,29.010189943605752,0.0,600,1,549,0.041620850883206696,0.07593964589256619,0.016415915247796883,0.01645499277576319,1.727997408040166e-05,5.7130368590826985e-06
C_prior_condition,73,0,0.0,0.0,0.0,600,0,0,0.0026470947667105566,0.3916755752596665,0.0017585933833739761,0.0018237008539153938,0.04041106574787661,0.041182529635328556
C_prior_condition,74,0,0.0,0.0,0.0,600,0,0,0.00263863484863027,0.39092329897048156,0.0017796523739961236,0.0018422046078031456,0.040404957826860065,0.04117324171490929
C_prior_condition,75,0,765.5391810534146,28.099829575542092,0.0,600,1,569,0.04358527701528743,0.10118482851087213,0.020800446179398933,0.020809215441987317,2.1590615215637265e-05,4.648677524136946e-06
C_prior_condition,76,0,0.0,0.0,0.0,600,0,0,0.0026525016911805484,0.38716904650409195,0.0018577627655040018,0.0019196247023672017,0.040423470034037144,0.04118366049541638
C_prior_condition,77,1,25.592572287138918,0.1285373454079578,0.0,387,0,0,0.018891436203438257,0.5076200277700922,0.0006613039879108905,0.0005365649803499732,0.05644882019887428,0.05746688419654979
C_prior_condition,78,0,0.0,0.0,0.0,600,0,0,0.002648169187599634,0.3859524185341965,0.0018599586175017827,0.0019244469959228212,0.040418938248424206,0.04117890958577524
C_prior_condition,79,0,2643.526795872314,35.94646371076538,0.0,600,1,557,0.0385318304862902,0.08156077339321895,0.005739033925907623,0.005748888320863063,3.3208038450076305e-05,1.5684388408203354e-05
C_prior_condition,80,0,0.0,0.0,0.0,600,0,0,0.0026386970451257596,0.38850827617570355,0.001804075884652437,0.0018692746437230505,0.04040686819566466,0.041172196676874155
C_prior_condition,81,0,0.0,0.0,0.0,600,0,0,0.002653710161686706,0.38874073447577073,0.0018339473420890156,0.0018919195360064883,0.04042352824243927,0.04118492739216988
C_prior_condition,82,0,0.0,0.0,0.0,600,0,0,0.0026762800560812304,0.39155466152398694,0.0018002914830920543,0.0018595978227797757,0.04044219637171622,0.04121148202743163
C_prior_condition,83,0,2006.027515753466,30.640119889393098,0.0,600,1,570,0.040837349180357946,0.05598577007025481,0.014368827543026413,0.01433559082035827,1.969108157753169e-05,5.185562681302158e-06
C_prior_condition,84,1,2536.7875638948376,10.966127945787985,0.0,245,1,3,0.002799096839577243,0.6121145915236068,0.0002129146161320942,0.00013428241318723123,0.03628278648451518,0.037525996524606746
C_prior_condition,85,1,1506.6760497332218,15.972759970200626,0.0,558,1,20,0.007799753706201788,0.444391376228523,0.000869165395476589,0.0008410775899610253,0.04493923725049217,0.04586206024793656
C_prior_condition,86,0,0.0,0.0,0.0,600,0,0,0.002674907382802344,0.38859025980356315,0.0017996791872177083,0.0018683700839738921,0.040441409491226425,0.04120811217435407
C_prior_condition,87,0,0.0,0.0,0.0,600,0,0,0.0026382305586149057,0.3883566600937291,0.0018131600465009403,0.0018787240477117302,0.04040713689193783,0.04117128598901395
C_prior_condition,88,0,3309.002493846875,33.9590811933745,0.0,600,1,566,0.04264557676975293,0.07232600885816982,0.01960027593532369,0.019597110630802526,8.219811015106049e-07,2.480736994805305e-05
C_prior_condition,89,0,2531.2586722390865,31.62380450264921,0.0,600,1,575,0.04236687438437714,0.08543529977836391,0.01820072600353853,0.01814374235501003,1.955202505037751e-05,2.4221910918317824e-06
C_prior_condition,90,1,301.10984347364257,0.7681373558001086,0.0,392,0,0,0.017743314203718698,0.4541174922579393,0.00044415608958351917,0.0006167894786670859,0.05536748435146765,0.05625830783189186
C_prior_condition,91,0,2501.025687446732,30.601917403288432,0.0,600,1,571,0.04085918472810479,0.8239378846075341,0.017567016059299834,0.017428875320685617,0.0,2.105210161051224e-05
C_prior_condition,92,0,0.0,0.0,0.0,600,0,0,0.0026439218857936693,0.39059549887467987,0.0017871198024805102,0.0018494939003689645,0.04041131413480358,0.041177843077713404
C_prior_condition,93,0,1300.6935194317607,29.382810940271437,0.0,600,1,573,0.041433675767351845,0.0864816400377695,0.015986420462292823,0.016036758318848317,2.0536995591950713e-05,6.323797474443171e-06
C_prior_condition,94,0,1289.5590313159869,27.935049143884637,0.0,600,1,573,0.03963857615371512,0.7569828552475378,0.013663449400715625,0.013457515544944147,5.273961029141766e-05,6.259194271995144e-05
C_prior_condition,95,0,0.0,0.0,0.0,600,0,0,0.0026553264872461214,0.3911231253412703,0.0017839274745066985,0.0018505165965392299,0.04042106399689687,0.04119036906618031
C_prior_condition,96,0,0.0,0.0,0.0,600,0,0,0.0026775760771410796,0.3889869758908025,0.0018265527211707966,0.0018882222694656318,0.04044673142473742,0.041210809898456095
C_prior_condition,97,0,1265.9456098065937,27.929664034837508,0.0,600,1,575,0.03988011479650982,0.8314339029992722,0.014916259445465598,0.015063757576383842,3.3160427182814256e-05,4.4264385490620783e-05
C_prior_condition,98,0,0.0,0.0,0.0,600,0,0,0.0026444869681822385,0.3926610368969978,0.0017525230314492277,0.0018155883921300111,0.040408330436589,0.04117957884363584
C_prior_condition,99,0,0.0,0.0,0.0,600,0,0,0.002683913613685812,0.38931360854820823,0.0018165413914608976,0.001879459120714612,0.040452331005450724,0.041217806476827816
C_prior_condition,100,0,0.0,0.0,0.0,600,0,0,0.0026529066303282146,0.38869874916651004,0.001825668422942112,0.0018889828636774358,0.04042289042031318,0.04118539662598785
C_prior_condition,101,1,339.44250636308664,1.1103793559365542,0.0,417,0,0,0.00531032326800436,0.42961408253183125,0.0006242920000873676,0.0008139472913751126,0.04271551643199963,0.043587958961698446
C_prior_condition,102,0,816.3625132286818,26.055178615670386,0.0,600,1,504,0.03917576208854789,0.18425295517567056,0.00907520659288625,0.009241594012319497,3.272765709873976e-05,1.2391740459020972e-05
C_prior_condition,103,1,4068.905146545174,23.011886612941954,0.0,453,1,19,0.002866278077614726,0.5117985931544591,0.0002471962751834915,0.0001678540517985485,0.03902315389273583,0.040053356235234476
C_prior_condition,104,0,0.0,0.0,0.0,600,0,0,0.0026412898029493266,0.38862886391677975,0.0018262047586433646,0.0018902341807131094,0.040410253642159576,0.04117464723040228
C_prior_condition,105,0,2111.9882136432257,30.4999857464501,0.0,600,1,570,0.041560131003948945,0.11792416187554325,0.016375940928632822,0.016294618032910244,1.6435314566125292e-05,0.0
C_prior_condition,106,0,0.0,0.0,0.0,600,0,0,0.0026383086356296438,0.3889997883844584,0.0018129688670026787,0.0018755483580207588,0.04040669841398183,0.04117217300674505
C_prior_condition,107,1,564.485196728229,5.8245782950876,0.0,437,1,10,0.005064018664136832,0.4436257778806828,0.00023185403093562145,0.0002781770095431761,0.042427034541484214,0.043321487743418784
C_prior_condition,108,0,1556.9052774996533,30.075616656586874,0.0,600,1,566,0.03978702060741344,0.09582609801349035,0.011896409701799076,0.011830939238475599,0.0,2.4915116383548985e-05
C_prior_condition,109,0,1842.8231001261088,33.30585525257053,0.0,600,1,573,0.04085755051364844,0.6564005070712553,0.01692718082399905,0.016761211727681326,0.0,1.060939356522378e-05
C_prior_condition,110,0,399.88673879447606,26.99943527110389,0.0,600,1,564,0.038617466410071716,0.679921135506609,0.009139881273995959,0.008941288035564786,0.00012129657636630181,0.00013230362590340577
C_prior_condition,111,0,0.0,0.0,0.0,600,0,0,0.0026947920279808027,0.3885735561006335,0.0018241031436423364,0.0018859438585141477,0.040463778467569565,0.04122822735495021
C_prior_condition,112,0,0.0,0.0,0.0,600,0,0,0.0026507581511785567,0.3908703691567416,0.0017988171285062218,0.0018582699023962281,0.04041780668064029,0.04118468417448034
C_prior_condition,113,0,884.1998278783611,29.697619366449363,0.0,600,1,569,0.04121684328333499,0.33964229741959734,0.01675369548955967,0.01661077967175132,0.0,2.8398467612142375e-06
C_prior_condition,114,0,233.25623186577036,0.3887603864429506,0.0,600,0,0,0.0009399607918660357,0.43566925637562653,0.0012229869729787318,0.0013178039665033901,0.038103081312558816,0.03898357388359399
C_prior_condition,115,0,0.0,0.0,0.0,600,0,0,0.0026447625964812773,0.3895039392987355,0.0018235930419978246,0.0018863855602082422,0.04041371982296465,0.041178183734515476
C_prior_condition,116,0,0.0,0.0,0.0,600,0,0,0.002637498239881664,0.3879810875385559,0.0018476069794897778,0.0019087167493716736,0.04040800759399154,0.041169199144884976
C_prior_condition,117,0,1891.5916187128682,30.216840937387246,0.0,600,1,572,0.04185976514245396,0.6154689210478298,0.01929282082193458,0.01910194924693133,0.0,0.0
C_prior_condition,118,0,0.0,0.0,0.0,600,0,0,0.002688704916728245,0.3905708996073059,0.0017920600812709037,0.0018554047110725383,0.04045622986009469,0.041222798690576566
C_prior_condition,119,0,0.0,0.0,0.0,600,0,0,0.002638215760051705,0.38817409552841065,0.001858052772449117,0.0019177890885227194,0.040408754314185606,0.0411692946054124
C_prior_condition,120,0,2550.5213732518746,33.34748808279322,0.0,600,1,566,0.040328534852742036,0.2354003224283883,0.014009675393915937,0.013920039644076242,0.0,2.6125035048639444e-05
C_prior_condition,121,0,391.9612086347724,27.781756502560906,0.0,600,1,569,0.043798262508650376,0.07420966341018347,0.022052147840898765,0.02206095722320419,4.042417841437773e-08,2.459231373713039e-05
C_prior_condition,122,0,1583.8446911652363,30.21984516086782,0.0,600,1,564,0.039112367837537056,0.11980904006584994,0.00928191051346715,0.009180196090534552,7.044036072975657e-07,2.6862678974219623e-05
C_prior_condition,123,0,1652.450453378401,30.599455483791978,0.0,600,1,568,0.03989628748393955,0.3303534808279207,0.012915900453818891,0.012727642964272529,0.0,2.2966980286052985e-05
C_prior_condition,124,0,0.0,0.0,0.0,600,0,0,0.0025899117778661086,0.3860218048945625,0.0018679258733795066,0.0019321829696664827,0.04036076288433662,0.04112036932008375
D_full_A2PO,0,0,0.0,0.0,0.0,600,0,0,0.0026398628605266623,0.3869944095909036,0.001869957281882131,0.0019335065047371917,0.04041094875595876,0.041170464611997214
D_full_A2PO,1,0,0.0,0.0,0.0,600,0,0,0.002639433957602664,0.39011745399623815,0.0017978598715804282,0.0018650125166528614,0.040405870429889544,0.0411739122305075
D_full_A2PO,2,0,438.57669118239176,26.75183711360484,0.0,600,1,566,0.039880122837257156,0.7005580935555411,0.014384214942073958,0.01456032120207531,0.0,3.772170419293758e-05
D_full_A2PO,3,0,0.0,0.0,0.0,600,0,0,0.002639105396300088,0.3889490116218007,0.0018087796866376896,0.0018745817390201308,0.040406335935270314,0.04117317745110085
D_full_A2PO,4,0,2985.8812809379765,33.86419480258104,0.0,600,1,547,0.03870273373131682,0.3940994926758499,0.007811234997514418,0.007618745456507437,7.503092175020071e-05,5.5733600257144855e-05
D_full_A2PO,5,0,1364.7298635628433,29.579914364543377,0.0,600,1,573,0.042815742741123854,0.3583845981994126,0.020591620978024923,0.0207393288109035,0.0,0.0
D_full_A2PO,6,0,4063.1871203505657,40.38032282495922,0.0,600,1,567,0.03971270957653339,0.10145269756853784,0.011651529555879985,0.0116898025876674,3.953888236839231e-06,1.9774536859466785e-05
D_full_A2PO,7,0,0.0,0.0,0.0,600,0,0,0.002638529729061006,0.38769582789526447,0.0018533288653760436,0.0019131768741068405,0.04040876106246929,0.04117038995368718
D_full_A2PO,8,0,0.0,0.0,0.0,600,0,0,0.0026384358414060644,0.39090120412048873,0.001784700722559974,0.0018463409303209417,0.04040459869550244,0.041173356481988076
D_full_A2PO,9,0,2597.1802106905775,44.63418973416164,0.0,600,1,580,0.04294815103990463,0.05000681575586682,0.019680460442051573,0.0196990028805708,2.1006772401709062e-05,2.504170544058437e-06
D_full_A2PO,10,0,1328.7147562696882,28.58492086856558,0.0,600,1,566,0.04035174198226753,0.4418060702184318,0.014130285607543633,0.014463363416047353,0.0,0.0
D_full_A2PO,11,0,0.0,0.0,0.0,600,0,0,0.002671691696105209,0.390568587556285,0.0018223449500573581,0.0018828485211572613,0.040440255466201884,0.04120483126077556
D_full_A2PO,12,0,1400.9514823028212,28.90195910733421,0.0,600,1,569,0.040869775305163177,0.3211337831572653,0.015783136887329248,0.015643686044598877,0.0,9.510505806185898e-06
D_full_A2PO,13,0,1186.3517380014111,29.202267647476518,0.0,600,1,573,0.04354449723970205,0.10694787077446868,0.020742413216759722,0.020785766101929014,1.644476474040729e-05,1.0807811542043466e-06
D_full_A2PO,14,0,0.0,0.0,0.0,600,0,0,0.0026743921683645673,0.3908668508346714,0.0017778251252920216,0.0018418224125777364,0.04044109920239721,0.041208653397358706
D_full_A2PO,15,0,0.0,0.0,0.0,600,0,0,0.0026735044119735557,0.3891648440519067,0.0018301248526035219,0.0018906715149295031,0.04044255347553557,0.04120666297718347
D_full_A2PO,16,0,0.0,0.0,0.0,600,0,0,0.00265148891955875,0.3897103304249823,0.001806616556194636,0.0018694832475373007,0.04041919478926655,0.04118585425791795
D_full_A2PO,17,0,0.0,0.0,0.0,600,0,0,0.0027021268547026468,0.3900189746959237,0.0018058938724861931,0.0018687959684168252,0.04047026143377671,0.041236029483636576
D_full_A2PO,18,0,2310.1520541320597,35.46593517091392,0.0,600,1,572,0.03867632100909804,0.11420298891580564,0.007160630092626298,0.0072249693344801575,5.778481693662074e-06,2.997976041840128e-05
D_full_A2PO,19,0,4003.852566177466,38.28855359561236,0.0,600,1,551,0.03839958194991428,0.3645193850318998,0.006379479872516321,0.006227174023822059,5.336738127603019e-05,9.967849054125927e-05
D_full_A2PO,20,0,0.0,0.0,0.0,600,0,0,0.002691414808076271,0.38845265062643797,0.0018342887560008647,0.0018979639849417578,0.04046074658200959,0.04122443042453338
D_full_A2PO,21,0,2997.0671689299465,32.6431741660985,0.0,600,1,557,0.039328966527544834,0.7262011897038803,0.012424516756594093,0.012236821862463427,7.392076347583626e-05,7.630085364048605e-05
D_full_A2PO,22,0,0.0,0.0,0.0,600,0,0,0.0026978016568857638,0.3886026748917081,0.001838397948909252,0.00189961835389936,0.040467118556297,0.041230902919634986
D_full_A2PO,23,0,0.0,0.0,0.0,600,0,0,0.0026071861377302916,0.3881806782438718,0.001822985356111897,0.0018854968527701045,0.04037670258167305,0.04114010826626351
D_full_A2PO,24,0,0.0,0.0,0.0,600,0,0,0.0026392757820224424,0.39090428206601774,0.0017816606970313352,0.0018439447016801143,0.040405104796362244,0.04117447211319077
D_full_A2PO,25,0,0.0,0.0,0.0,600,0,0,0.0025887977092112287,0.38749738424487906,0.0018705741798811105,0.0019296320214311517,0.040359955512624855,0.041118552087778086
D_full_A2PO,26,0,2889.065183644052,37.207681884413226,0.0,600,1,574,0.041252474140360575,0.7433243938680216,0.018045710032618015,0.018012900882109592,0.0,0.0
D_full_A2PO,27,0,0.0,0.0,0.0,600,0,0,0.0026098294096673713,0.3871959829526252,0.0018238714242064169,0.001892265283834164,0.040377922786245544,0.04114166900049889
D_full_A2PO,28,0,1264.0702297838968,28.70868472375478,0.0,600,1,571,0.041150071637314975,0.331052582675687,0.016018459539368025,0.015980397150653403,0.0,0.0
D_full_A2PO,29,0,904.0132098534292,28.658406975228846,0.0,600,1,571,0.041081487615531674,0.09347084174152039,0.014980964298592754,0.014938769771432003,1.674601344622134e-05,5.8912774727679085e-06
D_full_A2PO,30,0,2187.003638966711,30.67866891642289,0.0,600,1,568,0.042030355984636114,0.08604948163312362,0.017406269467964457,0.0173460797594797,1.993413938588401e-05,5.021560913025247e-06
D_full_A2PO,31,0,2535.755424124359,30.130132145966726,0.0,600,1,573,0.03924124579260009,0.7889368024745852,0.012550185131250799,0.012697432170134991,7.201842203388015e-05,7.778625054515736e-05
D_full_A2PO,32,0,0.0,0.0,0.0,600,0,0,0.0026448366137200273,0.3903565481408233,0.0017887498667785368,0.0018513279464067755,0.04041249355932799,0.041178582105788585
D_full_A2PO,33,0,0.0,0.0,0.0,600,0,0,0.0026436357361271337,0.3922668162153211,0.00177568640414371,0.0018338893554613316,0.040408983208216114,0.04117691925304217
D_full_A2PO,34,0,0.0,0.0,0.0,600,0,0,0.0026385766792291873,0.39046118924710993,0.0017968760972362822,0.001855937108577399,0.04040579221928147,0.041172330036784825
D_full_A2PO,35,0,0.0,0.0,0.0,600,0,0,0.0025867183655298976,0.39150394953948753,0.0017769642806801187,0.0018378579783188387,0.04035304563897648,0.041120618250613104
D_full_A2PO,36,0,443.2607438249664,27.4341355495667,0.0,600,1,565,0.04051895395512368,0.294132369991719,0.014728535920978253,0.014591973684030615,0.0,1.8002874249627154e-05
D_full_A2PO,37,0,2897.6425814001773,31.78012281856342,0.0,600,1,567,0.04084084568270976,0.3416426954326015,0.015769307288504963,0.01560765875608402,0.0,7.383355420102766e-06
D_full_A2PO,38,0,383.98912404512555,27.511329616091352,0.0,600,1,569,0.04139817877613979,0.0792005385341084,0.015881744555307418,0.015825560734012065,1.942801735606986e-05,2.608035029237621e-06
D_full_A2PO,39,0,3509.1664313019087,12.703174887726135,0.0,600,1,20,0.009984965086783938,0.39961329453823113,0.002464280457315474,0.002397528243791397,0.04766348732833394,0.04839787572948822
D_full_A2PO,40,0,0.0,0.0,0.0,600,0,0,0.0025840575780054333,0.3883319927937578,0.0018485281409436458,0.0019064045713586104,0.040354097841926805,0.04111509832097376
D_full_A2PO,41,1,764.1572245916983,16.329534559535553,0.0,588,1,200,0.004956947649231165,0.49018220723617234,0.00017161404610073746,0.00021852080861382416,0.04216975466493316,0.04316051043490198
D_full_A2PO,42,0,732.4412943504201,28.126938766805633,0.0,600,1,568,0.04234776481058336,0.07745904351865933,0.01814683583954726,0.01818012792087615,1.6558964218281458e-05,3.851849577483912e-06
D_full_A2PO,43,0,1522.7034395593828,30.389616308493704,0.0,600,1,572,0.04225194729426926,0.07251207483619922,0.017977266940170218,0.018016421643024867,2.0560821954972164e-05,5.306432537009742e-06
D_full_A2PO,44,0,0.0,0.0,0.0,600,0,0,0.0026442935016667357,0.38835331777955023,0.001846193374399995,0.0019055028415142612,0.040414558988127784,0.04117579911266358
D_full_A2PO,45,0,0.0,0.0,0.0,600,0,0,0.0026506786977128637,0.38918150590598066,0.001833041484383129,0.0018948035935938577,0.0404206616101656,0.04118294231463223
D_full_A2PO,46,0,4116.243921083349,42.17385821811203,0.0,600,1,575,0.038818273342145514,0.06924418845650479,0.007951516814890107,0.007932610569024385,8.819818734816243e-06,2.94114223002781e-05
D_full_A2PO,47,0,0.0,0.0,0.0,600,0,0,0.002650559375359831,0.3888651397832169,0.001845738316346974,0.0019085747555778274,0.04042075138253697,0.04118270938295548
D_full_A2PO,48,0,0.0,0.0,0.0,600,0,0,0.0026398032707156353,0.3922840907473881,0.0017593871299014401,0.001822963598998269,0.04040394631963439,0.041175274277097156
D_full_A2PO,49,0,2827.195245177268,4.757732638464022,0.0,600,0,0,0.00343620648389414,0.35109112770646966,0.0023780060632537137,0.0024395388643970624,0.04117124054727327,0.04185672703655973
D_full_A2PO,50,0,3112.005532914194,32.128622700526016,0.0,600,1,573,0.040975562634734515,0.7196630159967755,0.017238132926717983,0.017278765782710415,0.0,0.0
D_full_A2PO,51,0,0.0,0.0,0.0,600,0,0,0.002642458234814774,0.38854326737576794,0.0018210733573859608,0.0018840878978368183,0.040411691257851066,0.04117562804121668
D_full_A2PO,52,0,0.0,0.0,0.0,600,0,0,0.0026377019306471905,0.38754938412713497,0.001855030895937905,0.0019165948486230895,0.040408594909721283,0.041168938260763864
D_full_A2PO,53,0,432.31021778595556,26.532656910082096,0.0,600,1,569,0.040215320211554446,0.7848993631034126,0.015565211351029078,0.015368265656071155,3.087340987367043e-05,3.307106837515533e-05
D_full_A2PO,54,0,1237.783435133853,29.39585601765073,0.0,600,1,568,0.04362968778502164,0.09048225248829384,0.020875793699642143,0.02083986884382484,1.7178647678438297e-05,3.1349260446109084e-06
D_full_A2PO,55,0,1022.4472879852574,21.36279940183799,0.0,600,1,338,0.006029323086389637,0.4251174447234045,0.0013596401594647932,0.0013328653075515649,0.03268311337209886,0.03354754857882005
D_full_A2PO,56,0,583.6839058145789,24.296839671238097,0.0,600,1,487,0.03835270345388872,0.7581126570230093,0.008133887799757055,0.008485916354493512,0.00014842145834558645,0.00016547274243852023
D_full_A2PO,57,0,3685.7918859313068,35.077700391023335,0.0,600,1,568,0.041984165923719535,0.1091663968008452,0.017253671873008407,0.01721867482079944,1.710744607235498e-05,5.41807605696637e-06
D_full_A2PO,58,0,0.0,0.0,0.0,600,0,0,0.001370036017369243,0.3716687283366678,0.002657075567837991,0.00267067663431911,0.037262154670838286,0.03791291106788738
D_full_A2PO,59,0,551.6754584420353,27.13889804488632,0.0,600,1,571,0.03979214711664823,0.7161885438056751,0.014165843999824896,0.014336197512370138,4.961125123291443e-06,4.2102354114441354e-05
D_full_A2PO,60,0,0.0,0.0,0.0,600,0,0,0.002589891189395119,0.3923741860571259,0.001748408254078872,0.0018126605987202101,0.04035290517916559,0.04112544952670152
D_full_A2PO,61,0,0.0,0.0,0.0,600,0,0,0.0026743425739772985,0.3885893453075014,0.0018245759797464768,0.0018874100386282464,0.04044350040323715,0.04120760814762877
D_full_A2PO,62,0,2046.8717311195444,31.77077405053226,0.0,600,1,573,0.04274397442940878,0.1586453769868833,0.01995046430995316,0.020066859904576042,0.0,1.835738413582394e-05
D_full_A2PO,63,0,0.0,0.0,0.0,600,0,0,0.0026815531131037192,0.38773740784454497,0.001855521221796311,0.0019165668339040532,0.0404517436769938,0.04121355051964359
D_full_A2PO,64,0,0.0,0.0,0.0,600,0,0,0.0025989162177033538,0.3887332928008588,0.0018226508149847907,0.001888966354039711,0.04036794864214823,0.04113183701518191
D_full_A2PO,65,0,770.3075465816054,28.849547327867306,0.0,600,1,568,0.041314493787226174,0.3444583927987362,0.017016619617186306,0.01687382657043001,0.0,9.046562011935655e-07
D_full_A2PO,66,0,385.9754152245228,27.766253018786,0.0,600,1,568,0.041850097066771,0.09361446187121931,0.01697076494342029,0.0170103539614384,1.6580813092102742e-05,4.442115811457981e-06
D_full_A2PO,67,0,0.0,0.0,0.0,600,0,0,0.0026413098031589422,0.38972106109715426,0.0018427388294540623,0.001901002275907551,0.0404104160285163,0.041173283402704146
D_full_A2PO,68,0,0.0,0.0,0.0,600,0,0,0.0025977907069789996,0.39081230599002365,0.0017967280140120962,0.0018576053047098765,0.04036539715009382,0.04113144503083171
D_full_A2PO,69,0,0.0,0.0,0.0,600,0,0,0.0026399007100922287,0.38834887997338674,0.0018361045932234082,0.0019002517925296232,0.04040968952624715,0.04117249036194622
D_full_A2PO,70,0,0.0,0.0,0.0,600,0,0,0.0025851358524333185,0.3885503978930155,0.0018387143692954056,0.0018980976590955265,0.04035510452503593,0.041117021722833484
D_full_A2PO,71,0,2232.4699768970518,31.92006469989696,0.0,600,1,570,0.038628708013401236,0.10663931426404044,0.006781473087586977,0.006718313402407991,8.685896567960094e-06,3.014563611088844e-05
D_full_A2PO,72,0,782.941933806038,29.471739731458285,0.0,600,1,553,0.0486493139105816,0.1610963019978666,0.030082419512728345,0.030094579849595026,5.243756538840516e-06,0.0
D_full_A2PO,73,0,0.0,0.0,0.0,600,0,0,0.0026463719387299946,0.3916737726319121,0.00175861163438961,0.0018237170551550976,0.04041034450445207,0.04118180596969683
D_full_A2PO,74,0,0.0,0.0,0.0,600,0,0,0.0026379029466408487,0.3909223599689517,0.0017796594472856855,0.0018422105223719473,0.0404042261585302,0.041172509573686365
D_full_A2PO,75,0,765.4688356215955,28.1898118487064,0.0,600,1,568,0.04375304345968246,0.10201593194765453,0.02114385155160889,0.021152811863426383,2.1580709068540205e-05,4.422722860934758e-06
D_full_A2PO,76,0,0.0,0.0,0.0,600,0,0,0.0026517796247176855,0.3871706633143913,0.0018577342389623785,0.0019195957286160963,0.040422746363093585,0.041182940688545076
D_full_A2PO,77,1,25.595466123238367,0.1285370662616234,0.0,387,0,0,0.018891578975596908,0.5076275686305912,0.000661121589259669,0.0005363444544423225,0.05644893334691586,0.05746701052980809
D_full_A2PO,78,0,0.0,0.0,0.0,600,0,0,0.0026474489690947256,0.38595329064709094,0.001859940195982427,0.0019244279064646705,0.04041821673747858,0.041178191095704746
D_full_A2PO,79,0,2642.8825523757837,35.945290191742956,0.0,600,1,557,0.03853176814797324,0.08156753047587974,0.005738635508098276,0.005748493277159344,3.3207835085306836e-05,1.5684934030500697e-05
D_full_A2PO,80,0,0.0,0.0,0.0,600,0,0,0.002637965739096062,0.3885079663650934,0.001804072218310283,0.0018692691328567688,0.04040613655584096,0.04117146561673481
D_full_A2PO,81,0,0.0,0.0,0.0,600,0,0,0.0026529884783687684,0.388740924162735,0.001833937636186628,0.0018919095385619867,0.04042280551452059,0.04118420680858164
D_full_A2PO,82,0,0.0,0.0,0.0,600,0,0,0.002675563726619818,0.3915556895965342,0.001800269762363923,0.0018595730363248528,0.04044147790093069,0.04121076569229123
D_full_A2PO,83,0,2005.695972240069,30.627809064611714,0.0,600,1,570,0.04083876375968575,0.056110844542932525,0.014372982789692214,0.014339630463266624,1.9686177262605298e-05,5.169941169218262e-06
D_full_A2PO,84,1,2536.669506527764,10.965604822758065,0.0,245,1,3,0.002799647041068297,0.6120685830802586,0.00021279958297028964,0.00013425214762731772,0.03628146533935513,0.03752457494103439
D_full_A2PO,85,1,1506.6760655466217,15.990012225288872,0.0,557,1,21,0.00763765597839185,0.45501089999309347,0.0008790619681885422,0.0008424351285367726,0.04475700951565211,0.04569461775806135
D_full_A2PO,86,0,0.0,0.0,0.0,600,0,0,0.0026741823642742776,0.3885897539816773,0.0017996840840249979,0.0018683740329360537,0.04044068470430331,0.0412073867823581
D_full_A2PO,87,0,0.0,0.0,0.0,600,0,0,0.002637498674081204,0.38835725435611,0.0018131522612284295,0.001878714487912447,0.04040640442132145,0.04117055484545153
D_full_A2PO,88,0,3308.9577003759096,33.96033350499087,0.0,600,1,566,0.04264432359389338,0.07214152105616164,0.01959750427793255,0.019594336206362185,8.31456682275078e-07,2.481696637578884e-05
D_full_A2PO,89,0,2531.11250451029,31.6222386215435,0.0,600,1,575,0.042367898882597385,0.08510425322264917,0.01820302879360983,0.0181463664420614,1.954876701381475e-05,2.402085423867939e-06
D_full_A2PO,90,1,301.11594955430326,0.7681529325364879,0.0,392,0,0,0.01774331002671092,0.4541252447753557,0.0004440362715178928,0.0006166828848419705,0.05536745938909143,0.056258295486226594
D_full_A2PO,91,0,2500.725752718348,30.614747719465814,0.0,600,1,571,0.04086110377622626,0.8240916979553382,0.017572388906312224,0.017435175238631154,0.0,2.0990103262334692e-05
D_full_A2PO,92,0,0.0,0.0,0.0,600,0,0,0.0026431953697099884,0.39059518551656763,0.0017871218067262184,0.0018494952953613366,0.04041058752683726,0.041177116474599505
D_full_A2PO,93,0,1300.576130025055,29.386575063110236,0.0,600,1,573,0.04143368836570332,0.08642692807040028,0.015986483437295192,0.016036781314316136,2.053829894931719e-05,6.321492851006638e-06
D_full_A2PO,94,0,1289.3115771777495,27.934562032800326,0.0,600,1,573,0.03963826654093453,0.7569848031935681,0.013662415369863762,0.013456495898674273,5.275265209516572e-05,6.260843980972902e-05
D_full_A2PO,95,0,0.0,0.0,0.0,600,0,0,0.002654606381723906,0.3911228255486765,0.0017839342556487895,0.001850522404346961,0.040420344665961026,0.04118964846252101
D_full_A2PO,96,0,0.0,0.0,0.0,600,0,0,0.0026768607306926857,0.3889875220534451,0.0018265407847430884,0.0018882099290790176,0.040446015059571454,0.0412100954517858
D_full_A2PO,97,0,1265.7444112567055,27.899096969663926,0.0,600,1,575,0.03990186465859749,0.8338141561753956,0.014992854544290593,0.015141741923815477,3.206044005473613e-05,4.3128470838142696e-05
D_full_A2PO,98,0,0.0,0.0,0.0,600,0,0,0.002643760187231045,0.3926597806723502,0.00175253941809476,0.0018156040183267745,0.04040760476291507,0.04117885149774
D_full_A2PO,99,0,0.0,0.0,0.0,600,0,0,0.0026832039373121076,0.3893140125058242,0.0018165317882844463,0.0018794483350349034,0.04045162065978888,0.04121709729653255
D_full_A2PO,100,0,0.0,0.0,0.0,600,0,0,0.0026521826385751852,0.38869913521620353,0.001825663343204885,0.0018889778494877727,0.04042216577073245,0.04118467325189464
D_full_A2PO,101,1,339.45956030781076,1.1104442467374243,0.0,417,0,0,0.005309212741530876,0.42961811878540346,0.0006243085980712883,0.000813967409073267,0.042714325946199026,0.0435867748508458
D_full_A2PO,102,0,816.4407150604031,26.05551562837242,0.0,600,1,504,0.03917583068484572,0.18421098862410942,0.009075187392724537,0.009241534973441682,3.272758608820897e-05,1.2393871946618507e-05
D_full_A2PO,103,1,4068.9021387065936,23.007294994548154,0.0,453,1,19,0.002867070402009624,0.5119083707368035,0.000247310729136559,0.0001681071660907993,0.03902355855912417,0.040054037875933556
D_full_A2PO,104,0,0.0,0.0,0.0,600,0,0,0.0026405627571259556,0.38862903023325823,0.0018261970474771497,0.0018902265179129012,0.04040952563993396,0.041173920927574624
D_full_A2PO,105,0,2111.5959147437484,30.49898436462231,0.0,600,1,570,0.041559629819323665,0.11791146125934526,0.016374666364329504,0.016293368030167593,1.643694028526793e-05,0.0
D_full_A2PO,106,0,0.0,0.0,0.0,600,0,0,0.0026375763202338342,0.3889995793354634,0.0018129621808549133,0.0018755388130675926,0.04040596577378688,0.04117144092071603
D_full_A2PO,107,1,564.8583115141646,6.049390861650063,0.0,437,1,10,0.004880551820783642,0.44418819219120254,0.00026089332024147006,0.00029513398814659644,0.0422389335014239,0.043134653132600224
D_full_A2PO,108,0,1556.793535438471,30.07537716742118,0.0,600,1,566,0.039786824193256146,0.09585411353613923,0.011895749274391743,0.011830218891258737,0.0,2.4923505976097438e-05
D_full_A2PO,109,0,1841.6503562888677,33.33150884402125,0.0,600,1,573,0.0408719743783197,0.6573524512783986,0.01696923926488696,0.016803436627734123,0.0,1.0116994622270947e-05
D_full_A2PO,110,0,399.89119643661,27.000127311032312,0.0,600,1,564,0.03861693823642167,0.6798939637473709,0.009137202870239974,0.008938597670057993,0.00012133769753407825,0.0001323662303846715
D_full_A2PO,111,0,0.0,0.0,0.0,600,0,0,0.0026940876296378835,0.38857369200390557,0.0018240905523760256,0.0018859292078529171,0.040463073121106245,0.04122752375207744
D_full_A2PO,112,0,0.0,0.0,0.0,600,0,0,0.002650033921906203,0.3908698925414774,0.0017988176692360289,0.0018582697588561028,0.040417082086139915,0.04118396015812511
D_full_A2PO,113,0,883.7634532444129,29.722375902314948,0.0,600,1,568,0.041215601061151186,0.3395025004626572,0.016750173856210124,0.01660743276744346,0.0,2.893523046935964e-06
D_full_A2PO,114,0,233.25396075782513,0.3887566012630419,0.0,600,0,0,0.0009398012476452941,0.43566443954763456,0.0012229992849444307,0.0013178096871797396,0.03810280250891423,0.03898328503762671
D_full_A2PO,115,0,0.0,0.0,0.0,600,0,0,0.0026440384441449153,0.38950457330997246,0.0018235847411201436,0.0018863782847070212,0.04041299464716038,0.04117746054420542
D_full_A2PO,116,0,0.0,0.0,0.0,600,0,0,0.002636764422389864,0.3879820146752506,0.0018475909450945856,0.0019087008145381556,0.04040727244106165,0.04116846690564726
D_full_A2PO,117,0,1891.414552488973,30.217867547529664,0.0,600,1,572,0.04185869890585217,0.6154873112622288,0.019290395441146916,0.019099514755994612,0.0,0.0
D_full_A2PO,118,0,0.0,0.0,0.0,600,0,0,0.0026879955293352157,0.3905708431395518,0.001792061351223284,0.0018554059713590345,0.04045552028503712,0.041222089349761924
D_full_A2PO,119,0,0.0,0.0,0.0,600,0,0,0.0026374821553417672,0.3881755920902963,0.001858030541268336,0.0019177678744877798,0.04040801914365507,0.041168563214309166
D_full_A2PO,120,0,2550.4038621444206,33.344395768863954,0.0,600,1,566,0.04033090525883,0.2354467772544512,0.014016945749246857,0.013927200351440511,0.0,2.609804255031961e-05
D_full_A2PO,121,0,391.96638280401845,27.790121533464863,0.0,600,1,569,0.04379774800663329,0.07414152307167134,0.022051167063529317,0.022059963872182894,1.4324890239281185e-08,2.4588528774897866e-05
D_full_A2PO,122,0,1583.8379778721994,30.22097738370091,0.0,600,1,564,0.039112250233808966,0.11947932035245697,0.009281148272023825,0.009179880444068462,7.071151263624009e-07,2.686262258682487e-05
D_full_A2PO,123,0,1651.5333474665504,30.596014328715803,0.0,600,1,568,0.03989626980807351,0.33037678643679813,0.012915384790630103,0.012727230836794268,0.0,2.297226526145474e-05
D_full_A2PO,124,0,0.0,0.0,0.0,600,0,0,0.0025891753014227726,0.3860230598946553,0.001867901623195381,0.0019321579522632183,0.04036002508589422,0.04111963503665158
