episode,step,stage,stage_index,success,contact,jamming,Kx,Ky,Kz,Krx,Kry,Krz,Dx,Dy,Dz,Drx,Dry,Drz,Fx,Fy,Fz,Tx,Ty,Tz,peg1_lateral_error,peg2_lateral_error,peg1_depth,peg2_depth,relative_position_error,relative_orientation_error,agent1_action,impedance_action
0,0,FIRST_CONTACT,6,0,1,0,360.0,360.0,520.0,60.0,60.0,44.0,4.4,4.4,5.5,1.54,1.54,1.1,2968.2992996045577,-5.65649473298302,2028.37373665836,0.0,0.0,0.0,0.005999999999999998,0.006000000000000005,0.03799999999999997,0.03799999999999997,0.0,0.0,"[0,0,0,0,0,0]","[1.0, 1.0, 1.0, 1.0, 1.0, 1.0, 1.0, 1.0, 1.0, 1.0, 1.0, 1.0]"
0,1,FIRST_CONTACT,6,0,1,0,360.0,360.0,520.0,60.0,60.0,44.0,4.4,4.4,5.5,1.54,1.54,1.1,1565.5689487111545,-3.7685299454111765,-1095.8917845456456,0.0,0.0,0.0,0.005213021332282633,0.005295394486210105,0.00873987039868409,0.013402781576759025,0.0,0.0,"[0,0,0,0,0,0]","[1.0, 1.0, 1.0, 1.0, 1.0, 1.0, 1.0, 1.0, 1.0, 1.0, 1.0, 1.0]"
0,2,FIRST_CONTACT,6,0,0,0,360.0,360.0,520.0,60.0,60.0,44.0,4.4,4.4,5.5,1.54,1.54,1.1,0.0,0.0,0.0,0.0,0.0,0.0,0.0006676159286691839,0.0005842138021528918,0.0,0.0,0.0,0.0,"[0,0,0,0,0,0]","[1.0, 1.0, 1.0, 1.0, 1.0, 1.0, 1.0, 1.0, 1.0, 1.0, 1.0, 1.0]"
0,3,FIRST_CONTACT,6,0,0,0,360.0,360.0,520.0,60.0,60.0,44.0,4.4,4.4,5.5,1.54,1.54,1.1,0.0,0.0,0.0,0.0,0.0,0.0,0.0025004816481435967,0.002482898071060112,0.0,0.0,0.0,0.0,"[0,0,0,0,0,0]","[1.0, 1.0, 1.0, 1.0, 1.0, 1.0, 1.0, 1.0, 1.0, 1.0, 1.0, 1.0]"
0,4,FIRST_CONTACT,6,0,0,0,360.0,360.0,520.0,60.0,60.0,44.0,4.4,4.4,5.5,1.54,1.54,1.1,0.0,0.0,0.0,0.0,0.0,0.0,0.004734273370410585,0.004728143618283434,0.0,0.0,0.0,0.0,"[0,0,0,0,0,0]","[1.0, 1.0, 1.0, 1.0, 1.0, 1.0, 1.0, 1.0, 1.0, 1.0, 1.0, 1.0]"
0,5,COMPLIANT_ALIGNMENT,7,0,0,0,360.0,360.0,520.0,60.0,60.0,44.0,4.4,4.4,5.5,1.54,1.54,1.1,0.0,0.0,0.0,0.0,0.0,0.0,0.006534296155508329,0.006533407808503137,0.0,0.0,0.0,0.0,"[0,0,0,0,0,0]","[1.0, 1.0, 1.0, 1.0, 1.0, 1.0, 1.0, 1.0, 1.0, 1.0, 1.0, 1.0]"
0,6,COMPLIANT_ALIGNMENT,7,0,0,0,360.0,360.0,520.0,60.0,60.0,44.0,4.4,4.4,5.5,1.54,1.54,1.1,0.0,0.0,0.0,0.0,0.0,0.0,0.008003608040708413,0.008006449767962224,0.0,0.0,0.0,0.0,"[0,0,0,0,0,0]","[1.0, 1.0, 1.0, 1.0, 1.0, 1.0, 1.0, 1.0, 1.0, 1.0, 1.0, 1.0]"
0,7,COMPLIANT_ALIGNMENT,7,0,0,0,360.0,360.0,520.0,60.0,60.0,44.0,4.4,4.4,5.5,1.54,1.54,1.1,0.0,0.0,0.0,0.0,0.0,0.0,0.009257602248759851,0.00926354877742256,0.0,0.0,0.0,0.0,"[0,0,0,0,0,0]","[1.0, 1.0, 1.0, 1.0, 1.0, 1.0, 1.0, 1.0, 1.0, 1.0, 1.0, 1.0]"
0,8,COMPLIANT_ALIGNMENT,7,0,0,0,360.0,360.0,520.0,60.0,60.0,44.0,4.4,4.4,5.5,1.54,1.54,1.1,0.0,0.0,0.0,0.0,0.0,0.0,0.010361968096693102,0.010370732645984645,0.0,0.0,0.0,0.0,"[0,0,0,0,0,0]","[1.0, 1.0, 1.0, 1.0, 1.0, 1.0, 1.0, 1.0, 1.0, 1.0, 1.0, 1.0]"
0,9,COMPLIANT_ALIGNMENT,7,0,0,0,360.0,360.0,520.0,60.0,60.0,44.0,4.4,4.4,5.5,1.54,1.54,1.1,0.0,0.0,0.0,0.0,0.0,0.0,0.01134976248661909,0.011361196717422953,0.0,0.0,0.0,0.0,"[0,0,0,0,0,0]","[1.0, 1.0, 1.0, 1.0, 1.0, 1.0, 1.0, 1.0, 1.0, 1.0, 1.0, 1.0]"
0,10,COMPLIANT_ALIGNMENT,7,0,0,0,360.0,360.0,520.0,60.0,60.0,44.0,4.4,4.4,5.5,1.54,1.54,1.1,0.0,0.0,0.0,0.0,0.0,0.0,0.012236724500028101,0.012250712872052585,0.0,0.0,0.0,0.0,"[0,0,0,0,0,0]","[1.0, 1.0, 1.0, 1.0, 1.0, 1.0, 1.0, 1.0, 1.0, 1.0, 1.0, 1.0]"
0,11,COMPLIANT_ALIGNMENT,7,0,0,0,360.0,360.0,520.0,60.0,60.0,44.0,4.4,4.4,5.5,1.54,1.54,1.1,0.0,0.0,0.0,0.0,0.0,0.0,0.013030072375462668,0.013046473534216002,0.0,0.0,0.0,0.0,"[0,0,0,0,0,0]","[1.0, 1.0, 1.0, 1.0, 1.0, 1.0, 1.0, 1.0, 1.0, 1.0, 1.0, 1.0]"
0,12,COMPLIANT_ALIGNMENT,7,0,0,0,360.0,360.0,520.0,60.0,60.0,44.0,4.4,4.4,5.5,1.54,1.54,1.1,0.0,0.0,0.0,0.0,0.0,0.0,0.013733167776425026,0.013751783715686802,0.0,0.0,0.0,0.0,"[0,0,0,0,0,0]","[1.0, 1.0, 1.0, 1.0, 1.0, 1.0, 1.0, 1.0, 1.0, 1.0, 1.0, 1.0]"
0,13,COMPLIANT_ALIGNMENT,7,0,1,0,360.0,360.0,520.0,60.0,60.0,44.0,4.4,4.4,5.5,1.54,1.54,1.1,1633.7277821881971,245.3950852096358,163.98540653376776,0.0,0.0,0.0,0.014019405237874582,0.0140320224352294,0.00012218807489610545,0.0021941301263365617,0.0,0.0,"[0,0,0,0,0,0]","[1.0, 1.0, 1.0, 1.0, 1.0, 1.0, 1.0, 1.0, 1.0, 1.0, 1.0, 1.0]"
0,14,COMPLIANT_ALIGNMENT,7,0,1,0,360.0,360.0,520.0,60.0,60.0,44.0,4.4,4.4,5.5,1.54,1.54,1.1,487.32851405101354,340.7458288349196,1.6541129979814517,0.0,0.0,0.0,0.013945563973113022,0.013956150850504112,0.00019198281066811623,0.0016389066800763172,0.0,0.0,"[0,0,0,0,0,0]","[1.0, 1.0, 1.0, 1.0, 1.0, 1.0, 1.0, 1.0, 1.0, 1.0, 1.0, 1.0]"
0,15,COMPLIANT_ALIGNMENT,7,0,1,0,360.0,360.0,520.0,60.0,60.0,44.0,4.4,4.4,5.5,1.54,1.54,1.1,198.11578275887015,117.85120607349299,-23.49176176479642,0.0,0.0,0.0,0.01395441749612851,0.01394622314301194,0.0,0.0007410880222785063,0.0,0.0,"[0,0,0,0,0,0]","[1.0, 1.0, 1.0, 1.0, 1.0, 1.0, 1.0, 1.0, 1.0, 1.0, 1.0, 1.0]"
0,16,COMPLIANT_ALIGNMENT,7,0,1,0,360.0,360.0,520.0,60.0,60.0,44.0,4.4,4.4,5.5,1.54,1.54,1.1,62.643545620938575,-0.37774931464030126,-43.84885484658599,0.0,0.0,0.0,0.01444122931525105,0.01442108315708893,0.0,0.0,0.0,0.0,"[0,0,0,0,0,0]","[1.0, 1.0, 1.0, 1.0, 1.0, 1.0, 1.0, 1.0, 1.0, 1.0, 1.0, 1.0]"
0,17,COMPLIANT_ALIGNMENT,7,0,0,0,360.0,360.0,520.0,60.0,60.0,44.0,4.4,4.4,5.5,1.54,1.54,1.1,0.0,0.0,0.0,0.0,0.0,0.0,0.016033716507977108,0.016022829213309688,0.0,0.0,0.0,0.0,"[0,0,0,0,0,0]","[1.0, 1.0, 1.0, 1.0, 1.0, 1.0, 1.0, 1.0, 1.0, 1.0, 1.0, 1.0]"
0,18,COMPLIANT_ALIGNMENT,7,0,0,0,360.0,360.0,520.0,60.0,60.0,44.0,4.4,4.4,5.5,1.54,1.54,1.1,0.0,0.0,0.0,0.0,0.0,0.0,0.017096664129158733,0.017095009957666565,0.0,0.0,0.0,0.0,"[0,0,0,0,0,0]","[1.0, 1.0, 1.0, 1.0, 1.0, 1.0, 1.0, 1.0, 1.0, 1.0, 1.0, 1.0]"
0,19,COMPLIANT_ALIGNMENT,7,0,1,0,360.0,360.0,520.0,60.0,60.0,44.0,4.4,4.4,5.5,1.54,1.54,1.1,161.57189824048152,1.7558451222930032,19.027315648582245,0.0,0.0,0.0,0.01772762276224234,0.01773008292067617,0.0,4.252917038454623e-05,0.0,0.0,"[0,0,0,0,0,0]","[1.0, 1.0, 1.0, 1.0, 1.0, 1.0, 1.0, 1.0, 1.0, 1.0, 1.0, 1.0]"
0,20,COMPLIANT_ALIGNMENT,7,0,1,0,360.0,360.0,520.0,60.0,60.0,44.0,4.4,4.4,5.5,1.54,1.54,1.1,110.70569795219075,3.7480526705379273,9.67467710500382,0.0,0.0,0.0,0.017774301922628407,0.017773224693754093,0.0,0.00017332941177088806,0.0,0.0,"[0,0,0,0,0,0]","[1.0, 1.0, 1.0, 1.0, 1.0, 1.0, 1.0, 1.0, 1.0, 1.0, 1.0, 1.0]"
0,21,COMPLIANT_ALIGNMENT,7,0,1,0,360.0,360.0,520.0,60.0,60.0,44.0,4.4,4.4,5.5,1.54,1.54,1.1,98.14462167921451,4.680513289951731,3.6382337739964856,0.0,0.0,0.0,0.017773125959986626,0.017768170731353863,0.0,0.00015346662524703264,0.0,0.0,"[0,0,0,0,0,0]","[1.0, 1.0, 1.0, 1.0, 1.0, 1.0, 1.0, 1.0, 1.0, 1.0, 1.0, 1.0]"
0,22,COMPLIANT_ALIGNMENT,7,0,1,0,360.0,360.0,520.0,60.0,60.0,44.0,4.4,4.4,5.5,1.54,1.54,1.1,86.6113858313645,4.87512131606711,-0.41414844705764114,0.0,0.0,0.0,0.017774770439608293,0.017766423143331576,0.0,0.00013259444852919272,0.0,0.0,"[0,0,0,0,0,0]","[1.0, 1.0, 1.0, 1.0, 1.0, 1.0, 1.0, 1.0, 1.0, 1.0, 1.0, 1.0]"
0,23,COMPLIANT_ALIGNMENT,7,0,1,0,360.0,360.0,520.0,60.0,60.0,44.0,4.4,4.4,5.5,1.54,1.54,1.1,84.11783932191592,4.3000562420298145,-0.5724454281538989,0.0,0.0,0.0,0.01777749603479626,0.017766207453737453,0.0,0.00011700472124064748,0.0,0.0,"[0,0,0,0,0,0]","[1.0, 1.0, 1.0, 1.0, 1.0, 1.0, 1.0, 1.0, 1.0, 1.0, 1.0, 1.0]"
0,24,COMPLIANT_ALIGNMENT,7,0,1,0,360.0,360.0,520.0,60.0,60.0,44.0,4.4,4.4,5.5,1.54,1.54,1.1,80.92603330480965,3.392978481392145,0.28753141816406,0.0,0.0,0.0,0.017779858275321508,0.017765997575584135,0.0,0.0001061453404818044,0.0,0.0,"[0,0,0,0,0,0]","[1.0, 1.0, 1.0, 1.0, 1.0, 1.0, 1.0, 1.0, 1.0, 1.0, 1.0, 1.0]"
0,25,COMPLIANT_ALIGNMENT,7,0,1,0,360.0,360.0,520.0,60.0,60.0,44.0,4.4,4.4,5.5,1.54,1.54,1.1,76.30502185180953,2.1819771798231753,1.7203108936852534,0.0,0.0,0.0,0.01778137885705811,0.01776528192713324,0.0,9.710787567287354e-05,0.0,0.0,"[0,0,0,0,0,0]","[1.0, 1.0, 1.0, 1.0, 1.0, 1.0, 1.0, 1.0, 1.0, 1.0, 1.0, 1.0]"
0,26,COMPLIANT_ALIGNMENT,7,0,1,0,360.0,360.0,520.0,60.0,60.0,44.0,4.4,4.4,5.5,1.54,1.54,1.1,70.37370425082356,1.3381976568889973,3.54885081842299,0.0,0.0,0.0,0.01778163336619324,0.017763701619176772,0.0,8.82593492674763e-05,0.0,0.0,"[0,0,0,0,0,0]","[1.0, 1.0, 1.0, 1.0, 1.0, 1.0, 1.0, 1.0, 1.0, 1.0, 1.0, 1.0]"
0,27,COMPLIANT_ALIGNMENT,7,0,1,0,360.0,360.0,520.0,60.0,60.0,44.0,4.4,4.4,5.5,1.54,1.54,1.1,63.76219357163369,0.5276567633193028,5.542474884665134,0.0,0.0,0.0,0.017780296127060835,0.017760996584228247,0.0,7.901431492048777e-05,0.0,0.0,"[0,0,0,0,0,0]","[1.0, 1.0, 1.0, 1.0, 1.0, 1.0, 1.0, 1.0, 1.0, 1.0, 1.0, 1.0]"
0,28,COMPLIANT_ALIGNMENT,7,0,1,0,360.0,360.0,520.0,60.0,60.0,44.0,4.4,4.4,5.5,1.54,1.54,1.1,75.91378189876556,-0.5262653366688056,-27.382259654222484,0.0,0.0,0.0,0.017781784993008698,0.01776155740042599,3.9457400210433924e-05,5.501273294449688e-05,0.0,0.0,"[0,0,0,0,0,0]","[1.0, 1.0, 1.0, 1.0, 1.0, 1.0, 1.0, 1.0, 1.0, 1.0, 1.0, 1.0]"
0,29,COMPLIANT_ALIGNMENT,7,0,1,0,360.0,360.0,520.0,60.0,60.0,44.0,4.4,4.4,5.5,1.54,1.54,1.1,59.17708556200765,-0.20207594773381485,-14.542619729553927,0.0,0.0,0.0,0.01779629134037698,0.01777549345344868,5.4116354840531844e-05,0.0,0.0,0.0,"[0,0,0,0,0,0]","[1.0, 1.0, 1.0, 1.0, 1.0, 1.0, 1.0, 1.0, 1.0, 1.0, 1.0, 1.0]"
0,30,INSERTION,8,0,1,0,360.0,360.0,520.0,60.0,60.0,44.0,4.4,4.4,5.5,1.54,1.54,1.1,50.01913268622703,0.16297604056803305,-3.168246731676257,0.0,0.0,0.0,0.017803469127554077,0.017782452269594653,4.637073118420737e-05,0.0,0.0,0.0,"[0,0,0,0,0,0]","[1.0, 1.0, 1.0, 1.0, 1.0, 1.0, 1.0, 1.0, 1.0, 1.0, 1.0, 1.0]"
0,31,INSERTION,8,0,1,0,360.0,360.0,520.0,60.0,60.0,44.0,4.4,4.4,5.5,1.54,1.54,1.1,33.877413057020405,0.5046191034163159,8.749915677614593,0.0,0.0,0.0,0.017802934800214647,0.017781889645479096,3.309028856176427e-05,0.0,0.0,0.0,"[0,0,0,0,0,0]","[1.0, 1.0, 1.0, 1.0, 1.0, 1.0, 1.0, 1.0, 1.0, 1.0, 1.0, 1.0]"
0,32,INSERTION,8,0,1,0,360.0,360.0,520.0,60.0,60.0,44.0,4.4,4.4,5.5,1.54,1.54,1.1,26.542831509024687,0.20824069259282546,12.669974766364323,0.0,0.0,0.0,0.017795496640943025,0.017774669342003786,1.7504946080819372e-05,0.0,0.0,0.0,"[0,0,0,0,0,0]","[1.0, 1.0, 1.0, 1.0, 1.0, 1.0, 1.0, 1.0, 1.0, 1.0, 1.0, 1.0]"
0,33,INSERTION,8,0,1,0,360.0,360.0,520.0,60.0,60.0,44.0,4.4,4.4,5.5,1.54,1.54,1.1,20.445503475661827,0.31447292648580216,4.011402413857429,0.0,0.0,0.0,0.01778795327958824,0.01776816645820602,2.646168007290617e-06,0.0,0.0,0.0,"[0,0,0,0,0,0]","[1.0, 1.0, 1.0, 1.0, 1.0, 1.0, 1.0, 1.0, 1.0, 1.0, 1.0, 1.0]"
0,34,INSERTION,8,0,1,0,360.0,360.0,520.0,60.0,60.0,44.0,4.4,4.4,5.5,1.54,1.54,1.1,19.598915126200676,0.3921662641234026,5.312935029771042,0.0,0.0,0.0,0.017784760069191895,0.01776567799792927,0.0,0.0,0.0,0.0,"[0,0,0,0,0,0]","[1.0, 1.0, 1.0, 1.0, 1.0, 1.0, 1.0, 1.0, 1.0, 1.0, 1.0, 1.0]"
0,35,INSERTION,8,0,1,0,360.0,360.0,520.0,60.0,60.0,44.0,4.4,4.4,5.5,1.54,1.54,1.1,31.680303630751,-0.026461262897312536,22.176150802435348,0.0,0.0,0.0,0.017773977800902813,0.017754732257124532,0.0,0.0,0.0,0.0,"[0,0,0,0,0,0]","[1.0, 1.0, 1.0, 1.0, 1.0, 1.0, 1.0, 1.0, 1.0, 1.0, 1.0, 1.0]"
0,36,INSERTION,8,0,1,0,360.0,360.0,520.0,60.0,60.0,44.0,4.4,4.4,5.5,1.54,1.54,1.1,56.24389671336947,-0.300525229331109,39.36952188359029,0.0,0.0,0.0,0.017413398884338717,0.017394163069229123,0.0,0.0,0.0,0.0,"[0,0,0,0,0,0]","[1.0, 1.0, 1.0, 1.0, 1.0, 1.0, 1.0, 1.0, 1.0, 1.0, 1.0, 1.0]"
0,37,INSERTION,8,0,1,0,360.0,360.0,520.0,60.0,60.0,44.0,4.4,4.4,5.5,1.54,1.54,1.1,26.658389917349815,0.7018271340943019,18.647670568077096,0.0,0.0,0.0,0.016923097824707724,0.01690557581152981,0.0,0.0,0.0,0.0,"[0,0,0,0,0,0]","[1.0, 1.0, 1.0, 1.0, 1.0, 1.0, 1.0, 1.0, 1.0, 1.0, 1.0, 1.0]"
0,38,INSERTION,8,0,0,0,360.0,360.0,520.0,60.0,60.0,44.0,4.4,4.4,5.5,1.54,1.54,1.1,0.0,0.0,0.0,0.0,0.0,0.0,0.016414277997819665,0.016401235124142,0.0,0.0,0.0,0.0,"[0,0,0,0,0,0]","[1.0, 1.0, 1.0, 1.0, 1.0, 1.0, 1.0, 1.0, 1.0, 1.0, 1.0, 1.0]"
0,39,INSERTION,8,0,0,0,360.0,360.0,520.0,60.0,60.0,44.0,4.4,4.4,5.5,1.54,1.54,1.1,0.0,0.0,0.0,0.0,0.0,0.0,0.016107808669682505,0.016099221337608605,0.0,0.0,0.0,0.0,"[0,0,0,0,0,0]","[1.0, 1.0, 1.0, 1.0, 1.0, 1.0, 1.0, 1.0, 1.0, 1.0, 1.0, 1.0]"
0,40,INSERTION,8,0,0,0,360.0,360.0,520.0,60.0,60.0,44.0,4.4,4.4,5.5,1.54,1.54,1.1,0.0,0.0,0.0,0.0,0.0,0.0,0.015902191858006308,0.015897198349150873,0.0,0.0,0.0,0.0,"[0,0,0,0,0,0]","[1.0, 1.0, 1.0, 1.0, 1.0, 1.0, 1.0, 1.0, 1.0, 1.0, 1.0, 1.0]"
0,41,INSERTION,8,0,0,0,360.0,360.0,520.0,60.0,60.0,44.0,4.4,4.4,5.5,1.54,1.54,1.1,0.0,0.0,0.0,0.0,0.0,0.0,0.01573169909380305,0.015729764208752404,0.0,0.0,0.0,0.0,"[0,0,0,0,0,0]","[1.0, 1.0, 1.0, 1.0, 1.0, 1.0, 1.0, 1.0, 1.0, 1.0, 1.0, 1.0]"
0,42,INSERTION,8,0,0,0,360.0,360.0,520.0,60.0,60.0,44.0,4.4,4.4,5.5,1.54,1.54,1.1,0.0,0.0,0.0,0.0,0.0,0.0,0.015568611597101267,0.015569458818602151,0.0,0.0,0.0,0.0,"[0,0,0,0,0,0]","[1.0, 1.0, 1.0, 1.0, 1.0, 1.0, 1.0, 1.0, 1.0, 1.0, 1.0, 1.0]"
0,43,INSERTION,8,0,0,0,360.0,360.0,520.0,60.0,60.0,44.0,4.4,4.4,5.5,1.54,1.54,1.1,0.0,0.0,0.0,0.0,0.0,0.0,0.015400086783522365,0.015403585338885382,0.0,0.0,0.0,0.0,"[0,0,0,0,0,0]","[1.0, 1.0, 1.0, 1.0, 1.0, 1.0, 1.0, 1.0, 1.0, 1.0, 1.0, 1.0]"
0,44,INSERTION,8,0,0,0,360.0,360.0,520.0,60.0,60.0,44.0,4.4,4.4,5.5,1.54,1.54,1.1,0.0,0.0,0.0,0.0,0.0,0.0,0.015220197274507918,0.015226290190389171,0.0,0.0,0.0,0.0,"[0,0,0,0,0,0]","[1.0, 1.0, 1.0, 1.0, 1.0, 1.0, 1.0, 1.0, 1.0, 1.0, 1.0, 1.0]"
0,45,INSERTION,8,0,0,0,360.0,360.0,520.0,60.0,60.0,44.0,4.4,4.4,5.5,1.54,1.54,1.1,0.0,0.0,0.0,0.0,0.0,0.0,0.015024246380945882,0.015032911642816667,0.0,0.0,0.0,0.0,"[0,0,0,0,0,0]","[1.0, 1.0, 1.0, 1.0, 1.0, 1.0, 1.0, 1.0, 1.0, 1.0, 1.0, 1.0]"
0,46,INSERTION,8,0,0,0,360.0,360.0,520.0,60.0,60.0,44.0,4.4,4.4,5.5,1.54,1.54,1.1,0.0,0.0,0.0,0.0,0.0,0.0,0.014807775620879694,0.014819002028998036,0.0,0.0,0.0,0.0,"[0,0,0,0,0,0]","[1.0, 1.0, 1.0, 1.0, 1.0, 1.0, 1.0, 1.0, 1.0, 1.0, 1.0, 1.0]"
0,47,INSERTION,8,0,0,0,360.0,360.0,520.0,60.0,60.0,44.0,4.4,4.4,5.5,1.54,1.54,1.1,0.0,0.0,0.0,0.0,0.0,0.0,0.014570999915191467,0.014584767971582719,0.0,0.0,0.0,0.0,"[0,0,0,0,0,0]","[1.0, 1.0, 1.0, 1.0, 1.0, 1.0, 1.0, 1.0, 1.0, 1.0, 1.0, 1.0]"
0,48,INSERTION,8,0,0,0,360.0,360.0,520.0,60.0,60.0,44.0,4.4,4.4,5.5,1.54,1.54,1.1,0.0,0.0,0.0,0.0,0.0,0.0,0.014314580874723008,0.014330856097181906,0.0,0.0,0.0,0.0,"[0,0,0,0,0,0]","[1.0, 1.0, 1.0, 1.0, 1.0, 1.0, 1.0, 1.0, 1.0, 1.0, 1.0, 1.0]"
0,49,INSERTION,8,0,0,0,360.0,360.0,520.0,60.0,60.0,44.0,4.4,4.4,5.5,1.54,1.54,1.1,0.0,0.0,0.0,0.0,0.0,0.0,0.014039370589786583,0.014058100614598095,0.0,0.0,0.0,0.0,"[0,0,0,0,0,0]","[1.0, 1.0, 1.0, 1.0, 1.0, 1.0, 1.0, 1.0, 1.0, 1.0, 1.0, 1.0]"
0,50,INSERTION,8,0,1,0,360.0,360.0,520.0,60.0,60.0,44.0,4.4,4.4,5.5,1.54,1.54,1.1,136.40220823852255,2.447815681156814,-36.393813035715354,0.0,0.0,0.0,0.013807125955693573,0.013826923714400885,0.0,0.0,0.0,0.0,"[0,0,0,0,0,0]","[1.0, 1.0, 1.0, 1.0, 1.0, 1.0, 1.0, 1.0, 1.0, 1.0, 1.0, 1.0]"
0,51,INSERTION,8,0,1,0,360.0,360.0,520.0,60.0,60.0,44.0,4.4,4.4,5.5,1.54,1.54,1.1,34.52207983041083,1.513987493019454,-2.077748118986773,0.0,0.0,0.0,0.013814501148864372,0.013829868072684189,0.0,0.0,0.0,0.0,"[0,0,0,0,0,0]","[1.0, 1.0, 1.0, 1.0, 1.0, 1.0, 1.0, 1.0, 1.0, 1.0, 1.0, 1.0]"
0,52,INSERTION,8,0,1,0,360.0,360.0,520.0,60.0,60.0,44.0,4.4,4.4,5.5,1.54,1.54,1.1,20.67509082698007,1.5189966021205785,2.542140914875407,0.0,0.0,0.0,0.013816315831300413,0.013827596754439876,0.0,0.0,0.0,0.0,"[0,0,0,0,0,0]","[1.0, 1.0, 1.0, 1.0, 1.0, 1.0, 1.0, 1.0, 1.0, 1.0, 1.0, 1.0]"
0,53,INSERTION,8,0,1,0,360.0,360.0,520.0,60.0,60.0,44.0,4.4,4.4,5.5,1.54,1.54,1.1,22.26143022759392,1.8331859772077808,6.174826917093469,0.0,0.0,0.0,0.013812999608469045,0.013820322935303999,0.0,0.0,0.0,0.0,"[0,0,0,0,0,0]","[1.0, 1.0, 1.0, 1.0, 1.0, 1.0, 1.0, 1.0, 1.0, 1.0, 1.0, 1.0]"
0,54,INSERTION,8,0,1,0,360.0,360.0,520.0,60.0,60.0,44.0,4.4,4.4,5.5,1.54,1.54,1.1,32.127510615160254,2.3768533024490144,19.286563695937758,0.0,0.0,0.0,0.013802697293142584,0.013806371933082559,0.0,0.0,0.0,0.0,"[0,0,0,0,0,0]","[1.0, 1.0, 1.0, 1.0, 1.0, 1.0, 1.0, 1.0, 1.0, 1.0, 1.0, 1.0]"
0,55,INSERTION,8,0,1,0,360.0,360.0,520.0,60.0,60.0,44.0,4.4,4.4,5.5,1.54,1.54,1.1,46.35182381705339,2.269441715764862,32.366809123745966,0.0,0.0,0.0,0.013770265080014006,0.013771376808306823,0.0,0.0,0.0,0.0,"[0,0,0,0,0,0]","[1.0, 1.0, 1.0, 1.0, 1.0, 1.0, 1.0, 1.0, 1.0, 1.0, 1.0, 1.0]"
0,56,INSERTION,8,0,1,0,360.0,360.0,520.0,60.0,60.0,44.0,4.4,4.4,5.5,1.54,1.54,1.1,46.18861899452702,1.513769812841524,32.29657670780033,0.0,0.0,0.0,0.013695218603029281,0.013695509510894627,0.0,0.0,0.0,0.0,"[0,0,0,0,0,0]","[1.0, 1.0, 1.0, 1.0, 1.0, 1.0, 1.0, 1.0, 1.0, 1.0, 1.0, 1.0]"
0,57,INSERTION,8,0,1,0,360.0,360.0,520.0,60.0,60.0,44.0,4.4,4.4,5.5,1.54,1.54,1.1,38.786010273168145,1.0920047140557558,27.128235754739546,0.0,0.0,0.0,0.013606811842566902,0.01360744885804726,0.0,0.0,0.0,0.0,"[0,0,0,0,0,0]","[1.0, 1.0, 1.0, 1.0, 1.0, 1.0, 1.0, 1.0, 1.0, 1.0, 1.0, 1.0]"
0,58,INSERTION,8,0,1,0,360.0,360.0,520.0,60.0,60.0,44.0,4.4,4.4,5.5,1.54,1.54,1.1,43.09573325470067,1.3499517079041272,8.760001293975021,0.0,0.0,0.0,0.013565786358901372,0.013566902404311972,0.0,0.0,0.0,0.0,"[0,0,0,0,0,0]","[1.0, 1.0, 1.0, 1.0, 1.0, 1.0, 1.0, 1.0, 1.0, 1.0, 1.0, 1.0]"
0,59,INSERTION,8,0,1,0,360.0,360.0,520.0,60.0,60.0,44.0,4.4,4.4,5.5,1.54,1.54,1.1,47.638581827736786,1.2639809538930145,-7.162371552003762,0.0,0.0,0.0,0.01356125537478204,0.013562482200648181,0.0,0.0,0.0,0.0,"[0,0,0,0,0,0]","[1.0, 1.0, 1.0, 1.0, 1.0, 1.0, 1.0, 1.0, 1.0, 1.0, 1.0, 1.0]"
0,60,INSERTION,8,0,1,0,360.0,360.0,520.0,60.0,60.0,44.0,4.4,4.4,5.5,1.54,1.54,1.1,48.59445595703633,0.6829296768623921,-11.45672004171878,0.0,0.0,0.0,0.013569854802829202,0.013570675192552714,0.0,0.0,0.0,0.0,"[0,0,0,0,0,0]","[1.0, 1.0, 1.0, 1.0, 1.0, 1.0, 1.0, 1.0, 1.0, 1.0, 1.0, 1.0]"
0,61,INSERTION,8,0,1,0,360.0,360.0,520.0,60.0,60.0,44.0,4.4,4.4,5.5,1.54,1.54,1.1,47.97948778762627,0.2317070471493538,-12.911422928195037,0.0,0.0,0.0,0.013582180266456325,0.013582137313134889,0.0,0.0,0.0,0.0,"[0,0,0,0,0,0]","[1.0, 1.0, 1.0, 1.0, 1.0, 1.0, 1.0, 1.0, 1.0, 1.0, 1.0, 1.0]"
0,62,INSERTION,8,0,1,0,360.0,360.0,520.0,60.0,60.0,44.0,4.4,4.4,5.5,1.54,1.54,1.1,46.85482088045199,-0.020746776889796495,-12.923200998542884,0.0,0.0,0.0,0.0135956449623181,0.01359430637948233,0.0,0.0,0.0,0.0,"[0,0,0,0,0,0]","[1.0, 1.0, 1.0, 1.0, 1.0, 1.0, 1.0, 1.0, 1.0, 1.0, 1.0, 1.0]"
0,63,INSERTION,8,0,1,0,360.0,360.0,520.0,60.0,60.0,44.0,4.4,4.4,5.5,1.54,1.54,1.1,44.94458913361871,-0.11180653786330633,-11.607380698702105,0.0,0.0,0.0,0.01360844479343152,0.013605457115666221,0.0,0.0,0.0,0.0,"[0,0,0,0,0,0]","[1.0, 1.0, 1.0, 1.0, 1.0, 1.0, 1.0, 1.0, 1.0, 1.0, 1.0, 1.0]"
0,64,INSERTION,8,0,1,0,360.0,360.0,520.0,60.0,60.0,44.0,4.4,4.4,5.5,1.54,1.54,1.1,43.84822090974998,0.1593910497747147,-9.783890560810896,0.0,0.0,0.0,0.013618368502557942,0.013613537949253856,0.0,0.0,0.0,0.0,"[0,0,0,0,0,0]","[1.0, 1.0, 1.0, 1.0, 1.0, 1.0, 1.0, 1.0, 1.0, 1.0, 1.0, 1.0]"
0,65,INSERTION,8,0,1,0,360.0,360.0,520.0,60.0,60.0,44.0,4.4,4.4,5.5,1.54,1.54,1.1,41.657116944398155,0.29400187568835456,-7.1134524289188725,0.0,0.0,0.0,0.013625500553701427,0.013618758535318357,0.0,0.0,0.0,0.0,"[0,0,0,0,0,0]","[1.0, 1.0, 1.0, 1.0, 1.0, 1.0, 1.0, 1.0, 1.0, 1.0, 1.0, 1.0]"
0,66,INSERTION,8,0,1,0,360.0,360.0,520.0,60.0,60.0,44.0,4.4,4.4,5.5,1.54,1.54,1.1,39.30364795911591,0.46962402766990463,-4.185325794855287,0.0,0.0,0.0,0.013630401193076612,0.013621814529493416,0.0,0.0,0.0,0.0,"[0,0,0,0,0,0]","[1.0, 1.0, 1.0, 1.0, 1.0, 1.0, 1.0, 1.0, 1.0, 1.0, 1.0, 1.0]"
0,67,INSERTION,8,0,1,0,360.0,360.0,520.0,60.0,60.0,44.0,4.4,4.4,5.5,1.54,1.54,1.1,36.65306118185189,0.40973314498475266,0.4608650139015768,0.0,0.0,0.0,0.013632694990031429,0.013622502737704779,0.0,0.0,0.0,0.0,"[0,0,0,0,0,0]","[1.0, 1.0, 1.0, 1.0, 1.0, 1.0, 1.0, 1.0, 1.0, 1.0, 1.0, 1.0]"
0,68,INSERTION,8,0,1,0,360.0,360.0,520.0,60.0,60.0,44.0,4.4,4.4,5.5,1.54,1.54,1.1,33.37062012071416,0.22271636030614267,4.585526647553412,0.0,0.0,0.0,0.013631322403692168,0.013619944602051707,0.0,0.0,0.0,0.0,"[0,0,0,0,0,0]","[1.0, 1.0, 1.0, 1.0, 1.0, 1.0, 1.0, 1.0, 1.0, 1.0, 1.0, 1.0]"
0,69,INSERTION,8,0,1,0,360.0,360.0,520.0,60.0,60.0,44.0,4.4,4.4,5.5,1.54,1.54,1.1,29.18765144528218,0.6041120328812121,3.9606188637372393,0.0,0.0,0.0,0.013627846588387114,0.013615732803870363,0.0,0.0,0.0,0.0,"[0,0,0,0,0,0]","[1.0, 1.0, 1.0, 1.0, 1.0, 1.0, 1.0, 1.0, 1.0, 1.0, 1.0, 1.0]"
0,70,INSERTION,8,1,1,0,360.0,360.0,520.0,60.0,60.0,44.0,4.4,4.4,5.5,1.54,1.54,1.1,26.019542250607895,1.1577041133905734,1.104781090638448,0.0,0.0,0.0,0.01362508040452641,0.013612582377656125,6.458290549953005e-06,0.0,0.0,0.0,"[0,0,0,0,0,0]","[1.0, 1.0, 1.0, 1.0, 1.0, 1.0, 1.0, 1.0, 1.0, 1.0, 1.0, 1.0]"
0,71,INSERTION,8,1,1,0,360.0,360.0,520.0,60.0,60.0,44.0,4.4,4.4,5.5,1.54,1.54,1.1,47.10931075351694,1.9380306296528642,17.774665099372008,0.0,0.0,0.0,0.013615404977674814,0.013602869776062893,0.0,4.3174589086029946e-05,0.0,0.0,"[0,0,0,0,0,0]","[1.0, 1.0, 1.0, 1.0, 1.0, 1.0, 1.0, 1.0, 1.0, 1.0, 1.0, 1.0]"
0,72,INSERTION,8,1,1,0,360.0,360.0,520.0,60.0,60.0,44.0,4.4,4.4,5.5,1.54,1.54,1.1,36.68682984047837,1.7064506995799316,13.374711112035694,0.0,0.0,0.0,0.013602321663331323,0.013590523465083087,0.0,5.780700828319357e-05,0.0,0.0,"[0,0,0,0,0,0]","[1.0, 1.0, 1.0, 1.0, 1.0, 1.0, 1.0, 1.0, 1.0, 1.0, 1.0, 1.0]"
0,73,INSERTION,8,1,1,0,360.0,360.0,520.0,60.0,60.0,44.0,4.4,4.4,5.5,1.54,1.54,1.1,33.517784043606135,1.1825245794519579,11.999569339362948,0.0,0.0,0.0,0.01359061874696515,0.013579960974869309,0.0,6.18467566979794e-05,0.0,0.0,"[0,0,0,0,0,0]","[1.0, 1.0, 1.0, 1.0, 1.0, 1.0, 1.0, 1.0, 1.0, 1.0, 1.0, 1.0]"
0,74,INSERTION,8,1,1,0,360.0,360.0,520.0,60.0,60.0,44.0,4.4,4.4,5.5,1.54,1.54,1.1,24.119684042127936,0.6040260284367406,9.454225727355668,0.0,0.0,0.0,0.013579088760643598,0.013569778120468572,0.0,6.357577143294851e-05,0.0,0.0,"[0,0,0,0,0,0]","[1.0, 1.0, 1.0, 1.0, 1.0, 1.0, 1.0, 1.0, 1.0, 1.0, 1.0, 1.0]"
0,75,INSERTION,8,1,1,0,360.0,360.0,520.0,60.0,60.0,44.0,4.4,4.4,5.5,1.54,1.54,1.1,21.759187569535232,0.20055228670585243,9.073597847262878,0.0,0.0,0.0,0.013567691900053467,0.013559797973872852,0.0,6.356140471385635e-05,0.0,0.0,"[0,0,0,0,0,0]","[1.0, 1.0, 1.0, 1.0, 1.0, 1.0, 1.0, 1.0, 1.0, 1.0, 1.0, 1.0]"
0,76,INSERTION,8,1,1,0,360.0,360.0,520.0,60.0,60.0,44.0,4.4,4.4,5.5,1.54,1.54,1.1,20.669675308129086,-0.14907907025055248,9.288216396455205,0.0,0.0,0.0,0.013555036441630525,0.013548697589089971,0.0,6.42866126651584e-05,0.0,0.0,"[0,0,0,0,0,0]","[1.0, 1.0, 1.0, 1.0, 1.0, 1.0, 1.0, 1.0, 1.0, 1.0, 1.0, 1.0]"
0,77,INSERTION,8,1,1,0,360.0,360.0,520.0,60.0,60.0,44.0,4.4,4.4,5.5,1.54,1.54,1.1,19.810881558154335,-0.4894257084962075,9.77891458695299,0.0,0.0,0.0,0.013540396522624117,0.013535760927499555,0.0,6.585934992708181e-05,0.0,0.0,"[0,0,0,0,0,0]","[1.0, 1.0, 1.0, 1.0, 1.0, 1.0, 1.0, 1.0, 1.0, 1.0, 1.0, 1.0]"
0,78,INSERTION,8,1,1,0,360.0,360.0,520.0,60.0,60.0,44.0,4.4,4.4,5.5,1.54,1.54,1.1,18.66113279403654,-0.7665319362590075,10.261695970464586,0.0,0.0,0.0,0.013523151598695259,0.013520336100842549,0.0,6.748339237552109e-05,0.0,0.0,"[0,0,0,0,0,0]","[1.0, 1.0, 1.0, 1.0, 1.0, 1.0, 1.0, 1.0, 1.0, 1.0, 1.0, 1.0]"
0,79,INSERTION,8,1,1,0,360.0,360.0,520.0,60.0,60.0,44.0,4.4,4.4,5.5,1.54,1.54,1.1,17.30099948451128,-0.8753130997689714,9.814022075169767,0.0,0.0,0.0,0.013503360665869754,0.013502509199470032,0.0,6.884081964447092e-05,0.0,0.0,"[0,0,0,0,0,0]","[1.0, 1.0, 1.0, 1.0, 1.0, 1.0, 1.0, 1.0, 1.0, 1.0, 1.0, 1.0]"
1,0,FIRST_CONTACT,6,0,1,0,229.49999999999997,229.49999999999997,331.5,38.25,38.25,28.049999999999997,3.0,3.0,3.75,1.0499999999999998,1.0499999999999998,0.75,2968.2992996045577,-5.65649473298302,2028.37373665836,0.0,0.0,0.0,0.005999999999999998,0.006000000000000005,0.03799999999999997,0.03799999999999997,0.0,0.0,"[0,0,0,0,0,0]","[0.5, 0.5, 0.5, 0.5, 0.5, 0.5, 0.5, 0.5, 0.5, 0.5, 0.5, 0.5]"
1,1,FIRST_CONTACT,6,0,1,0,229.49999999999997,229.49999999999997,331.5,38.25,38.25,28.049999999999997,3.0,3.0,3.75,1.0499999999999998,1.0499999999999998,0.75,1565.449515317013,-3.767739911002065,-1095.8081833920735,0.0,0.0,0.0,0.005212513575986992,0.00529488658181103,0.00873991576254523,0.013402843183251432,0.0,0.0,"[0,0,0,0,0,0]","[0.5, 0.5, 0.5, 0.5, 0.5, 0.5, 0.5, 0.5, 0.5, 0.5, 0.5, 0.5]"
1,2,FIRST_CONTACT,6,0,0,0,229.49999999999997,229.49999999999997,331.5,38.25,38.25,28.049999999999997,3.0,3.0,3.75,1.0499999999999998,1.0499999999999998,0.75,0.0,0.0,0.0,0.0,0.0,0.0,0.0006644579703667797,0.0005805592103221091,0.0,0.0,0.0,0.0,"[0,0,0,0,0,0]","[0.5, 0.5, 0.5, 0.5, 0.5, 0.5, 0.5, 0.5, 0.5, 0.5, 0.5, 0.5]"
1,3,FIRST_CONTACT,6,0,0,0,229.49999999999997,229.49999999999997,331.5,38.25,38.25,28.049999999999997,3.0,3.0,3.75,1.0499999999999998,1.0499999999999998,0.75,0.0,0.0,0.0,0.0,0.0,0.0,0.0024668390621156596,0.00244891891469994,0.0,0.0,0.0,0.0,"[0,0,0,0,0,0]","[0.5, 0.5, 0.5, 0.5, 0.5, 0.5, 0.5, 0.5, 0.5, 0.5, 0.5, 0.5]"
1,4,FIRST_CONTACT,6,0,0,0,229.49999999999997,229.49999999999997,331.5,38.25,38.25,28.049999999999997,3.0,3.0,3.75,1.0499999999999998,1.0499999999999998,0.75,0.0,0.0,0.0,0.0,0.0,0.0,0.004680502191180527,0.0046739893591987505,0.0,0.0,0.0,0.0,"[0,0,0,0,0,0]","[0.5, 0.5, 0.5, 0.5, 0.5, 0.5, 0.5, 0.5, 0.5, 0.5, 0.5, 0.5]"
1,5,COMPLIANT_ALIGNMENT,7,0,0,0,229.49999999999997,229.49999999999997,331.5,38.25,38.25,28.049999999999997,3.0,3.0,3.75,1.0499999999999998,1.0499999999999998,0.75,0.0,0.0,0.0,0.0,0.0,0.0,0.006474417716436199,0.0064728959370411645,0.0,0.0,0.0,0.0,"[0,0,0,0,0,0]","[0.5, 0.5, 0.5, 0.5, 0.5, 0.5, 0.5, 0.5, 0.5, 0.5, 0.5, 0.5]"
1,6,COMPLIANT_ALIGNMENT,7,0,0,0,229.49999999999997,229.49999999999997,331.5,38.25,38.25,28.049999999999997,3.0,3.0,3.75,1.0499999999999998,1.0499999999999998,0.75,0.0,0.0,0.0,0.0,0.0,0.0,0.00795344205892295,0.007955332924855778,0.0,0.0,0.0,0.0,"[0,0,0,0,0,0]","[0.5, 0.5, 0.5, 0.5, 0.5, 0.5, 0.5, 0.5, 0.5, 0.5, 0.5, 0.5]"
1,7,COMPLIANT_ALIGNMENT,7,0,0,0,229.49999999999997,229.49999999999997,331.5,38.25,38.25,28.049999999999997,3.0,3.0,3.75,1.0499999999999998,1.0499999999999998,0.75,0.0,0.0,0.0,0.0,0.0,0.0,0.009234395651335468,0.009239047486180181,0.0,0.0,0.0,0.0,"[0,0,0,0,0,0]","[0.5, 0.5, 0.5, 0.5, 0.5, 0.5, 0.5, 0.5, 0.5, 0.5, 0.5, 0.5]"
1,8,COMPLIANT_ALIGNMENT,7,0,0,0,229.49999999999997,229.49999999999997,331.5,38.25,38.25,28.049999999999997,3.0,3.0,3.75,1.0499999999999998,1.0499999999999998,0.75,0.0,0.0,0.0,0.0,0.0,0.0,0.010384230345999052,0.010391356451274472,0.0,0.0,0.0,0.0,"[0,0,0,0,0,0]","[0.5, 0.5, 0.5, 0.5, 0.5, 0.5, 0.5, 0.5, 0.5, 0.5, 0.5, 0.5]"
1,9,COMPLIANT_ALIGNMENT,7,0,0,0,229.49999999999997,229.49999999999997,331.5,38.25,38.25,28.049999999999997,3.0,3.0,3.75,1.0499999999999998,1.0499999999999998,0.75,0.0,0.0,0.0,0.0,0.0,0.0,0.011437023194590362,0.011446501062549767,0.0,0.0,0.0,0.0,"[0,0,0,0,0,0]","[0.5, 0.5, 0.5, 0.5, 0.5, 0.5, 0.5, 0.5, 0.5, 0.5, 0.5, 0.5]"
1,10,COMPLIANT_ALIGNMENT,7,0,0,0,229.49999999999997,229.49999999999997,331.5,38.25,38.25,28.049999999999997,3.0,3.0,3.75,1.0499999999999998,1.0499999999999998,0.75,0.0,0.0,0.0,0.0,0.0,0.0,0.012409210892452246,0.012420977907516926,0.0,0.0,0.0,0.0,"[0,0,0,0,0,0]","[0.5, 0.5, 0.5, 0.5, 0.5, 0.5, 0.5, 0.5, 0.5, 0.5, 0.5, 0.5]"
1,11,COMPLIANT_ALIGNMENT,7,0,0,0,229.49999999999997,229.49999999999997,331.5,38.25,38.25,28.049999999999997,3.0,3.0,3.75,1.0499999999999998,1.0499999999999998,0.75,0.0,0.0,0.0,0.0,0.0,0.0,0.013308332676492984,0.013322328242785397,0.0,0.0,0.0,0.0,"[0,0,0,0,0,0]","[0.5, 0.5, 0.5, 0.5, 0.5, 0.5, 0.5, 0.5, 0.5, 0.5, 0.5, 0.5]"
1,12,COMPLIANT_ALIGNMENT,7,0,0,0,229.49999999999997,229.49999999999997,331.5,38.25,38.25,28.049999999999997,3.0,3.0,3.75,1.0499999999999998,1.0499999999999998,0.75,0.0,0.0,0.0,0.0,0.0,0.0,0.014137660326604289,0.01415379444037007,0.0,0.0,0.0,0.0,"[0,0,0,0,0,0]","[0.5, 0.5, 0.5, 0.5, 0.5, 0.5, 0.5, 0.5, 0.5, 0.5, 0.5, 0.5]"
1,13,COMPLIANT_ALIGNMENT,7,0,0,0,229.49999999999997,229.49999999999997,331.5,38.25,38.25,28.049999999999997,3.0,3.0,3.75,1.0499999999999998,1.0499999999999998,0.75,0.0,0.0,0.0,0.0,0.0,0.0,0.014898599597799957,0.014916737107928265,0.0,0.0,0.0,0.0,"[0,0,0,0,0,0]","[0.5, 0.5, 0.5, 0.5, 0.5, 0.5, 0.5, 0.5, 0.5, 0.5, 0.5, 0.5]"
1,14,COMPLIANT_ALIGNMENT,7,0,1,0,229.49999999999997,229.49999999999997,331.5,38.25,38.25,28.049999999999997,3.0,3.0,3.75,1.0499999999999998,1.0499999999999998,0.75,2118.2569429533105,91.95265200901356,313.6151208719372,0.0,0.0,0.0,0.01559197632841677,0.015611931342508295,0.0,0.0015392245911940647,0.0,0.0,"[0,0,0,0,0,0]","[0.5, 0.5, 0.5, 0.5, 0.5, 0.5, 0.5, 0.5, 0.5, 0.5, 0.5, 0.5]"
1,15,COMPLIANT_ALIGNMENT,7,0,1,0,229.49999999999997,229.49999999999997,331.5,38.25,38.25,28.049999999999997,3.0,3.0,3.75,1.0499999999999998,1.0499999999999998,0.75,636.9040183350853,423.67867685004967,-1.7542867682766223,0.0,0.0,0.0,0.015542552931780619,0.015548014263932817,0.0,0.001889202656810772,0.0,0.0,"[0,0,0,0,0,0]","[0.5, 0.5, 0.5, 0.5, 0.5, 0.5, 0.5, 0.5, 0.5, 0.5, 0.5, 0.5]"
1,16,COMPLIANT_ALIGNMENT,7,0,1,0,229.49999999999997,229.49999999999997,331.5,38.25,38.25,28.049999999999997,3.0,3.0,3.75,1.0499999999999998,1.0499999999999998,0.75,289.99349867926503,185.15515056950494,-38.01154423135743,0.0,0.0,0.0,0.015541666948964512,0.015527491347944412,0.0,0.0010046725617558969,0.0,0.0,"[0,0,0,0,0,0]","[0.5, 0.5, 0.5, 0.5, 0.5, 0.5, 0.5, 0.5, 0.5, 0.5, 0.5, 0.5]"
1,17,COMPLIANT_ALIGNMENT,7,0,1,0,229.49999999999997,229.49999999999997,331.5,38.25,38.25,28.049999999999997,3.0,3.0,3.75,1.0499999999999998,1.0499999999999998,0.75,128.7147508767172,53.94967683418789,-20.337481849982936,0.0,0.0,0.0,0.015896895657740887,0.015867155546281358,0.0,0.0002044761563469652,0.0,0.0,"[0,0,0,0,0,0]","[0.5, 0.5, 0.5, 0.5, 0.5, 0.5, 0.5, 0.5, 0.5, 0.5, 0.5, 0.5]"
1,18,COMPLIANT_ALIGNMENT,7,0,0,0,229.49999999999997,229.49999999999997,331.5,38.25,38.25,28.049999999999997,3.0,3.0,3.75,1.0499999999999998,1.0499999999999998,0.75,0.0,0.0,0.0,0.0,0.0,0.0,0.017128907331831023,0.01710297116336411,0.0,0.0,0.0,0.0,"[0,0,0,0,0,0]","[0.5, 0.5, 0.5, 0.5, 0.5, 0.5, 0.5, 0.5, 0.5, 0.5, 0.5, 0.5]"
1,19,COMPLIANT_ALIGNMENT,7,0,0,0,229.49999999999997,229.49999999999997,331.5,38.25,38.25,28.049999999999997,3.0,3.0,3.75,1.0499999999999998,1.0499999999999998,0.75,0.0,0.0,0.0,0.0,0.0,0.0,0.018514113949165866,0.01850004822242263,0.0,0.0,0.0,0.0,"[0,0,0,0,0,0]","[0.5, 0.5, 0.5, 0.5, 0.5, 0.5, 0.5, 0.5, 0.5, 0.5, 0.5, 0.5]"
1,20,COMPLIANT_ALIGNMENT,7,0,1,0,229.49999999999997,229.49999999999997,331.5,38.25,38.25,28.049999999999997,3.0,3.0,3.75,1.0499999999999998,1.0499999999999998,0.75,82.35052580524584,-6.340250012995452,-10.723498212447698,0.0,0.0,0.0,0.01942099722921534,0.019414571891239952,0.0,0.0,0.0,0.0,"[0,0,0,0,0,0]","[0.5, 0.5, 0.5, 0.5, 0.5, 0.5, 0.5, 0.5, 0.5, 0.5, 0.5, 0.5]"
1,21,COMPLIANT_ALIGNMENT,7,0,1,0,229.49999999999997,229.49999999999997,331.5,38.25,38.25,28.049999999999997,3.0,3.0,3.75,1.0499999999999998,1.0499999999999998,0.75,93.59044318482962,2.1885088336046983,0.5071932025333177,0.0,0.0,0.0,0.01951885777575629,0.01950773737175091,0.0,9.446606356677129e-05,0.0,0.0,"[0,0,0,0,0,0]","[0.5, 0.5, 0.5, 0.5, 0.5, 0.5, 0.5, 0.5, 0.5, 0.5, 0.5, 0.5]"
1,22,COMPLIANT_ALIGNMENT,7,0,1,0,229.49999999999997,229.49999999999997,331.5,38.25,38.25,28.049999999999997,3.0,3.0,3.75,1.0499999999999998,1.0499999999999998,0.75,91.1609528829972,4.18837808478216,-2.193319035596776,0.0,0.0,0.0,0.019523901090704548,0.01950835665146274,0.0,0.00010189113501762187,0.0,0.0,"[0,0,0,0,0,0]","[0.5, 0.5, 0.5, 0.5, 0.5, 0.5, 0.5, 0.5, 0.5, 0.5, 0.5, 0.5]"
1,23,COMPLIANT_ALIGNMENT,7,0,1,0,229.49999999999997,229.49999999999997,331.5,38.25,38.25,28.049999999999997,3.0,3.0,3.75,1.0499999999999998,1.0499999999999998,0.75,83.27450652483915,5.090864129925857,-4.425477384849774,0.0,0.0,0.0,0.01952944656576575,0.019510035264257656,0.0,9.856428462930861e-05,0.0,0.0,"[0,0,0,0,0,0]","[0.5, 0.5, 0.5, 0.5, 0.5, 0.5, 0.5, 0.5, 0.5, 0.5, 0.5, 0.5]"
1,24,COMPLIANT_ALIGNMENT,7,0,1,0,229.49999999999997,229.49999999999997,331.5,38.25,38.25,28.049999999999997,3.0,3.0,3.75,1.0499999999999998,1.0499999999999998,0.75,80.47355107955327,5.084458369867692,-3.597331062479455,0.0,0.0,0.0,0.0195352013037263,0.019512243375465303,0.0,9.387481496935662e-05,0.0,0.0,"[0,0,0,0,0,0]","[0.5, 0.5, 0.5, 0.5, 0.5, 0.5, 0.5, 0.5, 0.5, 0.5, 0.5, 0.5]"
1,25,COMPLIANT_ALIGNMENT,7,0,1,0,229.49999999999997,229.49999999999997,331.5,38.25,38.25,28.049999999999997,3.0,3.0,3.75,1.0499999999999998,1.0499999999999998,0.75,76.92404122608845,4.453329371198292,-1.6921507728534144,0.0,0.0,0.0,0.01954005160553824,0.01951375491230953,0.0,8.959804810811794e-05,0.0,0.0,"[0,0,0,0,0,0]","[0.5, 0.5, 0.5, 0.5, 0.5, 0.5, 0.5, 0.5, 0.5, 0.5, 0.5, 0.5]"
1,26,COMPLIANT_ALIGNMENT,7,0,1,0,229.49999999999997,229.49999999999997,331.5,38.25,38.25,28.049999999999997,3.0,3.0,3.75,1.0499999999999998,1.0499999999999998,0.75,72.20459314930768,3.4794808969275617,0.8311303672004738,0.0,0.0,0.0,0.019543455556858588,0.019514006242441973,0.0,8.511474487942622e-05,0.0,0.0,"[0,0,0,0,0,0]","[0.5, 0.5, 0.5, 0.5, 0.5, 0.5, 0.5, 0.5, 0.5, 0.5, 0.5, 0.5]"
1,27,COMPLIANT_ALIGNMENT,7,0,1,0,229.49999999999997,229.49999999999997,331.5,38.25,38.25,28.049999999999997,3.0,3.0,3.75,1.0499999999999998,1.0499999999999998,0.75,66.4528917039643,2.4013113258890577,3.666556672859646,0.0,0.0,0.0,0.01954506725258852,0.01951268358633598,0.0,7.997024413466253e-05,0.0,0.0,"[0,0,0,0,0,0]","[0.5, 0.5, 0.5, 0.5, 0.5, 0.5, 0.5, 0.5, 0.5, 0.5, 0.5, 0.5]"
1,28,COMPLIANT_ALIGNMENT,7,0,1,0,229.49999999999997,229.49999999999997,331.5,38.25,38.25,28.049999999999997,3.0,3.0,3.75,1.0499999999999998,1.0499999999999998,0.75,59.91394570994353,1.416690362371738,6.545319135299957,0.0,0.0,0.0,0.01954468197929999,0.019509645973674047,0.0,7.399337563712e-05,0.0,0.0,"[0,0,0,0,0,0]","[0.5, 0.5, 0.5, 0.5, 0.5, 0.5, 0.5, 0.5, 0.5, 0.5, 0.5, 0.5]"
1,29,COMPLIANT_ALIGNMENT,7,0,1,0,229.49999999999997,229.49999999999997,331.5,38.25,38.25,28.049999999999997,3.0,3.0,3.75,1.0499999999999998,1.0499999999999998,0.75,53.137165240135474,0.5344561322749627,9.187539471808906,0.0,0.0,0.0,0.019542271622033428,0.01950493720905414,0.0,6.706594155200113e-05,0.0,0.0,"[0,0,0,0,0,0]","[0.5, 0.5, 0.5, 0.5, 0.5, 0.5, 0.5, 0.5, 0.5, 0.5, 0.5, 0.5]"
1,30,INSERTION,8,0,1,0,229.49999999999997,229.49999999999997,331.5,38.25,38.25,28.049999999999997,3.0,3.0,3.75,1.0499999999999998,1.0499999999999998,0.75,45.786765689095496,0.18470093336722204,11.469469364079155,0.0,0.0,0.0,0.01953803121472179,0.019498855452099825,0.0,5.8297509210762655e-05,0.0,0.0,"[0,0,0,0,0,0]","[0.5, 0.5, 0.5, 0.5, 0.5, 0.5, 0.5, 0.5, 0.5, 0.5, 0.5, 0.5]"
1,31,INSERTION,8,0,1,0,229.49999999999997,229.49999999999997,331.5,38.25,38.25,28.049999999999997,3.0,3.0,3.75,1.0499999999999998,1.0499999999999998,0.75,55.241056839728,-1.8593282579050325,-10.338130973235875,0.0,0.0,0.0,0.01954011058561178,0.019499692578447775,1.171942790211683e-05,2.8496948646365705e-05,0.0,0.0,"[0,0,0,0,0,0]","[0.5, 0.5, 0.5, 0.5, 0.5, 0.5, 0.5, 0.5, 0.5, 0.5, 0.5, 0.5]"
1,32,INSERTION,8,0,1,0,229.49999999999997,229.49999999999997,331.5,38.25,38.25,28.049999999999997,3.0,3.0,3.75,1.0499999999999998,1.0499999999999998,0.75,40.3959247981703,-0.2128473677493372,0.03192171161323071,0.0,0.0,0.0,0.019546446884269427,0.019505182682151553,2.481175939083452e-05,0.0,0.0,0.0,"[0,0,0,0,0,0]","[0.5, 0.5, 0.5, 0.5, 0.5, 0.5, 0.5, 0.5, 0.5, 0.5, 0.5, 0.5]"
1,33,INSERTION,8,0,1,0,229.49999999999997,229.49999999999997,331.5,38.25,38.25,28.049999999999997,3.0,3.0,3.75,1.0499999999999998,1.0499999999999998,0.75,30.744328719945237,-0.04132512537635957,3.8506960909896213,0.0,0.0,0.0,0.019545624976088877,0.019504130037830397,1.7207085405694655e-05,0.0,0.0,0.0,"[0,0,0,0,0,0]","[0.5, 0.5, 0.5, 0.5, 0.5, 0.5, 0.5, 0.5, 0.5, 0.5, 0.5, 0.5]"
1,34,INSERTION,8,0,1,0,229.49999999999997,229.49999999999997,331.5,38.25,38.25,28.049999999999997,3.0,3.0,3.75,1.0499999999999998,1.0499999999999998,0.75,20.693873692439222,0.09398472852818514,1.3271646512933415,0.0,0.0,0.0,0.01954344137434121,0.019502408249572105,5.177926336245864e-06,0.0,0.0,0.0,"[0,0,0,0,0,0]","[0.5, 0.5, 0.5, 0.5, 0.5, 0.5, 0.5, 0.5, 0.5, 0.5, 0.5, 0.5]"
1,35,INSERTION,8,0,1,0,229.49999999999997,229.49999999999997,331.5,38.25,38.25,28.049999999999997,3.0,3.0,3.75,1.0499999999999998,1.0499999999999998,0.75,20.013113380815714,0.11756958505066029,3.4448505189307768,0.0,0.0,0.0,0.019542178034678077,0.01950141046331384,0.0,0.0,0.0,0.0,"[0,0,0,0,0,0]","[0.5, 0.5, 0.5, 0.5, 0.5, 0.5, 0.5, 0.5, 0.5, 0.5, 0.5, 0.5]"
1,36,INSERTION,8,0,1,0,229.49999999999997,229.49999999999997,331.5,38.25,38.25,28.049999999999997,3.0,3.0,3.75,1.0499999999999998,1.0499999999999998,0.75,25.18109713722906,0.10912638485091444,17.626355296625295,0.0,0.0,0.0,0.019537048745840342,0.01949617728355673,0.0,0.0,0.0,0.0,"[0,0,0,0,0,0]","[0.5, 0.5, 0.5, 0.5, 0.5, 0.5, 0.5, 0.5, 0.5, 0.5, 0.5, 0.5]"
1,37,INSERTION,8,0,0,0,229.49999999999997,229.49999999999997,331.5,38.25,38.25,28.049999999999997,3.0,3.0,3.75,1.0499999999999998,1.0499999999999998,0.75,0.0,0.0,0.0,0.0,0.0,0.0,0.01944506799362791,0.019404070800373808,0.0,0.0,0.0,0.0,"[0,0,0,0,0,0]","[0.5, 0.5, 0.5, 0.5, 0.5, 0.5, 0.5, 0.5, 0.5, 0.5, 0.5, 0.5]"
1,38,INSERTION,8,0,1,0,229.49999999999997,229.49999999999997,331.5,38.25,38.25,28.049999999999997,3.0,3.0,3.75,1.0499999999999998,1.0499999999999998,0.75,25.47426961624241,0.7697621844267877,17.815366617094334,0.0,0.0,0.0,0.018942955882924276,0.0189028027606941,0.0,0.0,0.0,0.0,"[0,0,0,0,0,0]","[0.5, 0.5, 0.5, 0.5, 0.5, 0.5, 0.5, 0.5, 0.5, 0.5, 0.5, 0.5]"
1,39,INSERTION,8,0,0,0,229.49999999999997,229.49999999999997,331.5,38.25,38.25,28.049999999999997,3.0,3.0,3.75,1.0499999999999998,1.0499999999999998,0.75,0.0,0.0,0.0,0.0,0.0,0.0,0.01843762844718271,0.018401301822845235,0.0,0.0,0.0,0.0,"[0,0,0,0,0,0]","[0.5, 0.5, 0.5, 0.5, 0.5, 0.5, 0.5, 0.5, 0.5, 0.5, 0.5, 0.5]"
1,40,INSERTION,8,0,0,0,229.49999999999997,229.49999999999997,331.5,38.25,38.25,28.049999999999997,3.0,3.0,3.75,1.0499999999999998,1.0499999999999998,0.75,0.0,0.0,0.0,0.0,0.0,0.0,0.018079009710170856,0.018048085357572508,0.0,0.0,0.0,0.0,"[0,0,0,0,0,0]","[0.5, 0.5, 0.5, 0.5, 0.5, 0.5, 0.5, 0.5, 0.5, 0.5, 0.5, 0.5]"
1,41,INSERTION,8,0,0,0,229.49999999999997,229.49999999999997,331.5,38.25,38.25,28.049999999999997,3.0,3.0,3.75,1.0499999999999998,1.0499999999999998,0.75,0.0,0.0,0.0,0.0,0.0,0.0,0.01784943781617204,0.017823210623177946,0.0,0.0,0.0,0.0,"[0,0,0,0,0,0]","[0.5, 0.5, 0.5, 0.5, 0.5, 0.5, 0.5, 0.5, 0.5, 0.5, 0.5, 0.5]"
1,42,INSERTION,8,0,0,0,229.49999999999997,229.49999999999997,331.5,38.25,38.25,28.049999999999997,3.0,3.0,3.75,1.0499999999999998,1.0499999999999998,0.75,0.0,0.0,0.0,0.0,0.0,0.0,0.017662193155443078,0.01764015038775209,0.0,0.0,0.0,0.0,"[0,0,0,0,0,0]","[0.5, 0.5, 0.5, 0.5, 0.5, 0.5, 0.5, 0.5, 0.5, 0.5, 0.5, 0.5]"
1,43,INSERTION,8,0,0,0,229.49999999999997,229.49999999999997,331.5,38.25,38.25,28.049999999999997,3.0,3.0,3.75,1.0499999999999998,1.0499999999999998,0.75,0.0,0.0,0.0,0.0,0.0,0.0,0.017485721609457484,0.01746763666925872,0.0,0.0,0.0,0.0,"[0,0,0,0,0,0]","[0.5, 0.5, 0.5, 0.5, 0.5, 0.5, 0.5, 0.5, 0.5, 0.5, 0.5, 0.5]"
1,44,INSERTION,8,0,0,0,229.49999999999997,229.49999999999997,331.5,38.25,38.25,28.049999999999997,3.0,3.0,3.75,1.0499999999999998,1.0499999999999998,0.75,0.0,0.0,0.0,0.0,0.0,0.0,0.01730627733813149,0.017292094052951994,0.0,0.0,0.0,0.0,"[0,0,0,0,0,0]","[0.5, 0.5, 0.5, 0.5, 0.5, 0.5, 0.5, 0.5, 0.5, 0.5, 0.5, 0.5]"
1,45,INSERTION,8,0,0,0,229.49999999999997,229.49999999999997,331.5,38.25,38.25,28.049999999999997,3.0,3.0,3.75,1.0499999999999998,1.0499999999999998,0.75,0.0,0.0,0.0,0.0,0.0,0.0,0.01711769745944226,0.01710744465825693,0.0,0.0,0.0,0.0,"[0,0,0,0,0,0]","[0.5, 0.5, 0.5, 0.5, 0.5, 0.5, 0.5, 0.5, 0.5, 0.5, 0.5, 0.5]"
1,46,INSERTION,8,0,0,0,229.49999999999997,229.49999999999997,331.5,38.25,38.25,28.049999999999997,3.0,3.0,3.75,1.0499999999999998,1.0499999999999998,0.75,0.0,0.0,0.0,0.0,0.0,0.0,0.016917419742389805,0.016911161819273067,0.0,0.0,0.0,0.0,"[0,0,0,0,0,0]","[0.5, 0.5, 0.5, 0.5, 0.5, 0.5, 0.5, 0.5, 0.5, 0.5, 0.5, 0.5]"
1,47,INSERTION,8,0,0,0,229.49999999999997,229.49999999999997,331.5,38.25,38.25,28.049999999999997,3.0,3.0,3.75,1.0499999999999998,1.0499999999999998,0.75,0.0,0.0,0.0,0.0,0.0,0.0,0.01670462194273295,0.016702431776813603,0.0,0.0,0.0,0.0,"[0,0,0,0,0,0]","[0.5, 0.5, 0.5, 0.5, 0.5, 0.5, 0.5, 0.5, 0.5, 0.5, 0.5, 0.5]"
1,48,INSERTION,8,0,0,0,229.49999999999997,229.49999999999997,331.5,38.25,38.25,28.049999999999997,3.0,3.0,3.75,1.0499999999999998,1.0499999999999998,0.75,0.0,0.0,0.0,0.0,0.0,0.0,0.016479298366623717,0.016481242757913888,0.0,0.0,0.0,0.0,"[0,0,0,0,0,0]","[0.5, 0.5, 0.5, 0.5, 0.5, 0.5, 0.5, 0.5, 0.5, 0.5, 0.5, 0.5]"
1,49,INSERTION,8,0,0,0,229.49999999999997,229.49999999999997,331.5,38.25,38.25,28.049999999999997,3.0,3.0,3.75,1.0499999999999998,1.0499999999999998,0.75,0.0,0.0,0.0,0.0,0.0,0.0,0.016241797291656333,0.016247929224515734,0.0,0.0,0.0,0.0,"[0,0,0,0,0,0]","[0.5, 0.5, 0.5, 0.5, 0.5, 0.5, 0.5, 0.5, 0.5, 0.5, 0.5, 0.5]"
1,50,INSERTION,8,0,0,0,229.49999999999997,229.49999999999997,331.5,38.25,38.25,28.049999999999997,3.0,3.0,3.75,1.0499999999999998,1.0499999999999998,0.75,0.0,0.0,0.0,0.0,0.0,0.0,0.015992613385423647,0.016002969483845022,0.0,0.0,0.0,0.0,"[0,0,0,0,0,0]","[0.5, 0.5, 0.5, 0.5, 0.5, 0.5, 0.5, 0.5, 0.5, 0.5, 0.5, 0.5]"
1,51,INSERTION,8,0,0,0,229.49999999999997,229.49999999999997,331.5,38.25,38.25,28.049999999999997,3.0,3.0,3.75,1.0499999999999998,1.0499999999999998,0.75,0.0,0.0,0.0,0.0,0.0,0.0,0.01573212446701904,0.015746732770570555,0.0,0.0,0.0,0.0,"[0,0,0,0,0,0]","[0.5, 0.5, 0.5, 0.5, 0.5, 0.5, 0.5, 0.5, 0.5, 0.5, 0.5, 0.5]"
1,52,INSERTION,8,0,1,0,229.49999999999997,229.49999999999997,331.5,38.25,38.25,28.049999999999997,3.0,3.0,3.75,1.0499999999999998,1.0499999999999998,0.75,149.15922956316808,1.6445513336755715,-45.03321617686821,0.0,0.0,0.0,0.015460620885303004,0.015479503359683525,0.0,0.0,0.0,0.0,"[0,0,0,0,0,0]","[0.5, 0.5, 0.5, 0.5, 0.5, 0.5, 0.5, 0.5, 0.5, 0.5, 0.5, 0.5]"
1,53,INSERTION,8,0,1,0,229.49999999999997,229.49999999999997,331.5,38.25,38.25,28.049999999999997,3.0,3.0,3.75,1.0499999999999998,1.0499999999999998,0.75,46.854600574973745,1.2134607350393563,-10.090130209314035,0.0,0.0,0.0,0.015455916972681323,0.01547116413585641,0.0,0.0,0.0,0.0,"[0,0,0,0,0,0]","[0.5, 0.5, 0.5, 0.5, 0.5, 0.5, 0.5, 0.5, 0.5, 0.5, 0.5, 0.5]"
1,54,INSERTION,8,0,1,0,229.49999999999997,229.49999999999997,331.5,38.25,38.25,28.049999999999997,3.0,3.0,3.75,1.0499999999999998,1.0499999999999998,0.75,27.83138561684426,1.948616573480761,-0.8204099798049668,0.0,0.0,0.0,0.015464495236524125,0.015475558299505646,0.0,0.0,0.0,0.0,"[0,0,0,0,0,0]","[0.5, 0.5, 0.5, 0.5, 0.5, 0.5, 0.5, 0.5, 0.5, 0.5, 0.5, 0.5]"
1,55,INSERTION,8,0,1,0,229.49999999999997,229.49999999999997,331.5,38.25,38.25,28.049999999999997,3.0,3.0,3.75,1.0499999999999998,1.0499999999999998,0.75,26.214766931043698,2.320594830548086,6.969584503297299,0.0,0.0,0.0,0.015463620277518136,0.015470618663126212,0.0,0.0,0.0,0.0,"[0,0,0,0,0,0]","[0.5, 0.5, 0.5, 0.5, 0.5, 0.5, 0.5, 0.5, 0.5, 0.5, 0.5, 0.5]"
1,56,INSERTION,8,0,1,0,229.49999999999997,229.49999999999997,331.5,38.25,38.25,28.049999999999997,3.0,3.0,3.75,1.0499999999999998,1.0499999999999998,0.75,34.31969311623146,2.7457124318793875,21.90935419010154,0.0,0.0,0.0,0.015451546116686747,0.015455055207706826,0.0,0.0,0.0,0.0,"[0,0,0,0,0,0]","[0.5, 0.5, 0.5, 0.5, 0.5, 0.5, 0.5, 0.5, 0.5, 0.5, 0.5, 0.5]"
1,57,INSERTION,8,0,1,0,229.49999999999997,229.49999999999997,331.5,38.25,38.25,28.049999999999997,3.0,3.0,3.75,1.0499999999999998,1.0499999999999998,0.75,44.21914608604547,2.531648762960573,30.849697933404045,0.0,0.0,0.0,0.015417517893925977,0.015419077511104003,0.0,0.0,0.0,0.0,"[0,0,0,0,0,0]","[0.5, 0.5, 0.5, 0.5, 0.5, 0.5, 0.5, 0.5, 0.5, 0.5, 0.5, 0.5]"
1,58,INSERTION,8,0,1,0,229.49999999999997,229.49999999999997,331.5,38.25,38.25,28.049999999999997,3.0,3.0,3.75,1.0499999999999998,1.0499999999999998,0.75,42.05948272719305,2.0321916320089835,29.371415549229532,0.0,0.0,0.0,0.015356074037990568,0.015357664005733745,0.0,0.0,0.0,0.0,"[0,0,0,0,0,0]","[0.5, 0.5, 0.5, 0.5, 0.5, 0.5, 0.5, 0.5, 0.5, 0.5, 0.5, 0.5]"
1,59,INSERTION,8,0,1,0,229.49999999999997,229.49999999999997,331.5,38.25,38.25,28.049999999999997,3.0,3.0,3.75,1.0499999999999998,1.0499999999999998,0.75,39.77375878867583,2.122140144441232,21.05989135551246,0.0,0.0,0.0,0.015306203377773818,0.015308894533834215,0.0,0.0,0.0,0.0,"[0,0,0,0,0,0]","[0.5, 0.5, 0.5, 0.5, 0.5, 0.5, 0.5, 0.5, 0.5, 0.5, 0.5, 0.5]"
1,60,INSERTION,8,0,1,0,229.49999999999997,229.49999999999997,331.5,38.25,38.25,28.049999999999997,3.0,3.0,3.75,1.0499999999999998,1.0499999999999998,0.75,44.089168707301134,2.3262120393520664,4.473783314477973,0.0,0.0,0.0,0.015288245962827761,0.015292242217834881,0.0,0.0,0.0,0.0,"[0,0,0,0,0,0]","[0.5, 0.5, 0.5, 0.5, 0.5, 0.5, 0.5, 0.5, 0.5, 0.5, 0.5, 0.5]"
1,61,INSERTION,8,0,1,0,229.49999999999997,229.49999999999997,331.5,38.25,38.25,28.049999999999997,3.0,3.0,3.75,1.0499999999999998,1.0499999999999998,0.75,45.53627691787226,2.0022953476775793,-7.905862709010189,0.0,0.0,0.0,0.015287454185700043,0.015292423094717351,0.0,0.0,0.0,0.0,"[0,0,0,0,0,0]","[0.5, 0.5, 0.5, 0.5, 0.5, 0.5, 0.5, 0.5, 0.5, 0.5, 0.5, 0.5]"
1,62,INSERTION,8,0,1,0,229.49999999999997,229.49999999999997,331.5,38.25,38.25,28.049999999999997,3.0,3.0,3.75,1.0499999999999998,1.0499999999999998,0.75,45.82009080690171,1.144876030950071,-12.071439967471695,0.0,0.0,0.0,0.015297156980765513,0.015302424978748506,0.0,0.0,0.0,0.0,"[0,0,0,0,0,0]","[0.5, 0.5, 0.5, 0.5, 0.5, 0.5, 0.5, 0.5, 0.5, 0.5, 0.5, 0.5]"
1,63,INSERTION,8,0,1,0,229.49999999999997,229.49999999999997,331.5,38.25,38.25,28.049999999999997,3.0,3.0,3.75,1.0499999999999998,1.0499999999999998,0.75,45.152936009857086,0.4127456763395168,-13.21044935530595,0.0,0.0,0.0,0.015310274138198141,0.01531515694622063,0.0,0.0,0.0,0.0,"[0,0,0,0,0,0]","[0.5, 0.5, 0.5, 0.5, 0.5, 0.5, 0.5, 0.5, 0.5, 0.5, 0.5, 0.5]"
1,64,INSERTION,8,0,1,0,229.49999999999997,229.49999999999997,331.5,38.25,38.25,28.049999999999997,3.0,3.0,3.75,1.0499999999999998,1.0499999999999998,0.75,44.03149683949357,-0.043386306025385235,-13.017818201742976,0.0,0.0,0.0,0.015324233853479929,0.015328033866023575,0.0,0.0,0.0,0.0,"[0,0,0,0,0,0]","[0.5, 0.5, 0.5, 0.5, 0.5, 0.5, 0.5, 0.5, 0.5, 0.5, 0.5, 0.5]"
1,65,INSERTION,8,0,1,0,229.49999999999997,229.49999999999997,331.5,38.25,38.25,28.049999999999997,3.0,3.0,3.75,1.0499999999999998,1.0499999999999998,0.75,42.59915767635617,-0.24210815952448048,-11.777028266088813,0.0,0.0,0.0,0.015337655506996645,0.015339711289900035,0.0,0.0,0.0,0.0,"[0,0,0,0,0,0]","[0.5, 0.5, 0.5, 0.5, 0.5, 0.5, 0.5, 0.5, 0.5, 0.5, 0.5, 0.5]"
1,66,INSERTION,8,0,1,0,229.49999999999997,229.49999999999997,331.5,38.25,38.25,28.049999999999997,3.0,3.0,3.75,1.0499999999999998,1.0499999999999998,0.75,40.88379556475394,-0.2320991711425616,-9.765760791828956,0.0,0.0,0.0,0.015349491425963285,0.015349260532857985,0.0,0.0,0.0,0.0,"[0,0,0,0,0,0]","[0.5, 0.5, 0.5, 0.5, 0.5, 0.5, 0.5, 0.5, 0.5, 0.5, 0.5, 0.5]"
1,67,INSERTION,8,0,1,0,229.49999999999997,229.49999999999997,331.5,38.25,38.25,28.049999999999997,3.0,3.0,3.75,1.0499999999999998,1.0499999999999998,0.75,38.90904877856486,-0.0899693712533989,-7.129069278673942,0.0,0.0,0.0,0.015359009780976991,0.015356124979217282,0.0,0.0,0.0,0.0,"[0,0,0,0,0,0]","[0.5, 0.5, 0.5, 0.5, 0.5, 0.5, 0.5, 0.5, 0.5, 0.5, 0.5, 0.5]"
1,68,INSERTION,8,0,1,0,229.49999999999997,229.49999999999997,331.5,38.25,38.25,28.049999999999997,3.0,3.0,3.75,1.0499999999999998,1.0499999999999998,0.75,36.63880906113988,-0.03983392137814652,-2.7406317023865023,0.0,0.0,0.0,0.015365253577538478,0.015359581334019755,0.0,0.0,0.0,0.0,"[0,0,0,0,0,0]","[0.5, 0.5, 0.5, 0.5, 0.5, 0.5, 0.5, 0.5, 0.5, 0.5, 0.5, 0.5]"
1,69,INSERTION,8,0,1,0,229.49999999999997,229.49999999999997,331.5,38.25,38.25,28.049999999999997,3.0,3.0,3.75,1.0499999999999998,1.0499999999999998,0.75,33.39546107634259,0.051988414976851555,0.6719503943731545,0.0,0.0,0.0,0.015367012787715626,0.015358721522601235,0.0,0.0,0.0,0.0,"[0,0,0,0,0,0]","[0.5, 0.5, 0.5, 0.5, 0.5, 0.5, 0.5, 0.5, 0.5, 0.5, 0.5, 0.5]"
1,70,INSERTION,8,1,1,0,229.49999999999997,229.49999999999997,331.5,38.25,38.25,28.049999999999997,3.0,3.0,3.75,1.0499999999999998,1.0499999999999998,0.75,29.45399227766806,0.3170574199491917,0.9584848595811235,0.0,0.0,0.0,0.015366188493207585,0.015355549428000664,0.0,0.0,0.0,0.0,"[0,0,0,0,0,0]","[0.5, 0.5, 0.5, 0.5, 0.5, 0.5, 0.5, 0.5, 0.5, 0.5, 0.5, 0.5]"
1,71,INSERTION,8,1,1,0,229.49999999999997,229.49999999999997,331.5,38.25,38.25,28.049999999999997,3.0,3.0,3.75,1.0499999999999998,1.0499999999999998,0.75,26.370171484135845,0.7783870721958819,-0.430034304127751,0.0,0.0,0.0,0.015365705565873833,0.015352884405419199,0.0,0.0,0.0,0.0,"[0,0,0,0,0,0]","[0.5, 0.5, 0.5, 0.5, 0.5, 0.5, 0.5, 0.5, 0.5, 0.5, 0.5, 0.5]"
1,72,INSERTION,8,1,1,0,229.49999999999997,229.49999999999997,331.5,38.25,38.25,28.049999999999997,3.0,3.0,3.75,1.0499999999999998,1.0499999999999998,0.75,24.140845836702137,1.1276127391876005,-1.8520753272360964,0.0,0.0,0.0,0.015366469502309719,0.015351534144074183,0.0,0.0,0.0,0.0,"[0,0,0,0,0,0]","[0.5, 0.5, 0.5, 0.5, 0.5, 0.5, 0.5, 0.5, 0.5, 0.5, 0.5, 0.5]"
1,73,INSERTION,8,1,1,0,229.49999999999997,229.49999999999997,331.5,38.25,38.25,28.049999999999997,3.0,3.0,3.75,1.0499999999999998,1.0499999999999998,0.75,23.11399165038446,1.3501676754978926,-2.3800807552955128,0.0,0.0,0.0,0.01536851985017218,0.01535168038925068,0.0,0.0,0.0,0.0,"[0,0,0,0,0,0]","[0.5, 0.5, 0.5, 0.5, 0.5, 0.5, 0.5, 0.5, 0.5, 0.5, 0.5, 0.5]"
1,74,INSERTION,8,1,1,0,229.49999999999997,229.49999999999997,331.5,38.25,38.25,28.049999999999997,3.0,3.0,3.75,1.0499999999999998,1.0499999999999998,0.75,22.97049778762052,1.6990542018474601,-1.9519288213858772,0.0,0.0,0.0,0.015370935195761423,0.015352507733317911,0.0,0.0,0.0,0.0,"[0,0,0,0,0,0]","[0.5, 0.5, 0.5, 0.5, 0.5, 0.5, 0.5, 0.5, 0.5, 0.5, 0.5, 0.5]"
1,75,INSERTION,8,1,1,0,229.49999999999997,229.49999999999997,331.5,38.25,38.25,28.049999999999997,3.0,3.0,3.75,1.0499999999999998,1.0499999999999998,0.75,22.388822783477124,1.6832898220894432,-0.5153805702790022,0.0,0.0,0.0,0.015372438671982354,0.015352773535594772,0.0,0.0,0.0,0.0,"[0,0,0,0,0,0]","[0.5, 0.5, 0.5, 0.5, 0.5, 0.5, 0.5, 0.5, 0.5, 0.5, 0.5, 0.5]"
1,76,INSERTION,8,1,1,0,229.49999999999997,229.49999999999997,331.5,38.25,38.25,28.049999999999997,3.0,3.0,3.75,1.0499999999999998,1.0499999999999998,0.75,22.15729200469641,1.615347520334811,2.0571583107346365,0.0,0.0,0.0,0.015372151415720259,0.01535178040023415,0.0,0.0,0.0,0.0,"[0,0,0,0,0,0]","[0.5, 0.5, 0.5, 0.5, 0.5, 0.5, 0.5, 0.5, 0.5, 0.5, 0.5, 0.5]"
1,77,INSERTION,8,1,1,0,229.49999999999997,229.49999999999997,331.5,38.25,38.25,28.049999999999997,3.0,3.0,3.75,1.0499999999999998,1.0499999999999998,0.75,58.401298332299596,3.6197279549372414,27.816024374890887,0.0,0.0,0.0,0.015360920699582762,0.015340288473322418,0.0,0.0,0.0,0.0,"[0,0,0,0,0,0]","[0.5, 0.5, 0.5, 0.5, 0.5, 0.5, 0.5, 0.5, 0.5, 0.5, 0.5, 0.5]"
1,78,INSERTION,8,1,1,0,229.49999999999997,229.49999999999997,331.5,38.25,38.25,28.049999999999997,3.0,3.0,3.75,1.0499999999999998,1.0499999999999998,0.75,32.593294753006006,0.8995732857403684,22.79743257157376,0.0,0.0,0.0,0.015327866057988526,0.01530712775732486,0.0,3.300404232810944e-05,0.0,0.0,"[0,0,0,0,0,0]","[0.5, 0.5, 0.5, 0.5, 0.5, 0.5, 0.5, 0.5, 0.5, 0.5, 0.5, 0.5]"
1,79,INSERTION,8,1,1,0,229.49999999999997,229.49999999999997,331.5,38.25,38.25,28.049999999999997,3.0,3.0,3.75,1.0499999999999998,1.0499999999999998,0.75,26.566291923476406,0.24485162250303089,18.59475781269761,0.0,0.0,0.0,0.015203828194570602,0.015182855546945923,0.0,0.0,0.0,0.0,"[0,0,0,0,0,0]","[0.5, 0.5, 0.5, 0.5, 0.5, 0.5, 0.5, 0.5, 0.5, 0.5, 0.5, 0.5]"
2,0,FIRST_CONTACT,6,0,1,0,112.05000000000001,112.05000000000001,444.59999999999997,18.675,18.675,13.695,4.26,4.26,5.324999999999999,1.4909999999999999,1.4909999999999999,1.065,2968.2992996045577,-5.65649473298302,2028.37373665836,0.0,0.0,0.0,0.005999999999999998,0.006000000000000005,0.03799999999999997,0.03799999999999997,0.0,0.0,"[0,0,0,0,0,0]","[0.05, 0.05, 0.8, 0.05, 0.05, 0.05, 0.95, 0.95, 0.95, 0.95, 0.95, 0.95]"
2,1,FIRST_CONTACT,6,0,1,0,112.05000000000001,112.05000000000001,444.59999999999997,18.675,18.675,13.695,4.26,4.26,5.324999999999999,1.4909999999999999,1.4909999999999999,1.065,1565.091234663316,-3.765369904285025,-1095.5573935998314,0.0,0.0,0.0,0.005210990308519799,0.005293362869181276,0.00874005185451112,0.01340302800314152,0.0,0.0,"[0,0,0,0,0,0]","[0.05, 0.05, 0.8, 0.05, 0.05, 0.05, 0.95, 0.95, 0.95, 0.95, 0.95, 0.95]"
2,2,FIRST_CONTACT,6,0,0,0,112.05000000000001,112.05000000000001,444.59999999999997,18.675,18.675,13.695,4.26,4.26,5.324999999999999,1.4909999999999999,1.4909999999999999,1.065,0.0,0.0,0.0,0.0,0.0,0.0,0.0006654689151635746,0.0005816878025121459,0.0,0.0,0.0,0.0,"[0,0,0,0,0,0]","[0.05, 0.05, 0.8, 0.05, 0.05, 0.05, 0.95, 0.95, 0.95, 0.95, 0.95, 0.95]"
2,3,FIRST_CONTACT,6,0,0,0,112.05000000000001,112.05000000000001,444.59999999999997,18.675,18.675,13.695,4.26,4.26,5.324999999999999,1.4909999999999999,1.4909999999999999,1.065,0.0,0.0,0.0,0.0,0.0,0.0,0.002486309045716914,0.0024684924634176594,0.0,0.0,0.0,0.0,"[0,0,0,0,0,0]","[0.05, 0.05, 0.8, 0.05, 0.05, 0.05, 0.95, 0.95, 0.95, 0.95, 0.95, 0.95]"
2,4,FIRST_CONTACT,6,0,0,0,112.05000000000001,112.05000000000001,444.59999999999997,18.675,18.675,13.695,4.26,4.26,5.324999999999999,1.4909999999999999,1.4909999999999999,1.065,0.0,0.0,0.0,0.0,0.0,0.0,0.0047154213154764636,0.00470904400858263,0.0,0.0,0.0,0.0,"[0,0,0,0,0,0]","[0.05, 0.05, 0.8, 0.05, 0.05, 0.05, 0.95, 0.95, 0.95, 0.95, 0.95, 0.95]"
2,5,COMPLIANT_ALIGNMENT,7,0,0,0,112.05000000000001,112.05000000000001,444.59999999999997,18.675,18.675,13.695,4.26,4.26,5.324999999999999,1.4909999999999999,1.4909999999999999,1.065,0.0,0.0,0.0,0.0,0.0,0.0,0.006520484814717318,0.006519259630323535,0.0,0.0,0.0,0.0,"[0,0,0,0,0,0]","[0.05, 0.05, 0.8, 0.05, 0.05, 0.05, 0.95, 0.95, 0.95, 0.95, 0.95, 0.95]"
2,6,COMPLIANT_ALIGNMENT,7,0,0,0,112.05000000000001,112.05000000000001,444.59999999999997,18.675,18.675,13.695,4.26,4.26,5.324999999999999,1.4909999999999999,1.4909999999999999,1.065,0.0,0.0,0.0,0.0,0.0,0.0,0.008009761093298961,0.008012175488948814,0.0,0.0,0.0,0.0,"[0,0,0,0,0,0]","[0.05, 0.05, 0.8, 0.05, 0.05, 0.05, 0.95, 0.95, 0.95, 0.95, 0.95, 0.95]"
2,7,COMPLIANT_ALIGNMENT,7,0,0,0,112.05000000000001,112.05000000000001,444.59999999999997,18.675,18.675,13.695,4.26,4.26,5.324999999999999,1.4909999999999999,1.4909999999999999,1.065,0.0,0.0,0.0,0.0,0.0,0.0,0.009302681919406072,0.009308148337026449,0.0,0.0,0.0,0.0,"[0,0,0,0,0,0]","[0.05, 0.05, 0.8, 0.05, 0.05, 0.05, 0.95, 0.95, 0.95, 0.95, 0.95, 0.95]"
2,8,COMPLIANT_ALIGNMENT,7,0,0,0,112.05000000000001,112.05000000000001,444.59999999999997,18.675,18.675,13.695,4.26,4.26,5.324999999999999,1.4909999999999999,1.4909999999999999,1.065,0.0,0.0,0.0,0.0,0.0,0.0,0.010467935500643335,0.01047623954675055,0.0,0.0,0.0,0.0,"[0,0,0,0,0,0]","[0.05, 0.05, 0.8, 0.05, 0.05, 0.05, 0.95, 0.95, 0.95, 0.95, 0.95, 0.95]"
2,9,COMPLIANT_ALIGNMENT,7,0,0,0,112.05000000000001,112.05000000000001,444.59999999999997,18.675,18.675,13.695,4.26,4.26,5.324999999999999,1.4909999999999999,1.4909999999999999,1.065,0.0,0.0,0.0,0.0,0.0,0.0,0.01154077650918717,0.011551875548396907,0.0,0.0,0.0,0.0,"[0,0,0,0,0,0]","[0.05, 0.05, 0.8, 0.05, 0.05, 0.05, 0.95, 0.95, 0.95, 0.95, 0.95, 0.95]"
2,10,COMPLIANT_ALIGNMENT,7,0,0,0,112.05000000000001,112.05000000000001,444.59999999999997,18.675,18.675,13.695,4.26,4.26,5.324999999999999,1.4909999999999999,1.4909999999999999,1.065,0.0,0.0,0.0,0.0,0.0,0.0,0.012538475393276703,0.012552391443758875,0.0,0.0,0.0,0.0,"[0,0,0,0,0,0]","[0.05, 0.05, 0.8, 0.05, 0.05, 0.05, 0.95, 0.95, 0.95, 0.95, 0.95, 0.95]"
2,11,COMPLIANT_ALIGNMENT,7,0,0,0,112.05000000000001,112.05000000000001,444.59999999999997,18.675,18.675,13.695,4.26,4.26,5.324999999999999,1.4909999999999999,1.4909999999999999,1.065,0.0,0.0,0.0,0.0,0.0,0.0,0.01346918455918535,0.013485943250007489,0.0,0.0,0.0,0.0,"[0,0,0,0,0,0]","[0.05, 0.05, 0.8, 0.05, 0.05, 0.05, 0.95, 0.95, 0.95, 0.95, 0.95, 0.95]"
2,12,COMPLIANT_ALIGNMENT,7,0,0,0,112.05000000000001,112.05000000000001,444.59999999999997,18.675,18.675,13.695,4.26,4.26,5.324999999999999,1.4909999999999999,1.4909999999999999,1.065,0.0,0.0,0.0,0.0,0.0,0.0,0.014336643245068167,0.014356239222900575,0.0,0.0,0.0,0.0,"[0,0,0,0,0,0]","[0.05, 0.05, 0.8, 0.05, 0.05, 0.05, 0.95, 0.95, 0.95, 0.95, 0.95, 0.95]"
2,13,COMPLIANT_ALIGNMENT,7,0,1,0,112.05000000000001,112.05000000000001,444.59999999999997,18.675,18.675,13.695,4.26,4.26,5.324999999999999,1.4909999999999999,1.4909999999999999,1.065,1750.4112871700995,94.0281172385069,235.89405303628155,0.0,0.0,0.0,0.014901144240712644,0.014918390730406548,0.0,0.0011609694347418306,0.0,0.0,"[0,0,0,0,0,0]","[0.05, 0.05, 0.8, 0.05, 0.05, 0.05, 0.95, 0.95, 0.95, 0.95, 0.95, 0.95]"
2,14,COMPLIANT_ALIGNMENT,7,0,1,0,112.05000000000001,112.05000000000001,444.59999999999997,18.675,18.675,13.695,4.26,4.26,5.324999999999999,1.4909999999999999,1.4909999999999999,1.065,521.5885188478911,364.74870422379934,-11.333333467935715,0.0,0.0,0.0,0.014794050759555226,0.014794747275199145,0.0,0.0014175749878987329,0.0,0.0,"[0,0,0,0,0,0]","[0.05, 0.05, 0.8, 0.05, 0.05, 0.05, 0.95, 0.95, 0.95, 0.95, 0.95, 0.95]"
2,15,COMPLIANT_ALIGNMENT,7,0,1,0,112.05000000000001,112.05000000000001,444.59999999999997,18.675,18.675,13.695,4.26,4.26,5.324999999999999,1.4909999999999999,1.4909999999999999,1.065,90.51287021986084,-1.844858608788374,-63.32555487245314,0.0,0.0,0.0,0.014793712650136957,0.014777085520954043,0.0,0.0007339272224553203,0.0,0.0,"[0,0,0,0,0,0]","[0.05, 0.05, 0.8, 0.05, 0.05, 0.05, 0.95, 0.95, 0.95, 0.95, 0.95, 0.95]"
2,16,COMPLIANT_ALIGNMENT,7,0,1,0,112.05000000000001,112.05000000000001,444.59999999999997,18.675,18.675,13.695,4.26,4.26,5.324999999999999,1.4909999999999999,1.4909999999999999,1.065,86.27939876795746,-3.839044010303087,-60.272358747027,0.0,0.0,0.0,0.01535010109936913,0.01532736181579322,0.0,6.851571779880467e-05,0.0,0.0,"[0,0,0,0,0,0]","[0.05, 0.05, 0.8, 0.05, 0.05, 0.05, 0.95, 0.95, 0.95, 0.95, 0.95, 0.95]"
2,17,COMPLIANT_ALIGNMENT,7,0,0,0,112.05000000000001,112.05000000000001,444.59999999999997,18.675,18.675,13.695,4.26,4.26,5.324999999999999,1.4909999999999999,1.4909999999999999,1.065,0.0,0.0,0.0,0.0,0.0,0.0,0.01762096108595154,0.017614581949346772,0.0,0.0,0.0,0.0,"[0,0,0,0,0,0]","[0.05, 0.05, 0.8, 0.05, 0.05, 0.05, 0.95, 0.95, 0.95, 0.95, 0.95, 0.95]"
2,18,COMPLIANT_ALIGNMENT,7,0,1,0,112.05000000000001,112.05000000000001,444.59999999999997,18.675,18.675,13.695,4.26,4.26,5.324999999999999,1.4909999999999999,1.4909999999999999,1.065,37.33477756962921,-3.7820501839030607,-25.85923526192424,0.0,0.0,0.0,0.019150531496345196,0.019156167505906874,0.0,0.0,0.0,0.0,"[0,0,0,0,0,0]","[0.05, 0.05, 0.8, 0.05, 0.05, 0.05, 0.95, 0.95, 0.95, 0.95, 0.95, 0.95]"
2,19,COMPLIANT_ALIGNMENT,7,0,1,0,112.05000000000001,112.05000000000001,444.59999999999997,18.675,18.675,13.695,4.26,4.26,5.324999999999999,1.4909999999999999,1.4909999999999999,1.065,63.95107000936295,-4.292447683578766,-14.154433655600233,0.0,0.0,0.0,0.019458815089305526,0.01945552282278533,0.0,0.0,0.0,0.0,"[0,0,0,0,0,0]","[0.05, 0.05, 0.8, 0.05, 0.05, 0.05, 0.95, 0.95, 0.95, 0.95, 0.95, 0.95]"
2,20,COMPLIANT_ALIGNMENT,7,0,1,0,112.05000000000001,112.05000000000001,444.59999999999997,18.675,18.675,13.695,4.26,4.26,5.324999999999999,1.4909999999999999,1.4909999999999999,1.065,88.61082405814969,-1.2973143391221873,-9.54142533906219,0.0,0.0,0.0,0.01950013869049621,0.019486755858797736,0.0,1.2550965537920511e-05,0.0,0.0,"[0,0,0,0,0,0]","[0.05, 0.05, 0.8, 0.05, 0.05, 0.05, 0.95, 0.95, 0.95, 0.95, 0.95, 0.95]"
2,21,COMPLIANT_ALIGNMENT,7,0,1,0,112.05000000000001,112.05000000000001,444.59999999999997,18.675,18.675,13.695,4.26,4.26,5.324999999999999,1.4909999999999999,1.4909999999999999,1.065,100.43422794659688,0.6420060646906072,-8.529322420059847,0.0,0.0,0.0,0.019514244885680668,0.019495167537853308,0.0,5.525531793783983e-05,0.0,0.0,"[0,0,0,0,0,0]","[0.05, 0.05, 0.8, 0.05, 0.05, 0.05, 0.95, 0.95, 0.95, 0.95, 0.95, 0.95]"
2,22,COMPLIANT_ALIGNMENT,7,0,1,0,112.05000000000001,112.05000000000001,444.59999999999997,18.675,18.675,13.695,4.26,4.26,5.324999999999999,1.4909999999999999,1.4909999999999999,1.065,99.27973342031721,1.752196747897421,-8.917518374628012,0.0,0.0,0.0,0.01952452888808904,0.019500934165920594,0.0,7.18881913501987e-05,0.0,0.0,"[0,0,0,0,0,0]","[0.05, 0.05, 0.8, 0.05, 0.05, 0.05, 0.95, 0.95, 0.95, 0.95, 0.95, 0.95]"
2,23,COMPLIANT_ALIGNMENT,7,0,1,0,112.05000000000001,112.05000000000001,444.59999999999997,18.675,18.675,13.695,4.26,4.26,5.324999999999999,1.4909999999999999,1.4909999999999999,1.065,95.48860815115027,2.143670573953657,-8.029508984034456,0.0,0.0,0.0,0.019533053995828182,0.019505586390333767,0.0,7.67888215715759e-05,0.0,0.0,"[0,0,0,0,0,0]","[0.05, 0.05, 0.8, 0.05, 0.05, 0.05, 0.95, 0.95, 0.95, 0.95, 0.95, 0.95]"
2,24,COMPLIANT_ALIGNMENT,7,0,1,0,112.05000000000001,112.05000000000001,444.59999999999997,18.675,18.675,13.695,4.26,4.26,5.324999999999999,1.4909999999999999,1.4909999999999999,1.065,82.144964582658,2.2104770307431796,-8.155688257572725,0.0,0.0,0.0,0.019540979303966668,0.019510050622482,0.0,7.523012943343871e-05,0.0,0.0,"[0,0,0,0,0,0]","[0.05, 0.05, 0.8, 0.05, 0.05, 0.05, 0.95, 0.95, 0.95, 0.95, 0.95, 0.95]"
2,25,COMPLIANT_ALIGNMENT,7,0,1,0,112.05000000000001,112.05000000000001,444.59999999999997,18.675,18.675,13.695,4.26,4.26,5.324999999999999,1.4909999999999999,1.4909999999999999,1.065,76.70839489488377,1.972007132229955,-4.893789102182653,0.0,0.0,0.0,0.01954781079150267,0.019513733884271637,0.0,7.105596965405886e-05,0.0,0.0,"[0,0,0,0,0,0]","[0.05, 0.05, 0.8, 0.05, 0.05, 0.05, 0.95, 0.95, 0.95, 0.95, 0.95, 0.95]"
2,26,COMPLIANT_ALIGNMENT,7,0,1,0,112.05000000000001,112.05000000000001,444.59999999999997,18.675,18.675,13.695,4.26,4.26,5.324999999999999,1.4909999999999999,1.4909999999999999,1.065,70.90170159489112,1.6021828909490607,-1.0900061518652768,0.0,0.0,0.0,0.019552620812406146,0.0195156742149441,0.0,6.685654977577754e-05,0.0,0.0,"[0,0,0,0,0,0]","[0.05, 0.05, 0.8, 0.05, 0.05, 0.05, 0.95, 0.95, 0.95, 0.95, 0.95, 0.95]"
2,27,COMPLIANT_ALIGNMENT,7,0,1,0,112.05000000000001,112.05000000000001,444.59999999999997,18.675,18.675,13.695,4.26,4.26,5.324999999999999,1.4909999999999999,1.4909999999999999,1.065,64.27665201736271,1.2079730356323866,2.732538405485376,0.0,0.0,0.0,0.019555198201363314,0.019515665147114045,0.0,6.240682347759957e-05,0.0,0.0,"[0,0,0,0,0,0]","[0.05, 0.05, 0.8, 0.05, 0.05, 0.05, 0.95, 0.95, 0.95, 0.95, 0.95, 0.95]"
2,28,COMPLIANT_ALIGNMENT,7,0,1,0,112.05000000000001,112.05000000000001,444.59999999999997,18.675,18.675,13.695,4.26,4.26,5.324999999999999,1.4909999999999999,1.4909999999999999,1.065,56.98124169987591,0.8855085663211277,6.221448720272196,0.0,0.0,0.0,0.019555543293904243,0.019513738561650104,0.0,5.746265003116896e-05,0.0,0.0,"[0,0,0,0,0,0]","[0.05, 0.05, 0.8, 0.05, 0.05, 0.05, 0.95, 0.95, 0.95, 0.95, 0.95, 0.95]"
2,29,COMPLIANT_ALIGNMENT,7,0,1,0,112.05000000000001,112.05000000000001,444.59999999999997,18.675,18.675,13.695,4.26,4.26,5.324999999999999,1.4909999999999999,1.4909999999999999,1.065,49.303358229170655,0.615101491138385,9.1533514829536,0.0,0.0,0.0,0.019553815420830307,0.019510091246430005,0.0,5.200793387307584e-05,0.0,0.0,"[0,0,0,0,0,0]","[0.05, 0.05, 0.8, 0.05, 0.05, 0.05, 0.95, 0.95, 0.95, 0.95, 0.95, 0.95]"
2,30,INSERTION,8,0,1,0,112.05000000000001,112.05000000000001,444.59999999999997,18.675,18.675,13.695,4.26,4.26,5.324999999999999,1.4909999999999999,1.4909999999999999,1.065,62.68241002738205,0.2882774977667493,-16.14357875183493,0.0,0.0,0.0,0.019553036700413935,0.01950777932969658,2.3337676687183728e-05,3.12497158058353e-05,0.0,0.0,"[0,0,0,0,0,0]","[0.05, 0.05, 0.8, 0.05, 0.05, 0.05, 0.95, 0.95, 0.95, 0.95, 0.95, 0.95]"
2,31,INSERTION,8,0,1,0,112.05000000000001,112.05000000000001,444.59999999999997,18.675,18.675,13.695,4.26,4.26,5.324999999999999,1.4909999999999999,1.4909999999999999,1.065,47.132669560205706,-0.20666020384326883,-5.350396884552455,0.0,0.0,0.0,0.019559583578888873,0.01951310295034941,3.649411235803063e-05,0.0,0.0,0.0,"[0,0,0,0,0,0]","[0.05, 0.05, 0.8, 0.05, 0.05, 0.05, 0.95, 0.95, 0.95, 0.95, 0.95, 0.95]"
2,32,INSERTION,8,0,1,0,112.05000000000001,112.05000000000001,444.59999999999997,18.675,18.675,13.695,4.26,4.26,5.324999999999999,1.4909999999999999,1.4909999999999999,1.065,38.40700812757745,-0.1929125674100346,3.048641978000654,0.0,0.0,0.0,0.01956107664360542,0.01951370661054585,2.9003675203774504e-05,0.0,0.0,0.0,"[0,0,0,0,0,0]","[0.05, 0.05, 0.8, 0.05, 0.05, 0.05, 0.95, 0.95, 0.95, 0.95, 0.95, 0.95]"
2,33,INSERTION,8,0,1,0,112.05000000000001,112.05000000000001,444.59999999999997,18.675,18.675,13.695,4.26,4.26,5.324999999999999,1.4909999999999999,1.4909999999999999,1.065,22.24315922169455,-0.16729835118278014,2.2264907766882356,0.0,0.0,0.0,0.019558601968976994,0.019510885919852047,1.5048155187484535e-05,0.0,0.0,0.0,"[0,0,0,0,0,0]","[0.05, 0.05, 0.8, 0.05, 0.05, 0.05, 0.95, 0.95, 0.95, 0.95, 0.95, 0.95]"
2,34,INSERTION,8,0,1,0,112.05000000000001,112.05000000000001,444.59999999999997,18.675,18.675,13.695,4.26,4.26,5.324999999999999,1.4909999999999999,1.4909999999999999,1.065,19.99016989776559,0.1597981638139424,1.2043350046410042,0.0,0.0,0.0,0.01955749292998299,0.019509971844925648,0.0,0.0,0.0,0.0,"[0,0,0,0,0,0]","[0.05, 0.05, 0.8, 0.05, 0.05, 0.05, 0.95, 0.95, 0.95, 0.95, 0.95, 0.95]"
2,35,INSERTION,8,0,1,0,112.05000000000001,112.05000000000001,444.59999999999997,18.675,18.675,13.695,4.26,4.26,5.324999999999999,1.4909999999999999,1.4909999999999999,1.065,20.906076426381897,-0.06372940427335295,9.380987308943258,0.0,0.0,0.0,0.01955531712802654,0.019507255956336764,0.0,0.0,0.0,0.0,"[0,0,0,0,0,0]","[0.05, 0.05, 0.8, 0.05, 0.05, 0.05, 0.95, 0.95, 0.95, 0.95, 0.95, 0.95]"
2,36,INSERTION,8,0,1,0,112.05000000000001,112.05000000000001,444.59999999999997,18.675,18.675,13.695,4.26,4.26,5.324999999999999,1.4909999999999999,1.4909999999999999,1.065,38.780616287220646,-0.46177428820931005,27.142500865859738,0.0,0.0,0.0,0.019520859968950727,0.01947154854603554,0.0,0.0,0.0,0.0,"[0,0,0,0,0,0]","[0.05, 0.05, 0.8, 0.05, 0.05, 0.05, 0.95, 0.95, 0.95, 0.95, 0.95, 0.95]"
2,37,INSERTION,8,0,1,0,112.05000000000001,112.05000000000001,444.59999999999997,18.675,18.675,13.695,4.26,4.26,5.324999999999999,1.4909999999999999,1.4909999999999999,1.065,33.911827945451535,-0.08467306584233242,23.73812821811949,0.0,0.0,0.0,0.019082277564342325,0.019031657271913194,0.0,0.0,0.0,0.0,"[0,0,0,0,0,0]","[0.05, 0.05, 0.8, 0.05, 0.05, 0.05, 0.95, 0.95, 0.95, 0.95, 0.95, 0.95]"
2,38,INSERTION,8,0,0,0,112.05000000000001,112.05000000000001,444.59999999999997,18.675,18.675,13.695,4.26,4.26,5.324999999999999,1.4909999999999999,1.4909999999999999,1.065,0.0,0.0,0.0,0.0,0.0,0.0,0.01867039835899515,0.0186217002203744,0.0,0.0,0.0,0.0,"[0,0,0,0,0,0]","[0.05, 0.05, 0.8, 0.05, 0.05, 0.05, 0.95, 0.95, 0.95, 0.95, 0.95, 0.95]"
2,39,INSERTION,8,0,0,0,112.05000000000001,112.05000000000001,444.59999999999997,18.675,18.675,13.695,4.26,4.26,5.324999999999999,1.4909999999999999,1.4909999999999999,1.065,0.0,0.0,0.0,0.0,0.0,0.0,0.018336233124412293,0.018292296097997922,0.0,0.0,0.0,0.0,"[0,0,0,0,0,0]","[0.05, 0.05, 0.8, 0.05, 0.05, 0.05, 0.95, 0.95, 0.95, 0.95, 0.95, 0.95]"
2,40,INSERTION,8,0,0,0,112.05000000000001,112.05000000000001,444.59999999999997,18.675,18.675,13.695,4.26,4.26,5.324999999999999,1.4909999999999999,1.4909999999999999,1.065,0.0,0.0,0.0,0.0,0.0,0.0,0.018162289311833453,0.01812270957648399,0.0,0.0,0.0,0.0,"[0,0,0,0,0,0]","[0.05, 0.05, 0.8, 0.05, 0.05, 0.05, 0.95, 0.95, 0.95, 0.95, 0.95, 0.95]"
2,41,INSERTION,8,0,0,0,112.05000000000001,112.05000000000001,444.59999999999997,18.675,18.675,13.695,4.26,4.26,5.324999999999999,1.4909999999999999,1.4909999999999999,1.065,0.0,0.0,0.0,0.0,0.0,0.0,0.01805013042259179,0.018014404123657443,0.0,0.0,0.0,0.0,"[0,0,0,0,0,0]","[0.05, 0.05, 0.8, 0.05, 0.05, 0.05, 0.95, 0.95, 0.95, 0.95, 0.95, 0.95]"
2,42,INSERTION,8,0,0,0,112.05000000000001,112.05000000000001,444.59999999999997,18.675,18.675,13.695,4.26,4.26,5.324999999999999,1.4909999999999999,1.4909999999999999,1.065,0.0,0.0,0.0,0.0,0.0,0.0,0.017964256294582804,0.01793214843349297,0.0,0.0,0.0,0.0,"[0,0,0,0,0,0]","[0.05, 0.05, 0.8, 0.05, 0.05, 0.05, 0.95, 0.95, 0.95, 0.95, 0.95, 0.95]"
2,43,INSERTION,8,0,0,0,112.05000000000001,112.05000000000001,444.59999999999997,18.675,18.675,13.695,4.26,4.26,5.324999999999999,1.4909999999999999,1.4909999999999999,1.065,0.0,0.0,0.0,0.0,0.0,0.0,0.01788900944992551,0.017860470095227284,0.0,0.0,0.0,0.0,"[0,0,0,0,0,0]","[0.05, 0.05, 0.8, 0.05, 0.05, 0.05, 0.95, 0.95, 0.95, 0.95, 0.95, 0.95]"
2,44,INSERTION,8,0,0,0,112.05000000000001,112.05000000000001,444.59999999999997,18.675,18.675,13.695,4.26,4.26,5.324999999999999,1.4909999999999999,1.4909999999999999,1.065,0.0,0.0,0.0,0.0,0.0,0.0,0.017817066792380255,0.017792143453443245,0.0,0.0,0.0,0.0,"[0,0,0,0,0,0]","[0.05, 0.05, 0.8, 0.05, 0.05, 0.05, 0.95, 0.95, 0.95, 0.95, 0.95, 0.95]"
2,45,INSERTION,8,0,0,0,112.05000000000001,112.05000000000001,444.59999999999997,18.675,18.675,13.695,4.26,4.26,5.324999999999999,1.4909999999999999,1.4909999999999999,1.065,0.0,0.0,0.0,0.0,0.0,0.0,0.017745033504570684,0.017723817296625095,0.0,0.0,0.0,0.0,"[0,0,0,0,0,0]","[0.05, 0.05, 0.8, 0.05, 0.05, 0.05, 0.95, 0.95, 0.95, 0.95, 0.95, 0.95]"
2,46,INSERTION,8,0,0,0,112.05000000000001,112.05000000000001,444.59999999999997,18.675,18.675,13.695,4.26,4.26,5.324999999999999,1.4909999999999999,1.4909999999999999,1.065,0.0,0.0,0.0,0.0,0.0,0.0,0.017671351686198468,0.01765394797335048,0.0,0.0,0.0,0.0,"[0,0,0,0,0,0]","[0.05, 0.05, 0.8, 0.05, 0.05, 0.05, 0.95, 0.95, 0.95, 0.95, 0.95, 0.95]"
2,47,INSERTION,8,0,0,0,112.05000000000001,112.05000000000001,444.59999999999997,18.675,18.675,13.695,4.26,4.26,5.324999999999999,1.4909999999999999,1.4909999999999999,1.065,0.0,0.0,0.0,0.0,0.0,0.0,0.01759530096012053,0.017581813591804864,0.0,0.0,0.0,0.0,"[0,0,0,0,0,0]","[0.05, 0.05, 0.8, 0.05, 0.05, 0.05, 0.95, 0.95, 0.95, 0.95, 0.95, 0.95]"
2,48,INSERTION,8,0,0,0,112.05000000000001,112.05000000000001,444.59999999999997,18.675,18.675,13.695,4.26,4.26,5.324999999999999,1.4909999999999999,1.4909999999999999,1.065,0.0,0.0,0.0,0.0,0.0,0.0,0.017516617344420386,0.01750713883830996,0.0,0.0,0.0,0.0,"[0,0,0,0,0,0]","[0.05, 0.05, 0.8, 0.05, 0.05, 0.05, 0.95, 0.95, 0.95, 0.95, 0.95, 0.95]"
2,49,INSERTION,8,0,0,0,112.05000000000001,112.05000000000001,444.59999999999997,18.675,18.675,13.695,4.26,4.26,5.324999999999999,1.4909999999999999,1.4909999999999999,1.065,0.0,0.0,0.0,0.0,0.0,0.0,0.017435165592519113,0.017429772972167728,0.0,0.0,0.0,0.0,"[0,0,0,0,0,0]","[0.05, 0.05, 0.8, 0.05, 0.05, 0.05, 0.95, 0.95, 0.95, 0.95, 0.95, 0.95]"
2,50,INSERTION,8,0,1,0,112.05000000000001,112.05000000000001,444.59999999999997,18.675,18.675,13.695,4.26,4.26,5.324999999999999,1.4909999999999999,1.4909999999999999,1.065,57.63787165490079,1.4013668295743673,-13.413611330777323,0.0,0.0,0.0,0.017426280480567453,0.01742172098428287,0.0,0.0,0.0,0.0,"[0,0,0,0,0,0]","[0.05, 0.05, 0.8, 0.05, 0.05, 0.05, 0.95, 0.95, 0.95, 0.95, 0.95, 0.95]"
2,51,INSERTION,8,0,1,0,112.05000000000001,112.05000000000001,444.59999999999997,18.675,18.675,13.695,4.26,4.26,5.324999999999999,1.4909999999999999,1.4909999999999999,1.065,23.408789415240427,1.1713292179904287,-2.915401827621526,0.0,0.0,0.0,0.01743704610964067,0.01743195483874604,0.0,0.0,0.0,0.0,"[0,0,0,0,0,0]","[0.05, 0.05, 0.8, 0.05, 0.05, 0.05, 0.95, 0.95, 0.95, 0.95, 0.95, 0.95]"
2,52,INSERTION,8,0,1,0,112.05000000000001,112.05000000000001,444.59999999999997,18.675,18.675,13.695,4.26,4.26,5.324999999999999,1.4909999999999999,1.4909999999999999,1.065,20.09296454649963,1.1574390038726747,-2.610920407468787,0.0,0.0,0.0,0.017440943187265127,0.017435315593562813,0.0,0.0,0.0,0.0,"[0,0,0,0,0,0]","[0.05, 0.05, 0.8, 0.05, 0.05, 0.05, 0.95, 0.95, 0.95, 0.95, 0.95, 0.95]"
2,53,INSERTION,8,0,1,0,112.05000000000001,112.05000000000001,444.59999999999997,18.675,18.675,13.695,4.26,4.26,5.324999999999999,1.4909999999999999,1.4909999999999999,1.065,22.518880676046827,1.4028843586680695,-2.3995055767193203,0.0,0.0,0.0,0.01744370646609711,0.0174370964557133,0.0,0.0,0.0,0.0,"[0,0,0,0,0,0]","[0.05, 0.05, 0.8, 0.05, 0.05, 0.05, 0.95, 0.95, 0.95, 0.95, 0.95, 0.95]"
2,54,INSERTION,8,0,1,0,112.05000000000001,112.05000000000001,444.59999999999997,18.675,18.675,13.695,4.26,4.26,5.324999999999999,1.4909999999999999,1.4909999999999999,1.065,26.92208553209608,1.6037146578354329,0.30027403427308763,0.0,0.0,0.0,0.017445067539548602,0.017437140706701815,0.0,0.0,0.0,0.0,"[0,0,0,0,0,0]","[0.05, 0.05, 0.8, 0.05, 0.05, 0.05, 0.95, 0.95, 0.95, 0.95, 0.95, 0.95]"
2,55,INSERTION,8,0,1,0,112.05000000000001,112.05000000000001,444.59999999999997,18.675,18.675,13.695,4.26,4.26,5.324999999999999,1.4909999999999999,1.4909999999999999,1.065,34.32126005292961,1.8399835041096189,9.783405313902156,0.0,0.0,0.0,0.017441501553381606,0.017432399053351696,0.0,0.0,0.0,0.0,"[0,0,0,0,0,0]","[0.05, 0.05, 0.8, 0.05, 0.05, 0.05, 0.95, 0.95, 0.95, 0.95, 0.95, 0.95]"
2,56,INSERTION,8,0,1,0,112.05000000000001,112.05000000000001,444.59999999999997,18.675,18.675,13.695,4.26,4.26,5.324999999999999,1.4909999999999999,1.4909999999999999,1.065,41.48520106503452,1.6664414049759646,18.867111192652654,0.0,0.0,0.0,0.01742741051010583,0.017418172959705956,0.0,0.0,0.0,0.0,"[0,0,0,0,0,0]","[0.05, 0.05, 0.8, 0.05, 0.05, 0.05, 0.95, 0.95, 0.95, 0.95, 0.95, 0.95]"
2,57,INSERTION,8,0,1,0,112.05000000000001,112.05000000000001,444.59999999999997,18.675,18.675,13.695,4.26,4.26,5.324999999999999,1.4909999999999999,1.4909999999999999,1.065,44.025736714399734,1.4155619561916888,12.017189640271859,0.0,0.0,0.0,0.017408453671313093,0.017400690592848714,0.0,0.0,0.0,0.0,"[0,0,0,0,0,0]","[0.05, 0.05, 0.8, 0.05, 0.05, 0.05, 0.95, 0.95, 0.95, 0.95, 0.95, 0.95]"
2,58,INSERTION,8,0,1,0,112.05000000000001,112.05000000000001,444.59999999999997,18.675,18.675,13.695,4.26,4.26,5.324999999999999,1.4909999999999999,1.4909999999999999,1.065,45.476356172061124,1.308086654125761,-2.7657295240060114,0.0,0.0,0.0,0.01740017566702133,0.01739471998772926,0.0,0.0,0.0,0.0,"[0,0,0,0,0,0]","[0.05, 0.05, 0.8, 0.05, 0.05, 0.05, 0.95, 0.95, 0.95, 0.95, 0.95, 0.95]"
2,59,INSERTION,8,0,1,0,112.05000000000001,112.05000000000001,444.59999999999997,18.675,18.675,13.695,4.26,4.26,5.324999999999999,1.4909999999999999,1.4909999999999999,1.065,47.421433785631166,0.9233629350726564,-10.553345324371724,0.0,0.0,0.0,0.017405788026828153,0.01740232657875371,0.0,0.0,0.0,0.0,"[0,0,0,0,0,0]","[0.05, 0.05, 0.8, 0.05, 0.05, 0.05, 0.95, 0.95, 0.95, 0.95, 0.95, 0.95]"
2,60,INSERTION,8,0,1,0,112.05000000000001,112.05000000000001,444.59999999999997,18.675,18.675,13.695,4.26,4.26,5.324999999999999,1.4909999999999999,1.4909999999999999,1.065,48.42274420422771,0.3401895774404901,-11.868222731823673,0.0,0.0,0.0,0.017417126182588578,0.017414887271924875,0.0,0.0,0.0,0.0,"[0,0,0,0,0,0]","[0.05, 0.05, 0.8, 0.05, 0.05, 0.05, 0.95, 0.95, 0.95, 0.95, 0.95, 0.95]"
2,61,INSERTION,8,0,1,0,112.05000000000001,112.05000000000001,444.59999999999997,18.675,18.675,13.695,4.26,4.26,5.324999999999999,1.4909999999999999,1.4909999999999999,1.065,48.501617824247624,-0.1487852252244927,-12.075891878596497,0.0,0.0,0.0,0.017429587174340896,0.01742775644728408,0.0,0.0,0.0,0.0,"[0,0,0,0,0,0]","[0.05, 0.05, 0.8, 0.05, 0.05, 0.05, 0.95, 0.95, 0.95, 0.95, 0.95, 0.95]"
2,62,INSERTION,8,0,1,0,112.05000000000001,112.05000000000001,444.59999999999997,18.675,18.675,13.695,4.26,4.26,5.324999999999999,1.4909999999999999,1.4909999999999999,1.065,47.959517570739585,-0.24249312118429556,-11.446806924195638,0.0,0.0,0.0,0.017441995136142797,0.017439755595913344,0.0,0.0,0.0,0.0,"[0,0,0,0,0,0]","[0.05, 0.05, 0.8, 0.05, 0.05, 0.05, 0.95, 0.95, 0.95, 0.95, 0.95, 0.95]"
2,63,INSERTION,8,0,1,0,112.05000000000001,112.05000000000001,444.59999999999997,18.675,18.675,13.695,4.26,4.26,5.324999999999999,1.4909999999999999,1.4909999999999999,1.065,46.87959149940817,-0.1880118348238735,-10.193567479622953,0.0,0.0,0.0,0.017453511269503577,0.017450094447536462,0.0,0.0,0.0,0.0,"[0,0,0,0,0,0]","[0.05, 0.05, 0.8, 0.05, 0.05, 0.05, 0.95, 0.95, 0.95, 0.95, 0.95, 0.95]"
2,64,INSERTION,8,0,1,0,112.05000000000001,112.05000000000001,444.59999999999997,18.675,18.675,13.695,4.26,4.26,5.324999999999999,1.4909999999999999,1.4909999999999999,1.065,45.34001056709126,0.12012615906460178,-8.531033449309842,0.0,0.0,0.0,0.01746353754883129,0.017458292328830838,0.0,0.0,0.0,0.0,"[0,0,0,0,0,0]","[0.05, 0.05, 0.8, 0.05, 0.05, 0.05, 0.95, 0.95, 0.95, 0.95, 0.95, 0.95]"
2,65,INSERTION,8,0,1,0,112.05000000000001,112.05000000000001,444.59999999999997,18.675,18.675,13.695,4.26,4.26,5.324999999999999,1.4909999999999999,1.4909999999999999,1.065,43.35649976111231,0.2726565309750596,-6.649613142780408,0.0,0.0,0.0,0.017471696437321375,0.01746412014300008,0.0,0.0,0.0,0.0,"[0,0,0,0,0,0]","[0.05, 0.05, 0.8, 0.05, 0.05, 0.05, 0.95, 0.95, 0.95, 0.95, 0.95, 0.95]"
2,66,INSERTION,8,0,1,0,112.05000000000001,112.05000000000001,444.59999999999997,18.675,18.675,13.695,4.26,4.26,5.324999999999999,1.4909999999999999,1.4909999999999999,1.065,41.029208774616805,0.4887141172265214,-4.743398035041609,0.0,0.0,0.0,0.01747785832445904,0.01746762924759741,0.0,0.0,0.0,0.0,"[0,0,0,0,0,0]","[0.05, 0.05, 0.8, 0.05, 0.05, 0.05, 0.95, 0.95, 0.95, 0.95, 0.95, 0.95]"
2,67,INSERTION,8,0,1,0,112.05000000000001,112.05000000000001,444.59999999999997,18.675,18.675,13.695,4.26,4.26,5.324999999999999,1.4909999999999999,1.4909999999999999,1.065,38.38844545093159,0.45018963426367886,-1.5188503778388158,0.0,0.0,0.0,0.01748177655179175,0.01746875247525966,0.0,0.0,0.0,0.0,"[0,0,0,0,0,0]","[0.05, 0.05, 0.8, 0.05, 0.05, 0.05, 0.95, 0.95, 0.95, 0.95, 0.95, 0.95]"
2,68,INSERTION,8,0,1,0,112.05000000000001,112.05000000000001,444.59999999999997,18.675,18.675,13.695,4.26,4.26,5.324999999999999,1.4909999999999999,1.4909999999999999,1.065,35.195752885276285,0.24203338094689952,1.8811057688675956,0.0,0.0,0.0,0.01748217613040508,0.017466515042037008,0.0,0.0,0.0,0.0,"[0,0,0,0,0,0]","[0.05, 0.05, 0.8, 0.05, 0.05, 0.05, 0.95, 0.95, 0.95, 0.95, 0.95, 0.95]"
2,69,INSERTION,8,0,1,0,112.05000000000001,112.05000000000001,444.59999999999997,18.675,18.675,13.695,4.26,4.26,5.324999999999999,1.4909999999999999,1.4909999999999999,1.065,30.80563895102444,0.3042083590367006,1.198640457251613,0.0,0.0,0.0,0.01748030410571139,0.0174623173410431,0.0,0.0,0.0,0.0,"[0,0,0,0,0,0]","[0.05, 0.05, 0.8, 0.05, 0.05, 0.05, 0.95, 0.95, 0.95, 0.95, 0.95, 0.95]"
2,70,INSERTION,8,1,1,0,112.05000000000001,112.05000000000001,444.59999999999997,18.675,18.675,13.695,4.26,4.26,5.324999999999999,1.4909999999999999,1.4909999999999999,1.065,26.730360612871923,0.5362876016103711,-1.6163334019723261,0.0,0.0,0.0,0.01747991432271424,0.01745965928099859,0.0,0.0,0.0,0.0,"[0,0,0,0,0,0]","[0.05, 0.05, 0.8, 0.05, 0.05, 0.05, 0.95, 0.95, 0.95, 0.95, 0.95, 0.95]"
2,71,INSERTION,8,1,1,0,112.05000000000001,112.05000000000001,444.59999999999997,18.675,18.675,13.695,4.26,4.26,5.324999999999999,1.4909999999999999,1.4909999999999999,1.065,24.243244175244175,0.7716630796465455,-3.912147068945808,0.0,0.0,0.0,0.01748224514952314,0.0174594859591969,0.0,0.0,0.0,0.0,"[0,0,0,0,0,0]","[0.05, 0.05, 0.8, 0.05, 0.05, 0.05, 0.95, 0.95, 0.95, 0.95, 0.95, 0.95]"
2,72,INSERTION,8,1,1,0,112.05000000000001,112.05000000000001,444.59999999999997,18.675,18.675,13.695,4.26,4.26,5.324999999999999,1.4909999999999999,1.4909999999999999,1.065,23.183372634126158,0.8943045495712096,-4.756384153442985,0.0,0.0,0.0,0.01748636164096814,0.01746074377831045,0.0,0.0,0.0,0.0,"[0,0,0,0,0,0]","[0.05, 0.05, 0.8, 0.05, 0.05, 0.05, 0.95, 0.95, 0.95, 0.95, 0.95, 0.95]"
2,73,INSERTION,8,1,1,0,112.05000000000001,112.05000000000001,444.59999999999997,18.675,18.675,13.695,4.26,4.26,5.324999999999999,1.4909999999999999,1.4909999999999999,1.065,22.803287244194795,0.947346927593578,-4.632250410050599,0.0,0.0,0.0,0.01749093698001067,0.017462235622390094,0.0,0.0,0.0,0.0,"[0,0,0,0,0,0]","[0.05, 0.05, 0.8, 0.05, 0.05, 0.05, 0.95, 0.95, 0.95, 0.95, 0.95, 0.95]"
2,74,INSERTION,8,1,1,0,112.05000000000001,112.05000000000001,444.59999999999997,18.675,18.675,13.695,4.26,4.26,5.324999999999999,1.4909999999999999,1.4909999999999999,1.065,22.530691031665274,0.9744430733239571,-3.8028186528210703,0.0,0.0,0.0,0.0174951557550552,0.01746333677657845,0.0,0.0,0.0,0.0,"[0,0,0,0,0,0]","[0.05, 0.05, 0.8, 0.05, 0.05, 0.05, 0.95, 0.95, 0.95, 0.95, 0.95, 0.95]"
2,75,INSERTION,8,1,1,0,112.05000000000001,112.05000000000001,444.59999999999997,18.675,18.675,13.695,4.26,4.26,5.324999999999999,1.4909999999999999,1.4909999999999999,1.065,22.16574255058301,0.9792830561981827,-2.08919198645808,0.0,0.0,0.0,0.017498304871115408,0.017463481838384167,0.0,0.0,0.0,0.0,"[0,0,0,0,0,0]","[0.05, 0.05, 0.8, 0.05, 0.05, 0.05, 0.95, 0.95, 0.95, 0.95, 0.95, 0.95]"
2,76,INSERTION,8,1,1,0,112.05000000000001,112.05000000000001,444.59999999999997,18.675,18.675,13.695,4.26,4.26,5.324999999999999,1.4909999999999999,1.4909999999999999,1.065,21.611630200361443,0.9433996661516164,1.0528889626192426,0.0,0.0,0.0,0.01749937122601889,0.017461787319773665,0.0,0.0,0.0,0.0,"[0,0,0,0,0,0]","[0.05, 0.05, 0.8, 0.05, 0.05, 0.05, 0.95, 0.95, 0.95, 0.95, 0.95, 0.95]"
2,77,INSERTION,8,1,1,0,112.05000000000001,112.05000000000001,444.59999999999997,18.675,18.675,13.695,4.26,4.26,5.324999999999999,1.4909999999999999,1.4909999999999999,1.065,20.69076578595127,0.8177970711148035,6.153757870366524,0.0,0.0,0.0,0.017496669883386582,0.017456709540248378,0.0,0.0,0.0,0.0,"[0,0,0,0,0,0]","[0.05, 0.05, 0.8, 0.05, 0.05, 0.05, 0.95, 0.95, 0.95, 0.95, 0.95, 0.95]"
2,78,INSERTION,8,1,1,0,112.05000000000001,112.05000000000001,444.59999999999997,18.675,18.675,13.695,4.26,4.26,5.324999999999999,1.4909999999999999,1.4909999999999999,1.065,19.371511632442335,0.5639655110788047,10.919049789313267,0.0,0.0,0.0,0.01748869732444477,0.017446894052353737,0.0,0.0,0.0,0.0,"[0,0,0,0,0,0]","[0.05, 0.05, 0.8, 0.05, 0.05, 0.05, 0.95, 0.95, 0.95, 0.95, 0.95, 0.95]"
2,79,INSERTION,8,1,1,0,112.05000000000001,112.05000000000001,444.59999999999997,18.675,18.675,13.695,4.26,4.26,5.324999999999999,1.4909999999999999,1.4909999999999999,1.065,18.20916578931669,0.3333144878960411,12.742049054504067,0.0,0.0,0.0,0.0174753148944384,0.017432230906702685,0.0,0.0,0.0,0.0,"[0,0,0,0,0,0]","[0.05, 0.05, 0.8, 0.05, 0.05, 0.05, 0.95, 0.95, 0.95, 0.95, 0.95, 0.95]"
