mode,episode,success,insertion_time_s,peak_contact_force_N,rms_contact_force_N,peak_torque_Nm,jam,target_translation_displacement_m,target_rotation_displacement_deg,target_peak_linear_velocity_mps,target_peak_angular_velocity_dps,relative_final_position_error_m,relative_final_orientation_error_deg,final_insertion_depth_m,final_stage,contact_steps,target_final_linear_velocity_mps,target_final_angular_velocity_dps
fixed,20260824,1,1.2,6.0240650049968805,0.5605197111572177,0.12192255387643323,0,0.0,0.0,0.0,0.0,0.00022686764549986326,0.10953587744935588,0.03002068900003514,SUCCESS,3,0.0,0.0
fixed,20260825,1,1.2,6.0240650049968805,0.5605197111572177,0.12192255387643323,0,0.0,0.0,0.0,0.0,0.00022686764549986326,0.10953587744935588,0.03002068900003514,SUCCESS,3,0.0,0.0
fixed,20260826,1,1.2,6.0240650049968805,0.5605197111572177,0.12192255387643323,0,0.0,0.0,0.0,0.0,0.00022686764549986326,0.10953587744935588,0.03002068900003514,SUCCESS,3,0.0,0.0
fixed,20260827,1,1.2,6.0240650049968805,0.5605197111572177,0.12192255387643323,0,0.0,0.0,0.0,0.0,0.00022686764549986326,0.10953587744935588,0.03002068900003514,SUCCESS,3,0.0,0.0
fixed,20260828,1,1.2,6.0240650049968805,0.5605197111572177,0.12192255387643323,0,0.0,0.0,0.0,0.0,0.00022686764549986326,0.10953587744935588,0.03002068900003514,SUCCESS,3,0.0,0.0
fixed,20260829,1,1.2,6.0240650049968805,0.5605197111572177,0.12192255387643323,0,0.0,0.0,0.0,0.0,0.00022686764549986326,0.10953587744935588,0.03002068900003514,SUCCESS,3,0.0,0.0
fixed,20260830,1,1.2,6.0240650049968805,0.5605197111572177,0.12192255387643323,0,0.0,0.0,0.0,0.0,0.00022686764549986326,0.10953587744935588,0.03002068900003514,SUCCESS,3,0.0,0.0
fixed,20260831,1,1.2,6.0240650049968805,0.5605197111572177,0.12192255387643323,0,0.0,0.0,0.0,0.0,0.00022686764549986326,0.10953587744935588,0.03002068900003514,SUCCESS,3,0.0,0.0
fixed,20260832,1,1.2,6.0240650049968805,0.5605197111572177,0.12192255387643323,0,0.0,0.0,0.0,0.0,0.00022686764549986326,0.10953587744935588,0.03002068900003514,SUCCESS,3,0.0,0.0
fixed,20260833,1,1.2,6.0240650049968805,0.5605197111572177,0.12192255387643323,0,0.0,0.0,0.0,0.0,0.00022686764549986326,0.10953587744935588,0.03002068900003514,SUCCESS,3,0.0,0.0
fixed,20260834,1,1.2,6.0240650049968805,0.5605197111572177,0.12192255387643323,0,0.0,0.0,0.0,0.0,0.00022686764549986326,0.10953587744935588,0.03002068900003514,SUCCESS,3,0.0,0.0
fixed,20260835,1,1.2,6.0240650049968805,0.5605197111572177,0.12192255387643323,0,0.0,0.0,0.0,0.0,0.00022686764549986326,0.10953587744935588,0.03002068900003514,SUCCESS,3,0.0,0.0
fixed,20260836,1,1.2,6.0240650049968805,0.5605197111572177,0.12192255387643323,0,0.0,0.0,0.0,0.0,0.00022686764549986326,0.10953587744935588,0.03002068900003514,SUCCESS,3,0.0,0.0
fixed,20260837,1,1.2,6.0240650049968805,0.5605197111572177,0.12192255387643323,0,0.0,0.0,0.0,0.0,0.00022686764549986326,0.10953587744935588,0.03002068900003514,SUCCESS,3,0.0,0.0
fixed,20260838,1,1.2,6.0240650049968805,0.5605197111572177,0.12192255387643323,0,0.0,0.0,0.0,0.0,0.00022686764549986326,0.10953587744935588,0.03002068900003514,SUCCESS,3,0.0,0.0
fixed,20260839,1,1.2,6.0240650049968805,0.5605197111572177,0.12192255387643323,0,0.0,0.0,0.0,0.0,0.00022686764549986326,0.10953587744935588,0.03002068900003514,SUCCESS,3,0.0,0.0
fixed,20260840,1,1.2,6.0240650049968805,0.5605197111572177,0.12192255387643323,0,0.0,0.0,0.0,0.0,0.00022686764549986326,0.10953587744935588,0.03002068900003514,SUCCESS,3,0.0,0.0
fixed,20260841,1,1.2,6.0240650049968805,0.5605197111572177,0.12192255387643323,0,0.0,0.0,0.0,0.0,0.00022686764549986326,0.10953587744935588,0.03002068900003514,SUCCESS,3,0.0,0.0
fixed,20260842,1,1.2,6.0240650049968805,0.5605197111572177,0.12192255387643323,0,0.0,0.0,0.0,0.0,0.00022686764549986326,0.10953587744935588,0.03002068900003514,SUCCESS,3,0.0,0.0
fixed,20260843,1,1.2,6.0240650049968805,0.5605197111572177,0.12192255387643323,0,0.0,0.0,0.0,0.0,0.00022686764549986326,0.10953587744935588,0.03002068900003514,SUCCESS,3,0.0,0.0
fixed,20260844,1,1.2,6.0240650049968805,0.5605197111572177,0.12192255387643323,0,0.0,0.0,0.0,0.0,0.00022686764549986326,0.10953587744935588,0.03002068900003514,SUCCESS,3,0.0,0.0
fixed,20260845,1,1.2,6.0240650049968805,0.5605197111572177,0.12192255387643323,0,0.0,0.0,0.0,0.0,0.00022686764549986326,0.10953587744935588,0.03002068900003514,SUCCESS,3,0.0,0.0
fixed,20260846,1,1.2,6.0240650049968805,0.5605197111572177,0.12192255387643323,0,0.0,0.0,0.0,0.0,0.00022686764549986326,0.10953587744935588,0.03002068900003514,SUCCESS,3,0.0,0.0
fixed,20260847,1,1.2,6.0240650049968805,0.5605197111572177,0.12192255387643323,0,0.0,0.0,0.0,0.0,0.00022686764549986326,0.10953587744935588,0.03002068900003514,SUCCESS,3,0.0,0.0
fixed,20260848,1,1.2,6.0240650049968805,0.5605197111572177,0.12192255387643323,0,0.0,0.0,0.0,0.0,0.00022686764549986326,0.10953587744935588,0.03002068900003514,SUCCESS,3,0.0,0.0
fixed,20260849,1,1.2,6.0240650049968805,0.5605197111572177,0.12192255387643323,0,0.0,0.0,0.0,0.0,0.00022686764549986326,0.10953587744935588,0.03002068900003514,SUCCESS,3,0.0,0.0
fixed,20260850,1,1.2,6.0240650049968805,0.5605197111572177,0.12192255387643323,0,0.0,0.0,0.0,0.0,0.00022686764549986326,0.10953587744935588,0.03002068900003514,SUCCESS,3,0.0,0.0
fixed,20260851,1,1.2,6.0240650049968805,0.5605197111572177,0.12192255387643323,0,0.0,0.0,0.0,0.0,0.00022686764549986326,0.10953587744935588,0.03002068900003514,SUCCESS,3,0.0,0.0
fixed,20260852,1,1.2,6.0240650049968805,0.5605197111572177,0.12192255387643323,0,0.0,0.0,0.0,0.0,0.00022686764549986326,0.10953587744935588,0.03002068900003514,SUCCESS,3,0.0,0.0
fixed,20260853,1,1.2,6.0240650049968805,0.5605197111572177,0.12192255387643323,0,0.0,0.0,0.0,0.0,0.00022686764549986326,0.10953587744935588,0.03002068900003514,SUCCESS,3,0.0,0.0
fixed,20260854,1,1.2,6.0240650049968805,0.5605197111572177,0.12192255387643323,0,0.0,0.0,0.0,0.0,0.00022686764549986326,0.10953587744935588,0.03002068900003514,SUCCESS,3,0.0,0.0
fixed,20260855,1,1.2,6.0240650049968805,0.5605197111572177,0.12192255387643323,0,0.0,0.0,0.0,0.0,0.00022686764549986326,0.10953587744935588,0.03002068900003514,SUCCESS,3,0.0,0.0
fixed,20260856,1,1.2,6.0240650049968805,0.5605197111572177,0.12192255387643323,0,0.0,0.0,0.0,0.0,0.00022686764549986326,0.10953587744935588,0.03002068900003514,SUCCESS,3,0.0,0.0
fixed,20260857,1,1.2,6.0240650049968805,0.5605197111572177,0.12192255387643323,0,0.0,0.0,0.0,0.0,0.00022686764549986326,0.10953587744935588,0.03002068900003514,SUCCESS,3,0.0,0.0
fixed,20260858,1,1.2,6.0240650049968805,0.5605197111572177,0.12192255387643323,0,0.0,0.0,0.0,0.0,0.00022686764549986326,0.10953587744935588,0.03002068900003514,SUCCESS,3,0.0,0.0
fixed,20260859,1,1.2,6.0240650049968805,0.5605197111572177,0.12192255387643323,0,0.0,0.0,0.0,0.0,0.00022686764549986326,0.10953587744935588,0.03002068900003514,SUCCESS,3,0.0,0.0
fixed,20260860,1,1.2,6.0240650049968805,0.5605197111572177,0.12192255387643323,0,0.0,0.0,0.0,0.0,0.00022686764549986326,0.10953587744935588,0.03002068900003514,SUCCESS,3,0.0,0.0
fixed,20260861,1,1.2,6.0240650049968805,0.5605197111572177,0.12192255387643323,0,0.0,0.0,0.0,0.0,0.00022686764549986326,0.10953587744935588,0.03002068900003514,SUCCESS,3,0.0,0.0
fixed,20260862,1,1.2,6.0240650049968805,0.5605197111572177,0.12192255387643323,0,0.0,0.0,0.0,0.0,0.00022686764549986326,0.10953587744935588,0.03002068900003514,SUCCESS,3,0.0,0.0
fixed,20260863,1,1.2,6.0240650049968805,0.5605197111572177,0.12192255387643323,0,0.0,0.0,0.0,0.0,0.00022686764549986326,0.10953587744935588,0.03002068900003514,SUCCESS,3,0.0,0.0
fixed,20260864,1,1.2,6.0240650049968805,0.5605197111572177,0.12192255387643323,0,0.0,0.0,0.0,0.0,0.00022686764549986326,0.10953587744935588,0.03002068900003514,SUCCESS,3,0.0,0.0
fixed,20260865,1,1.2,6.0240650049968805,0.5605197111572177,0.12192255387643323,0,0.0,0.0,0.0,0.0,0.00022686764549986326,0.10953587744935588,0.03002068900003514,SUCCESS,3,0.0,0.0
fixed,20260866,1,1.2,6.0240650049968805,0.5605197111572177,0.12192255387643323,0,0.0,0.0,0.0,0.0,0.00022686764549986326,0.10953587744935588,0.03002068900003514,SUCCESS,3,0.0,0.0
fixed,20260867,1,1.2,6.0240650049968805,0.5605197111572177,0.12192255387643323,0,0.0,0.0,0.0,0.0,0.00022686764549986326,0.10953587744935588,0.03002068900003514,SUCCESS,3,0.0,0.0
fixed,20260868,1,1.2,6.0240650049968805,0.5605197111572177,0.12192255387643323,0,0.0,0.0,0.0,0.0,0.00022686764549986326,0.10953587744935588,0.03002068900003514,SUCCESS,3,0.0,0.0
fixed,20260869,1,1.2,6.0240650049968805,0.5605197111572177,0.12192255387643323,0,0.0,0.0,0.0,0.0,0.00022686764549986326,0.10953587744935588,0.03002068900003514,SUCCESS,3,0.0,0.0
fixed,20260870,1,1.2,6.0240650049968805,0.5605197111572177,0.12192255387643323,0,0.0,0.0,0.0,0.0,0.00022686764549986326,0.10953587744935588,0.03002068900003514,SUCCESS,3,0.0,0.0
fixed,20260871,1,1.2,6.0240650049968805,0.5605197111572177,0.12192255387643323,0,0.0,0.0,0.0,0.0,0.00022686764549986326,0.10953587744935588,0.03002068900003514,SUCCESS,3,0.0,0.0
fixed,20260872,1,1.2,6.0240650049968805,0.5605197111572177,0.12192255387643323,0,0.0,0.0,0.0,0.0,0.00022686764549986326,0.10953587744935588,0.03002068900003514,SUCCESS,3,0.0,0.0
fixed,20260873,1,1.2,6.0240650049968805,0.5605197111572177,0.12192255387643323,0,0.0,0.0,0.0,0.0,0.00022686764549986326,0.10953587744935588,0.03002068900003514,SUCCESS,3,0.0,0.0
fixed,20260874,1,1.2,6.0240650049968805,0.5605197111572177,0.12192255387643323,0,0.0,0.0,0.0,0.0,0.00022686764549986326,0.10953587744935588,0.03002068900003514,SUCCESS,3,0.0,0.0
fixed,20260875,1,1.2,6.0240650049968805,0.5605197111572177,0.12192255387643323,0,0.0,0.0,0.0,0.0,0.00022686764549986326,0.10953587744935588,0.03002068900003514,SUCCESS,3,0.0,0.0
fixed,20260876,1,1.2,6.0240650049968805,0.5605197111572177,0.12192255387643323,0,0.0,0.0,0.0,0.0,0.00022686764549986326,0.10953587744935588,0.03002068900003514,SUCCESS,3,0.0,0.0
fixed,20260877,1,1.2,6.0240650049968805,0.5605197111572177,0.12192255387643323,0,0.0,0.0,0.0,0.0,0.00022686764549986326,0.10953587744935588,0.03002068900003514,SUCCESS,3,0.0,0.0
fixed,20260878,1,1.2,6.0240650049968805,0.5605197111572177,0.12192255387643323,0,0.0,0.0,0.0,0.0,0.00022686764549986326,0.10953587744935588,0.03002068900003514,SUCCESS,3,0.0,0.0
fixed,20260879,1,1.2,6.0240650049968805,0.5605197111572177,0.12192255387643323,0,0.0,0.0,0.0,0.0,0.00022686764549986326,0.10953587744935588,0.03002068900003514,SUCCESS,3,0.0,0.0
fixed,20260880,1,1.2,6.0240650049968805,0.5605197111572177,0.12192255387643323,0,0.0,0.0,0.0,0.0,0.00022686764549986326,0.10953587744935588,0.03002068900003514,SUCCESS,3,0.0,0.0
fixed,20260881,1,1.2,6.0240650049968805,0.5605197111572177,0.12192255387643323,0,0.0,0.0,0.0,0.0,0.00022686764549986326,0.10953587744935588,0.03002068900003514,SUCCESS,3,0.0,0.0
fixed,20260882,1,1.2,6.0240650049968805,0.5605197111572177,0.12192255387643323,0,0.0,0.0,0.0,0.0,0.00022686764549986326,0.10953587744935588,0.03002068900003514,SUCCESS,3,0.0,0.0
fixed,20260883,1,1.2,6.0240650049968805,0.5605197111572177,0.12192255387643323,0,0.0,0.0,0.0,0.0,0.00022686764549986326,0.10953587744935588,0.03002068900003514,SUCCESS,3,0.0,0.0
fixed,20260884,1,1.2,6.0240650049968805,0.5605197111572177,0.12192255387643323,0,0.0,0.0,0.0,0.0,0.00022686764549986326,0.10953587744935588,0.03002068900003514,SUCCESS,3,0.0,0.0
fixed,20260885,1,1.2,6.0240650049968805,0.5605197111572177,0.12192255387643323,0,0.0,0.0,0.0,0.0,0.00022686764549986326,0.10953587744935588,0.03002068900003514,SUCCESS,3,0.0,0.0
fixed,20260886,1,1.2,6.0240650049968805,0.5605197111572177,0.12192255387643323,0,0.0,0.0,0.0,0.0,0.00022686764549986326,0.10953587744935588,0.03002068900003514,SUCCESS,3,0.0,0.0
fixed,20260887,1,1.2,6.0240650049968805,0.5605197111572177,0.12192255387643323,0,0.0,0.0,0.0,0.0,0.00022686764549986326,0.10953587744935588,0.03002068900003514,SUCCESS,3,0.0,0.0
fixed,20260888,1,1.2,6.0240650049968805,0.5605197111572177,0.12192255387643323,0,0.0,0.0,0.0,0.0,0.00022686764549986326,0.10953587744935588,0.03002068900003514,SUCCESS,3,0.0,0.0
fixed,20260889,1,1.2,6.0240650049968805,0.5605197111572177,0.12192255387643323,0,0.0,0.0,0.0,0.0,0.00022686764549986326,0.10953587744935588,0.03002068900003514,SUCCESS,3,0.0,0.0
fixed,20260890,1,1.2,6.0240650049968805,0.5605197111572177,0.12192255387643323,0,0.0,0.0,0.0,0.0,0.00022686764549986326,0.10953587744935588,0.03002068900003514,SUCCESS,3,0.0,0.0
fixed,20260891,1,1.2,6.0240650049968805,0.5605197111572177,0.12192255387643323,0,0.0,0.0,0.0,0.0,0.00022686764549986326,0.10953587744935588,0.03002068900003514,SUCCESS,3,0.0,0.0
fixed,20260892,1,1.2,6.0240650049968805,0.5605197111572177,0.12192255387643323,0,0.0,0.0,0.0,0.0,0.00022686764549986326,0.10953587744935588,0.03002068900003514,SUCCESS,3,0.0,0.0
fixed,20260893,1,1.2,6.0240650049968805,0.5605197111572177,0.12192255387643323,0,0.0,0.0,0.0,0.0,0.00022686764549986326,0.10953587744935588,0.03002068900003514,SUCCESS,3,0.0,0.0
fixed,20260894,1,1.2,6.0240650049968805,0.5605197111572177,0.12192255387643323,0,0.0,0.0,0.0,0.0,0.00022686764549986326,0.10953587744935588,0.03002068900003514,SUCCESS,3,0.0,0.0
fixed,20260895,1,1.2,6.0240650049968805,0.5605197111572177,0.12192255387643323,0,0.0,0.0,0.0,0.0,0.00022686764549986326,0.10953587744935588,0.03002068900003514,SUCCESS,3,0.0,0.0
fixed,20260896,1,1.2,6.0240650049968805,0.5605197111572177,0.12192255387643323,0,0.0,0.0,0.0,0.0,0.00022686764549986326,0.10953587744935588,0.03002068900003514,SUCCESS,3,0.0,0.0
fixed,20260897,1,1.2,6.0240650049968805,0.5605197111572177,0.12192255387643323,0,0.0,0.0,0.0,0.0,0.00022686764549986326,0.10953587744935588,0.03002068900003514,SUCCESS,3,0.0,0.0
fixed,20260898,1,1.2,6.0240650049968805,0.5605197111572177,0.12192255387643323,0,0.0,0.0,0.0,0.0,0.00022686764549986326,0.10953587744935588,0.03002068900003514,SUCCESS,3,0.0,0.0
fixed,20260899,1,1.2,6.0240650049968805,0.5605197111572177,0.12192255387643323,0,0.0,0.0,0.0,0.0,0.00022686764549986326,0.10953587744935588,0.03002068900003514,SUCCESS,3,0.0,0.0
fixed,20260900,1,1.2,6.0240650049968805,0.5605197111572177,0.12192255387643323,0,0.0,0.0,0.0,0.0,0.00022686764549986326,0.10953587744935588,0.03002068900003514,SUCCESS,3,0.0,0.0
fixed,20260901,1,1.2,6.0240650049968805,0.5605197111572177,0.12192255387643323,0,0.0,0.0,0.0,0.0,0.00022686764549986326,0.10953587744935588,0.03002068900003514,SUCCESS,3,0.0,0.0
fixed,20260902,1,1.2,6.0240650049968805,0.5605197111572177,0.12192255387643323,0,0.0,0.0,0.0,0.0,0.00022686764549986326,0.10953587744935588,0.03002068900003514,SUCCESS,3,0.0,0.0
fixed,20260903,1,1.2,6.0240650049968805,0.5605197111572177,0.12192255387643323,0,0.0,0.0,0.0,0.0,0.00022686764549986326,0.10953587744935588,0.03002068900003514,SUCCESS,3,0.0,0.0
fixed,20260904,1,1.2,6.0240650049968805,0.5605197111572177,0.12192255387643323,0,0.0,0.0,0.0,0.0,0.00022686764549986326,0.10953587744935588,0.03002068900003514,SUCCESS,3,0.0,0.0
fixed,20260905,1,1.2,6.0240650049968805,0.5605197111572177,0.12192255387643323,0,0.0,0.0,0.0,0.0,0.00022686764549986326,0.10953587744935588,0.03002068900003514,SUCCESS,3,0.0,0.0
fixed,20260906,1,1.2,6.0240650049968805,0.5605197111572177,0.12192255387643323,0,0.0,0.0,0.0,0.0,0.00022686764549986326,0.10953587744935588,0.03002068900003514,SUCCESS,3,0.0,0.0
fixed,20260907,1,1.2,6.0240650049968805,0.5605197111572177,0.12192255387643323,0,0.0,0.0,0.0,0.0,0.00022686764549986326,0.10953587744935588,0.03002068900003514,SUCCESS,3,0.0,0.0
fixed,20260908,1,1.2,6.0240650049968805,0.5605197111572177,0.12192255387643323,0,0.0,0.0,0.0,0.0,0.00022686764549986326,0.10953587744935588,0.03002068900003514,SUCCESS,3,0.0,0.0
fixed,20260909,1,1.2,6.0240650049968805,0.5605197111572177,0.12192255387643323,0,0.0,0.0,0.0,0.0,0.00022686764549986326,0.10953587744935588,0.03002068900003514,SUCCESS,3,0.0,0.0
fixed,20260910,1,1.2,6.0240650049968805,0.5605197111572177,0.12192255387643323,0,0.0,0.0,0.0,0.0,0.00022686764549986326,0.10953587744935588,0.03002068900003514,SUCCESS,3,0.0,0.0
fixed,20260911,1,1.2,6.0240650049968805,0.5605197111572177,0.12192255387643323,0,0.0,0.0,0.0,0.0,0.00022686764549986326,0.10953587744935588,0.03002068900003514,SUCCESS,3,0.0,0.0
fixed,20260912,1,1.2,6.0240650049968805,0.5605197111572177,0.12192255387643323,0,0.0,0.0,0.0,0.0,0.00022686764549986326,0.10953587744935588,0.03002068900003514,SUCCESS,3,0.0,0.0
fixed,20260913,1,1.2,6.0240650049968805,0.5605197111572177,0.12192255387643323,0,0.0,0.0,0.0,0.0,0.00022686764549986326,0.10953587744935588,0.03002068900003514,SUCCESS,3,0.0,0.0
fixed,20260914,1,1.2,6.0240650049968805,0.5605197111572177,0.12192255387643323,0,0.0,0.0,0.0,0.0,0.00022686764549986326,0.10953587744935588,0.03002068900003514,SUCCESS,3,0.0,0.0
fixed,20260915,1,1.2,6.0240650049968805,0.5605197111572177,0.12192255387643323,0,0.0,0.0,0.0,0.0,0.00022686764549986326,0.10953587744935588,0.03002068900003514,SUCCESS,3,0.0,0.0
fixed,20260916,1,1.2,6.0240650049968805,0.5605197111572177,0.12192255387643323,0,0.0,0.0,0.0,0.0,0.00022686764549986326,0.10953587744935588,0.03002068900003514,SUCCESS,3,0.0,0.0
fixed,20260917,1,1.2,6.0240650049968805,0.5605197111572177,0.12192255387643323,0,0.0,0.0,0.0,0.0,0.00022686764549986326,0.10953587744935588,0.03002068900003514,SUCCESS,3,0.0,0.0
fixed,20260918,1,1.2,6.0240650049968805,0.5605197111572177,0.12192255387643323,0,0.0,0.0,0.0,0.0,0.00022686764549986326,0.10953587744935588,0.03002068900003514,SUCCESS,3,0.0,0.0
fixed,20260919,1,1.2,6.0240650049968805,0.5605197111572177,0.12192255387643323,0,0.0,0.0,0.0,0.0,0.00022686764549986326,0.10953587744935588,0.03002068900003514,SUCCESS,3,0.0,0.0
fixed,20260920,1,1.2,6.0240650049968805,0.5605197111572177,0.12192255387643323,0,0.0,0.0,0.0,0.0,0.00022686764549986326,0.10953587744935588,0.03002068900003514,SUCCESS,3,0.0,0.0
fixed,20260921,1,1.2,6.0240650049968805,0.5605197111572177,0.12192255387643323,0,0.0,0.0,0.0,0.0,0.00022686764549986326,0.10953587744935588,0.03002068900003514,SUCCESS,3,0.0,0.0
fixed,20260922,1,1.2,6.0240650049968805,0.5605197111572177,0.12192255387643323,0,0.0,0.0,0.0,0.0,0.00022686764549986326,0.10953587744935588,0.03002068900003514,SUCCESS,3,0.0,0.0
fixed,20260923,1,1.2,6.0240650049968805,0.5605197111572177,0.12192255387643323,0,0.0,0.0,0.0,0.0,0.00022686764549986326,0.10953587744935588,0.03002068900003514,SUCCESS,3,0.0,0.0
floating_zero_velocity,20360824,0,9.6,14.13901695079606,1.5708296352545081,0.42461597282755603,1,0.3962430165232177,0.5372688891965178,0.06528989024633232,1.9442133259591325,0.005477423002506625,1.4840611552372338,0.0022648192902175283,INSERTION,71,0.010081546623598288,0.84289534612547
floating_zero_velocity,20360825,1,2.344,8.994069521063839,1.1475566296075814,0.1965010740241127,0,0.00919612210914105,0.11057325727733264,0.0337250136666835,1.9951014106504223,0.007799990308106195,3.005887347071306,0.030156514800456,SUCCESS,9,0.03332288189762912,0.20489293288484145
floating_zero_velocity,20360826,0,9.6,10.125741926532516,0.32476915831143544,0.2988975961011708,0,0.025182987736639576,0.03637595598769108,0.009721717581127488,1.316157140143383,0.0028704236107957603,0.7839662530996306,0.029850817992923145,INSERTION,2,0.00030625376771412235,4.0802928245336635e-131
floating_zero_velocity,20360827,0,9.6,23.373276988978933,1.5636565992323825,0.5581272612813614,0,0.10652563807604855,0.14645581581530961,0.03016924843321443,2.7578821553221466,0.008036222894197195,2.8351313040122887,0.029818286786766898,INSERTION,20,0.007772189065881131,0.5724531764613392
floating_zero_velocity,20360828,0,9.6,6.98922131916061,0.28148576864365016,0.19856115183146916,0,0.0280122568127562,0.04580018795855119,0.007951625164262779,1.10724184424204,0.0014035503112786525,0.9048522940366901,0.02985399983943755,INSERTION,2,0.0005817914904513088,5.214025948690184e-99
floating_zero_velocity,20360829,0,9.6,17.678729860156782,0.8128630876157389,0.37592665370607037,0,0.09255456756672975,0.11867380211352506,0.029261041274926538,2.570359562177064,0.002170518736569249,1.4870127610080686,0.029839930431065902,INSERTION,8,0.0026095121256273605,2.7223853825328035e-91
floating_zero_velocity,20360830,1,3.464,16.029502593670557,1.2300041267482393,0.2942286769464838,0,0.012498951946505812,0.04517207963898468,0.015230469049323556,2.3832115419857702,0.00565126896725545,1.363666507306651,0.03003947805743015,SUCCESS,8,0.013600295562623401,0.5243062923421817
floating_zero_velocity,20360831,0,9.6,5.7608853840052605,0.21000175851401792,0.1387210898338012,0,0.011980029235463657,0.019270772298264547,0.00444166549608962,0.44347901207060525,0.0021389590677199193,1.0983870257205053,0.029870114609705466,INSERTION,2,0.0001591795519757303,4.596793690101243e-126
floating_zero_velocity,20360832,1,2.024,7.393063272528646,0.5706595546754627,0.16577594436563553,0,0.006906694995196603,0.04452191072623703,0.009678975709830223,1.2176094055090105,0.004444560217843717,1.4098061031482148,0.030015484927230284,SUCCESS,3,0.009534928141899974,0.21535348536111504
floating_zero_velocity,20360833,1,1.12,17.121600255877638,1.5801669846471116,0.29798501499636876,0,0.007926719600360479,0.034673168924327154,0.012179074120768248,1.0781142955574172,0.0017704038499727296,1.2242671359126418,0.03002023498700891,SUCCESS,2,0.009242595008633215,1.7057212821953746e-11
floating_zero_velocity,20360834,0,9.6,23.606566376821114,1.5502328927696905,0.6418495527767273,1,0.29185777759321285,0.457043791560895,0.06407922492116107,1.9588790509950686,0.011791578835585906,4.028020997333262,0.0,INSERTION,66,0.018905256306150812,1.5305714109356015e-06
floating_zero_velocity,20360835,0,9.6,12.989172186660168,0.5293467801916079,0.31777319437133356,0,0.05578768381634128,0.04699651692994194,0.02086127918648499,2.781605325553968,0.004939352031112546,1.7894027135204686,0.02989613762735951,INSERTION,4,0.0008058277936546739,2.194709795068375e-122
floating_zero_velocity,20360836,0,9.6,17.6741809653807,1.6620379680601338,0.3897343586377631,1,0.2902853302523125,0.527975036495139,0.0647654617904125,2.348813204668692,0.00974940075492057,3.6307449766568807,0.018995075000654223,INSERTION,61,0.049853670174467256,0.0008259086211356993
floating_zero_velocity,20360837,1,1.176,9.396639680933777,1.0893474577178932,0.19046335581867707,0,0.005789686478131552,0.03518020508560653,0.008545536589242099,0.8542031907039607,0.0018126167557661799,0.8832066616784222,0.030001887394451515,SUCCESS,3,0.007648050008480671,1.7789549814439042e-05
floating_zero_velocity,20360838,1,7.288,20.97145892942733,2.0691307651831514,0.5114568060251427,1,0.06636172710905885,0.24885432697846263,0.06023195585147044,2.7193056072635167,0.007861408099905546,2.9507752788386767,0.03018347503713063,SUCCESS,38,0.058452489791154895,0.016802877483025634
floating_zero_velocity,20360839,0,9.6,7.9264857514056715,0.34189014062991385,0.18362907653097438,0,0.024627945214025906,0.03537106406417966,0.008643566253055476,0.9564498360723552,0.0011924326754361079,0.9204264143379847,0.029840724607066476,INSERTION,6,0.0003259681078627307,7.172089434707345e-125
floating_zero_velocity,20360840,1,1.752,9.859394591821879,0.7863230010138336,0.23975024381905577,0,0.0057949751201285225,0.0414503310466456,0.013529381753804377,1.5575506390395528,0.007637693522632808,2.6106440032970886,0.030002875503115183,SUCCESS,3,0.01328812120017955,0.1928400580287144
floating_zero_velocity,20360841,1,6.0,12.7836628522179,1.0936241464752594,0.30990334308848183,0,0.035456471466486575,0.14453143394127396,0.044449122319749346,2.392429459989211,0.007198572826991572,2.5939074582637174,0.030210741394590134,SUCCESS,11,0.04326549072778805,0.0680876017373036
floating_zero_velocity,20360842,1,1.12,11.605341878458718,1.3658421844652748,0.32117083374967087,0,0.005342772865421522,0.026191255756789725,0.008339142120198161,1.1765200971613887,0.007096150098659102,1.9606570655229931,0.03001638239946609,SUCCESS,4,0.0073440265588841465,0.39512749083710885
floating_zero_velocity,20360843,0,9.6,19.760559767856545,1.7987667528211604,0.5144706313989094,1,0.08023170566189629,0.0889228099360036,0.04267317308587782,2.633599193286517,0.003969979680998456,1.8832818535179514,0.029394139704449162,INSERTION,32,0.011613431147603475,6.702935060343495e-09
floating_zero_velocity,20360844,0,9.6,19.169848203857164,1.196174466381404,0.4563918635377646,0,0.03359955400673144,0.04694571218030277,0.023442763308500383,2.5576003064573243,0.0033313222177278104,0.8044310329368053,0.029748026041000335,INSERTION,12,0.0025041394911438967,1.1003514342710531e-10
floating_zero_velocity,20360845,1,4.016,15.00064022526583,1.2747877863603914,0.36558715529795566,0,0.02837049556715693,0.10316809562146707,0.0377668820732508,2.349627654274948,0.007723696688731879,2.8028467431401216,0.03033726509001394,SUCCESS,13,0.036982338248017534,0.07068458707069522
floating_zero_velocity,20360846,1,6.08,18.885344796294312,1.9356397226446795,0.48516615379469336,1,0.08640919761324649,0.1283294766527239,0.05006567050972851,2.7099044810816775,0.005505648958028729,1.3978119166949066,0.030016989755695733,SUCCESS,29,0.016982779812411086,0.6894088777565818
floating_zero_velocity,20360847,0,9.6,19.296491144993627,0.677765738863628,0.45706989927051084,0,0.039307538202691214,0.035064945697960447,0.01354698115643475,1.5574647415779244,0.0005143933155416768,0.4204511001340139,0.029824784788630734,INSERTION,5,0.0016063478802219701,6.533359117336152e-81
floating_zero_velocity,20360848,1,3.848,14.519623734324098,1.257786050315022,0.3443639443171788,0,0.045486325102708815,0.056942839149547744,0.026876485168701923,2.7435439799328494,0.007990126569079086,2.4934700418585414,0.030113893408396316,SUCCESS,10,0.013476627134573349,0.5420209854907817
floating_zero_velocity,20360849,0,9.6,21.074573882373045,1.1635600318269412,0.4654661552461392,0,0.07514017294579514,0.13271085092514165,0.02334837164537362,2.4912155398330467,0.0028190255894024268,0.6047132339204925,0.029656179222592196,INSERTION,10,0.015479764357713604,0.007242532433026398
floating_zero_velocity,20360850,1,3.744,9.944633868975629,0.6811695559999766,0.20577174593717484,0,0.015504401000451445,0.05325860504932808,0.014659653978685686,1.3684117042251245,0.006883787696457764,2.0401942096520322,0.030004860831126367,SUCCESS,4,0.014615757353774577,0.6723144326642491
floating_zero_velocity,20360851,0,9.6,13.34598808599955,1.5638365936894054,0.32091130661669726,1,0.3917943055494912,0.6122010908385632,0.06528532341268987,2.236181048881299,0.010379552818246169,3.6638845840830885,0.005437590638233247,INSERTION,88,0.03609019155194072,0.2563563605774258
floating_zero_velocity,20360852,1,1.232,18.311124903427196,2.0810456220515166,0.48017835022097416,0,0.008291215512126807,0.0519367281426471,0.012593461683004792,1.548410516940219,0.003387418375885004,1.7215918124362775,0.030002960101504866,SUCCESS,3,0.01113645395254718,1.3511726168265017e-05
floating_zero_velocity,20360853,1,5.296,16.885316906056385,0.9701618554881439,0.3454649264734082,0,0.029630841393593982,0.055326310844802266,0.02187379833740204,2.4269423078949544,0.00681889537384394,2.0484117866157154,0.030014597478197094,SUCCESS,8,0.021808299798187256,0.5832408886882835
floating_zero_velocity,20360854,1,4.336,4.9816654736604224,0.2825749801808863,0.0881071886410327,0,0.012356447725030766,0.023584046878330052,0.005953875777299223,0.5842218616589332,0.006811687226737967,1.849012504378477,0.030010875096065436,SUCCESS,3,0.0013533701255166643,4.11919039293561e-57
floating_zero_velocity,20360855,1,4.168,16.778642734899243,1.055596419763256,0.4088069747730798,0,0.025153910519139427,0.04925807063027741,0.016488166975825117,2.4090877335912837,0.007527068017176653,2.681830506403436,0.030144941666857824,SUCCESS,6,0.015903817606044385,0.526027505239791
floating_zero_velocity,20360856,1,6.104,17.715598007448197,1.3746307539427365,0.4324160160760059,0,0.026116448888783953,0.057981936629023074,0.021428400559624937,2.645557384928354,0.00590498959390251,2.1221957368620417,0.030011707549996863,SUCCESS,12,0.017039916412254785,0.3734324563121626
floating_zero_velocity,20360857,0,9.6,13.769802753733808,1.588591831032452,0.3172759633985121,1,0.43464368047440444,0.692702514742227,0.0655581548909474,2.125776092871794,0.009237371770076877,3.6466810576457105,0.022205294802576946,INSERTION,57,0.05307580901672841,0.030129769921089778
floating_zero_velocity,20360858,0,9.6,0.0,0.0,0.0,0,0.0,6.98852347001261e-17,0.0,0.0,0.007355885383416955,0.28939725110481723,0.0,CONTACT_SEARCH,0,0.0,0.0
floating_zero_velocity,20360859,0,9.6,0.0,0.0,0.0,0,0.0,1.6151254241806922e-16,0.0,0.0,0.007381280006194256,0.6963546036548682,0.0,CONTACT_SEARCH,0,0.0,0.0
floating_zero_velocity,20360860,1,4.464,12.40006887739591,1.2984946326966649,0.2485895611042014,0,0.030274701594131467,0.17385512326454236,0.04397896579936139,1.7231246487385479,0.007210225275644571,2.520074396519754,0.030419575827477476,SUCCESS,11,0.043715980356771295,0.4485339449157478
floating_zero_velocity,20360861,1,2.976,11.566424317687567,1.840925469883249,0.2808509267766436,0,0.02196355653056381,0.2169908981579228,0.05416203832051989,1.8268747006217954,0.007811272784302168,3.048338358202686,0.0301199754249917,SUCCESS,17,0.05271976238130072,0.03235064538944859
floating_zero_velocity,20360862,1,6.84,14.259486367406616,1.0315581327362822,0.35443965066514443,0,0.029081666414442736,0.08906236248450906,0.023427606668745,2.4850110364429194,0.00788099645559904,2.5218238003048485,0.030006718666958778,SUCCESS,9,0.017234381062117915,0.39311749077854047
floating_zero_velocity,20360863,0,9.6,12.222534404206872,1.5058520957193653,0.22303179146088029,1,0.4858687032691167,0.7023116848554839,0.06649908224099262,1.7993416994182934,0.011153287935781759,3.8879205213676524,0.00660358917309006,INSERTION,89,0.028118091541130825,0.006619468860817667
floating_zero_velocity,20360864,0,9.6,0.0,0.0,0.0,0,0.0,1.2424041724466862e-17,0.0,0.0,0.0061567115965607076,0.18086799035269657,0.0,CONTACT_SEARCH,0,0.0,0.0
floating_zero_velocity,20360865,0,9.6,13.983803762258962,1.6065668365898422,0.2446613849481337,1,0.42401050286019154,0.7006740250923186,0.06500911376870265,1.6893524622002232,0.009448203471756072,4.123595979464512,0.024352960682483087,INSERTION,67,0.05811826650312874,0.10389267311340604
floating_zero_velocity,20360866,0,9.6,15.811825790563447,0.7900676972024225,0.3851219239319904,0,0.06175212645667862,0.09766110049192832,0.025438488547140228,2.1893324127105367,0.0005653881897942781,0.516711819373827,0.02983868296819694,INSERTION,8,0.0028336671046534697,1.044431832577197e-68
floating_zero_velocity,20360867,0,9.6,13.95602268449478,0.6712760919022513,0.33766849913937524,0,0.055830789710413053,0.047076865263038635,0.01976849528278102,2.869873137348113,0.0009794835502186115,1.0401360139024396,0.029840899500779724,INSERTION,7,0.0011831085869459083,2.9868292711025815e-106
floating_zero_velocity,20360868,0,9.6,17.544520910946748,1.0576972809600986,0.45965246508024077,1,0.07267251084034354,0.11607185284964391,0.022343000825441484,1.9574681204204374,0.0048598295605800776,0.6138870392833639,0.02616836777886383,INSERTION,17,0.004915157100213846,0.008453212946350914
floating_zero_velocity,20360869,1,8.6,15.208947457172782,1.0207843391929539,0.36090239959946907,0,0.10073963597857788,0.19160533449362127,0.029535122134381555,2.5166643712732797,0.007950681412427017,2.4367238904061286,0.03003772886892114,SUCCESS,12,0.02067063189981444,3.9184932111803097e-14
floating_zero_velocity,20360870,1,6.5120000000000005,15.21450281421474,1.2879006083776294,0.3754820090686066,0,0.051235585690926136,0.1495614774783046,0.02610935023159829,2.5933197508348096,0.007605991608170169,2.6516773469930834,0.030816487395901437,SUCCESS,18,0.025490414820233443,0.03548375234090608
floating_zero_velocity,20360871,0,9.6,13.899740690462343,0.4958603881991474,0.33947532744179476,0,0.03020660982467258,0.07563555910286256,0.016203101970091532,2.812734817812459,0.0021614088352785803,1.1423458931513426,0.029812676893840772,INSERTION,3,0.007702011774283131,1.7129019837141738e-28
floating_zero_velocity,20360872,0,9.6,0.0,0.0,0.0,0,0.0,1.7393658414253607e-16,0.0,0.0,0.007264447304526961,0.5094475865909908,0.0,CONTACT_SEARCH,0,0.0,0.0
floating_zero_velocity,20360873,0,9.6,10.633072802275061,0.8944530230239767,0.2848624811898876,1,0.1692527441368283,0.28065469112516583,0.0431894154629042,1.835913490360078,0.0014640471113088536,0.7640415974308388,0.027136469868083945,INSERTION,19,0.01662957294048293,9.798713292781705e-12
floating_zero_velocity,20360874,0,9.6,9.140419552998415,0.2679456501049336,0.2622458102496182,0,0.02622691171641435,0.0327121500558572,0.010110951362858127,1.2620703617001108,0.003676588399559245,0.6748977407733727,0.02984939431674206,INSERTION,2,0.00031851541913341895,7.14215740439771e-131
floating_zero_velocity,20360875,1,2.248,14.567555912378245,1.5780367347873538,0.3467649623966706,0,0.015941310257904847,0.14414796416044207,0.03891557277752939,1.5110764011387905,0.0075714891517519286,2.697034015473374,0.030063175883534226,SUCCESS,10,0.037993059354870226,0.05704447320018988
floating_zero_velocity,20360876,0,9.6,20.589559547841176,1.6753873510668749,0.5061248117178906,1,0.1908853154574557,0.4334382622397199,0.06346734685579855,2.837541186234651,0.008684279551189975,3.931987991296848,0.030417144330891346,INSERTION,44,0.062335575462384864,0.09899101842445963
floating_zero_velocity,20360877,1,1.1520000000000001,9.429529450894577,0.9620708770484288,0.2096757609928427,0,0.0029094309804843337,0.025613646452196392,0.005967714648426568,0.667839722857373,0.0020034904127191485,1.1685368565872418,0.030014207028385944,SUCCESS,3,0.005739537693286199,0.010034622314806934
floating_zero_velocity,20360878,1,7.5680000000000005,20.233494815044875,0.9908282233325824,0.48100738256249476,0,0.037736704260213284,0.07612581188954633,0.022905778506757114,2.772084440282627,0.007396867246582054,2.336670471864398,0.03001728051776113,SUCCESS,6,0.022837189823226797,1.6363675455795808
floating_zero_velocity,20360879,1,7.728,21.94706047302528,1.7211599866140437,0.5068128334870877,1,0.060009161641996156,0.13168944725531237,0.02005596238897277,2.2246999330038633,0.007514625642366347,2.799178922574214,0.030004673188459546,SUCCESS,19,0.017452510292238405,0.040638766416931475
floating_zero_velocity,20360880,1,1.24,10.175596951530027,0.8173236154590261,0.12337400899238951,0,0.006239647742245713,0.033239453326756624,0.008328294790229755,1.1460066964672124,0.006585093780745358,2.291419989548155,0.03000824674602681,SUCCESS,1,0.0060061340694042165,2.0439565815338258e-13
floating_zero_velocity,20360881,0,9.6,8.330460658283567,0.34902922538321735,0.18874117172310517,0,0.030245163382850555,0.04966980295161602,0.01140190031678357,0.9677387354049608,0.003477817632615333,1.071121394048443,0.029864663461179105,INSERTION,3,0.0004053376659484742,1.845044985838771e-109
floating_zero_velocity,20360882,0,9.6,10.36998844636943,0.29935578105023497,0.29561529988552177,0,0.026437060656099527,0.041007524634474206,0.010223694088536584,1.6821722405022739,0.0017663362736238903,1.7935101883931992,0.029878374566127918,INSERTION,1,0.00032110265081870636,2.3036788984360185e-130
floating_zero_velocity,20360883,0,9.6,22.413018149265255,1.0374844565408559,0.5356851962670776,0,0.06285424939259807,0.08580997790863178,0.027464539007029755,2.2451615995110883,0.0018702073505586698,0.4093086129292226,0.029840915551710517,INSERTION,10,0.0012502282395034268,3.4147278381134576e-90
floating_zero_velocity,20360884,1,4.92,13.54339089051145,0.5895838782350824,0.2804628723291404,0,0.007364521868225024,0.02229163867067222,0.007595759082104796,0.9619759068706734,0.0062009239591985735,1.0381196403474613,0.030005116659265526,SUCCESS,3,0.0075730144669981184,0.47883582761023147
floating_zero_velocity,20360885,1,7.128,18.42318099496476,0.8544587435735266,0.4293701338808826,0,0.020493414976043428,0.06782153598198365,0.01664519093791206,2.448590924492948,0.005993026345183092,0.8976056991546977,0.030037823290094256,SUCCESS,6,0.013763921934976978,0.8303314223011866
floating_zero_velocity,20360886,0,9.6,5.157993661955625,0.2319869395811131,0.151690332422778,0,0.020513313667603127,0.03471175145922928,0.007905702104419808,0.9575177099453774,0.0003136945002261817,0.47369036851235746,0.029843619696195558,INSERTION,3,0.0002497935847526821,1.4578640032316004e-130
floating_zero_velocity,20360887,1,1.096,14.076823291536455,1.4171186873919368,0.34858148270662054,0,0.005776249368829767,0.02275180449800398,0.009195305914796725,0.7865650128411018,0.007200151720386977,1.9319620046587458,0.030003113463723582,SUCCESS,3,0.006704812300732239,0.11699167689195845
floating_zero_velocity,20360888,0,9.6,19.884046674213113,1.4662368490587092,0.5054657925974788,0,0.051595888289027655,0.046754775637383,0.032195025911167116,2.3088810143132092,0.0028887994956112084,1.7745608867087899,0.029669523242076067,INSERTION,18,0.014453360947312659,7.591431102993081e-25
floating_zero_velocity,20360889,1,7.968,12.978417022334613,0.8548161069780296,0.2986939114596174,0,0.07615328244532946,0.12140617596991868,0.0234480561768586,2.6715415687740554,0.007177980357038048,1.9317514299367586,0.030010389145706497,SUCCESS,11,0.019234460178256904,1.2495049054755383
floating_zero_velocity,20360890,1,5.76,14.646332348759454,0.9450116713044263,0.3417029000820974,0,0.03155706721200564,0.06720033338277538,0.01716795892086305,2.5381661564400257,0.007261012866966174,2.2542630210018397,0.03000689166952022,SUCCESS,7,0.007151864764704294,1.5347705196653052e-33
floating_zero_velocity,20360891,1,4.424,19.083012483072398,1.259069839153569,0.4480135450967625,0,0.0168431425731112,0.09270063139923751,0.024008592958588534,2.16524260884683,0.007662062148202074,2.913793797312259,0.030005233753830473,SUCCESS,5,0.022815289918244507,0.006669771982695298
floating_zero_velocity,20360892,0,9.6,0.0,0.0,0.0,0,0.0,4.891966429008827e-17,0.0,0.0,0.007005631218302884,0.271541020183286,0.0,CONTACT_SEARCH,0,0.0,0.0
floating_zero_velocity,20360893,1,4.48,12.252598132774397,0.7155793836709449,0.31097382963952014,0,0.0216228234392164,0.07900535120922927,0.01836263636978613,2.52829097827451,0.007892810441763952,2.8910793973928834,0.030032280213237766,SUCCESS,5,0.01819817549122816,0.42588197725823385
floating_zero_velocity,20360894,0,9.6,19.644192584730693,1.4690377820720069,0.48420020109113576,1,0.09370899021943137,0.18050988619904565,0.03152844257106656,2.2756176657480416,0.0009548542737617106,0.8345350132468404,0.01816925259280799,INSERTION,24,0.019659203089729613,2.2677569101178704e-13
floating_zero_velocity,20360895,0,9.6,11.424069711436534,1.0546446823442674,0.2635355023848924,1,0.13756783808238857,0.302210766799519,0.05278337464582094,2.0248359495721684,0.009188590469632427,3.576088865369949,0.0252238703253112,INSERTION,33,0.035108242069100654,0.22450211785225596
floating_zero_velocity,20360896,1,1.1440000000000001,6.048152226708876,0.7940113615868905,0.10594915025685152,0,0.004785504815603044,0.028062974055232615,0.007889926741690454,0.770920125471222,0.007666693346706234,1.928918535111042,0.03000133279643073,SUCCESS,3,0.007889926741690454,0.770920125471222
floating_zero_velocity,20360897,1,5.96,19.36984910892735,1.142738717323227,0.4786440023726141,0,0.04960342034903815,0.08367373470513473,0.01934279987198058,2.8670438813059125,0.0059907540046668884,1.1704790552134412,0.03001474822572447,SUCCESS,10,0.0038970824449057165,0.8282137404337628
floating_zero_velocity,20360898,0,9.6,6.048794858841759,0.32644882715429324,0.15404511198175716,0,0.03032855474901709,0.04039876285140282,0.010441668486417331,0.8515136277962437,0.005285677780180269,1.9360974157543365,0.02990534004599611,INSERTION,5,0.0004347414860370732,1.0075631535057933e-121
floating_zero_velocity,20360899,1,1.168,9.972307811593868,0.8253140667830479,0.10916098387290524,0,0.004605729695642222,0.02263580721187083,0.0067233130271726746,0.7631793925038697,0.00418284142107029,1.319730630122761,0.030015219488673982,SUCCESS,1,0.005011279330796291,2.5689589299255457e-12
floating_zero_velocity,20360900,0,9.6,18.689885883973574,1.1391244251791741,0.45192109251970836,0,0.05561707201657285,0.06325768630216493,0.023224911919336667,2.653987269225693,0.00615528591097128,1.42719162822341,0.02982465897462312,INSERTION,13,0.0034461130924419692,4.070037656061943e-18
floating_zero_velocity,20360901,1,5.872,17.139276489782862,1.3276957978440145,0.41919548250148403,0,0.03649787582365623,0.11513997889620922,0.02051835553611337,2.737190711330125,0.007832397059807985,2.627483266132537,0.03000390785444738,SUCCESS,12,0.01621745108657052,1.0284024779253741e-06
floating_zero_velocity,20360902,0,9.6,12.905743057788758,0.575664567036386,0.34282045376396497,0,0.020421225908550156,0.034098478337934474,0.008628101765003237,0.9971671825620614,0.0011868264870258285,0.5935985289562301,0.02981704540402581,INSERTION,4,0.00027404351802605664,8.557505263726546e-119
floating_zero_velocity,20360903,1,1.296,9.147194729080251,0.8736416645696435,0.1319395182835317,0,0.0028912540261762177,0.017285615348681317,0.005578241767599272,0.9233818430250993,0.007926091352550433,2.4191935773654274,0.030013382765689874,SUCCESS,3,0.0034990533586942807,5.437797388308402e-10
floating_zero_velocity,20360904,1,2.528,12.844740803519393,1.0309153506030961,0.2852776615399421,0,0.01060936440412008,0.051245938969468094,0.014302972177119972,1.8067887799358702,0.007837195012362153,2.7538537147243924,0.03000939747937235,SUCCESS,4,0.014260143594283984,1.2527484730710086
floating_zero_velocity,20360905,1,5.5360000000000005,19.314796085999497,1.186997725527629,0.4712368901983605,0,0.03372284505221234,0.04520822683307119,0.018432058130734598,2.4650845738575096,0.006873413634377923,1.6826803066897456,0.030026654084238557,SUCCESS,10,0.01640179150209559,1.1670707116852845
floating_zero_velocity,20360906,0,9.6,21.206744307233695,1.3054236234831402,0.5259934939580357,0,0.04098055111452063,0.12741304777886825,0.01291791790254533,1.8732016137340861,0.0017546780942043652,0.8811543979790891,0.02974878864023966,INSERTION,16,0.010451088475294776,3.5749554630958024e-06
floating_zero_velocity,20360907,0,9.6,21.388793831428142,1.9563980965883085,0.5314462458727962,1,0.1427955154391135,0.22192004649613054,0.06017988557107604,2.2765368699381767,0.0045398652863470595,1.3613516726768538,0.023183038453202392,INSERTION,45,0.013142021372881467,6.061334295728515e-27
floating_zero_velocity,20360908,0,9.6,19.417621193614835,1.7306757351499837,0.5074172823404837,1,0.33603486876781924,0.5002684746069653,0.0654225201317943,2.5147776153575596,0.010981939978957125,3.827601855189342,0.003439573762024594,INSERTION,90,0.02680807399179909,3.159695067844395e-08
floating_zero_velocity,20360909,1,1.184,15.741446796622691,1.5037640728610107,0.24559324376553782,0,0.006561077452395223,0.031911434250106195,0.010507916660549241,1.2171795714917573,0.0034981748878126595,1.5022248434675824,0.030008829981008425,SUCCESS,4,0.007997467016171224,0.00013104245930849824
floating_zero_velocity,20360910,1,1.6320000000000001,10.877051352461464,1.9127733757089291,0.28090820975649683,0,0.020921765760263077,0.18103822959199664,0.04662536688169966,2.1107587409575705,0.007692000023732742,2.8395791964554804,0.030090910189445385,SUCCESS,12,0.04593146383818408,0.10819915552948295
floating_zero_velocity,20360911,0,9.6,16.912999853948726,1.4365594867472005,0.4078068182196099,0,0.15614309397336762,0.40953778514264594,0.06310951692454507,2.3789190708197463,0.008782989077444623,3.4419557877206475,0.030281551737735665,INSERTION,39,0.05902740243210076,0.006535814348848486
floating_zero_velocity,20360912,0,9.6,22.88065380313899,1.653117881350648,0.574663264979261,0,0.05508888276553978,0.06377082375431611,0.031797802998890116,1.8568180161969952,0.002868694829888911,1.0883653527069534,0.02967837714420082,INSERTION,25,0.004538864097259855,7.748909171813231e-36
floating_zero_velocity,20360913,1,2.216,17.309499390361033,1.8142092459711159,0.45864735249314403,0,0.02778171022339756,0.06855211598500865,0.026360990025129035,2.5223461205591793,0.005868870372302202,1.617146043656004,0.030022468796891796,SUCCESS,9,0.009472738093548086,0.3938953960873703
floating_zero_velocity,20360914,0,9.6,12.175347260495299,1.392863034346171,0.30243608777180114,1,0.37766905190234346,0.5377946962762804,0.06540950487574662,2.0529380473417453,0.011073473801945101,3.635227415297061,0.0,INSERTION,73,0.017380770244149843,1.9550059458702195e-12
floating_zero_velocity,20360915,1,1.1440000000000001,9.888959926586553,0.981339680311028,0.15639903788935028,0,0.004938949122450146,0.02616435054407148,0.00776266337377332,0.7857965226453167,0.004442906691959241,1.0491495398613107,0.030010445957835665,SUCCESS,2,0.0060521817200293385,1.4868757744246296e-10
floating_zero_velocity,20360916,1,2.184,10.333582167777845,0.7273108389690528,0.2661443156973046,0,0.0041614832282704265,0.05741477609890303,0.017466908621032704,2.3707765498606896,0.005721590764040271,2.269771233347598,0.03000663460717377,SUCCESS,2,0.01720695697102864,0.4007359129954558
floating_zero_velocity,20360917,1,8.064,16.133738469347968,1.0767610908355163,0.32802127616004084,0,0.051573211359129824,0.12684562227106824,0.01768252894091266,2.6072060143631157,0.006092381761902588,1.131633448015084,0.030006208915259274,SUCCESS,12,0.005842896897477428,0.7730240289841566
floating_zero_velocity,20360918,0,9.6,19.631838263785006,1.1431633295553876,0.4885117308767969,0,0.0409804827968349,0.038527539073467225,0.0202437012905355,1.9880647487808445,0.0027499234140319624,0.7745262835270731,0.029795117729529388,INSERTION,11,0.01597352282985981,2.959039045260042e-11
floating_zero_velocity,20360919,1,3.2,19.762918118694916,1.539167013113792,0.40139282984168273,0,0.03894325128928652,0.10833935507390524,0.02414055416149396,2.0179046907783786,0.007349209791308238,2.6271876129356566,0.030004340494410957,SUCCESS,8,0.02371007155942129,0.15727202530666062
floating_zero_velocity,20360920,1,3.368,14.099212861591447,1.5997304803084147,0.29447425557389384,0,0.01531064190090649,0.12111183704764446,0.035633263745257104,2.519164399700725,0.007974428636667641,2.8846005910599724,0.03014383423123677,SUCCESS,14,0.03489304227317401,0.06473949075401884
floating_zero_velocity,20360921,0,9.6,18.88550749762017,0.89442487407101,0.4493572865382535,0,0.04192690128764952,0.08965661077386161,0.012969309642112412,2.1061126036304523,0.0011093116421773063,0.7326005346280182,0.02976082755808587,INSERTION,11,0.005348384352784307,1.3153128333472637e-05
floating_zero_velocity,20360922,1,4.184,17.945395756896676,1.4641278508002555,0.43415614470789265,0,0.015600643126610619,0.1148764505715467,0.036843298207488266,2.5141718453589967,0.007827303750292008,3.073285004432911,0.030493629236643224,SUCCESS,11,0.036403984503054945,0.2170774375939829
floating_zero_velocity,20360923,0,9.6,10.276805964587137,0.49087243693014865,0.2531669162515239,0,0.07022628430706829,0.07961395716361096,0.020980680790944523,2.207604631721629,0.000167257188115564,0.7025590627832418,0.029834465750262964,INSERTION,4,0.002480357372692959,1.088762306349567e-80
floating_random_velocity,20460824,0,9.6,0.0,0.0,0.0,0,0.030712877832599468,0.04441818998619929,0.011806106499855211,1.2261290981148416,0.006798814827118453,0.3135559976622679,0.0,CONTACT_SEARCH,0,0.0003239925032885017,3.846048632643003e-135
floating_random_velocity,20460825,1,1.072,10.0339891315685,0.866804639338856,0.13592425765809527,0,0.005794157277671497,0.04573795083003501,0.007453616340279563,1.2143497906628267,0.0036352210148408613,1.3268452584373007,0.03001496183418886,SUCCESS,1,0.005724746562756461,3.7226635952490055e-11
floating_random_velocity,20460826,1,1.08,11.749893545117567,1.012040759797552,0.3119857185104159,0,0.0131587475728167,0.08039070233767,0.01585920010443886,2.2856730223685005,0.0014967879072875327,0.4483270770555028,0.030036343926570213,SUCCESS,2,0.012144177722308077,7.571845048192999e-11
floating_random_velocity,20460827,1,1.544,12.337929894082647,1.9004850236149162,0.2657832266530167,0,0.03237497832249696,0.23367487684592736,0.056633132640062804,2.1152995479819987,0.007994815977685848,3.318296654305839,0.030434101671874058,SUCCESS,12,0.05529061545995177,0.0661936304428525
floating_random_velocity,20460828,0,9.6,19.59873382116206,1.466670567803954,0.4974017966174402,0,0.09497557683440883,0.13536136238356547,0.02528334441782879,2.9385394665846936,0.006834401675592453,2.098224482227287,0.029833920636335384,INSERTION,13,0.0032540064186100783,5.415696546426899e-34
floating_random_velocity,20460829,1,7.5360000000000005,14.878541005200786,0.9519306967368435,0.38367272927974067,0,0.08100424728082217,0.13233452471230245,0.026180363598764418,1.9173665254121104,0.007608483000203344,2.427044852677799,0.030031990340556907,SUCCESS,8,0.016985056522323187,1.2830274519001845
floating_random_velocity,20460830,1,1.064,9.103106237211788,0.8707975045587109,0.11182130961042927,0,0.010046744204035776,0.06043175519555763,0.012491298731391614,1.1720755048009235,0.0020808859605191197,0.9207183976151142,0.030095998410254395,SUCCESS,2,0.009738875203190228,7.208499631347686e-11
floating_random_velocity,20460831,1,1.296,13.806213672603288,1.5230532915687944,0.3775807006864314,0,0.017967049232486848,0.08490618195435227,0.02030506442715064,1.8887190907864209,0.007088853305532012,2.2304649339229443,0.030004971766110094,SUCCESS,4,0.013624836472076301,0.3011438290956748
floating_random_velocity,20460832,0,9.6,0.0,0.0,0.0,0,0.0266094568427926,0.02922894890144853,0.010228741282455158,0.8428717071042686,0.007054758238575808,0.18814184201254042,0.0,CONTACT_SEARCH,0,0.00028070520062085946,2.3028083792090893e-135
floating_random_velocity,20460833,0,9.6,20.01272609232962,0.638347195929786,0.5118928312330882,0,0.043149565491828634,0.03609392184636281,0.016395748550006896,1.6523580647781082,0.0014228364172755481,0.7531982632879411,0.029800891236138115,INSERTION,5,0.00126306842399654,2.4501235459588846e-77
floating_random_velocity,20460834,1,2.04,11.40789225877708,0.8473771554578802,0.3071829401426126,0,0.023141278946975534,0.08848771635020064,0.01957036940532749,2.969532647282093,0.007510079607250329,2.128934303326727,0.030004430692929445,SUCCESS,4,0.013015872586461833,5.583281431663718e-16
floating_random_velocity,20460835,1,0.968,11.277223241996394,1.156880037384218,0.3091448848683065,0,0.013721279849718793,0.05513960228589398,0.016373533140869482,1.1425620854842566,0.004257418132067324,0.9526364940311391,0.03000710572802767,SUCCESS,3,0.013154294487244677,2.585455879681066e-10
floating_random_velocity,20460836,1,2.088,13.766958487164825,1.3223541065779623,0.2894375760719583,0,0.0173985121823709,0.08754075983620006,0.021879970253563558,2.332802336198826,0.00626211808320648,1.4844362033755374,0.030004148184974624,SUCCESS,6,0.021749132396046787,0.7190332349159037
floating_random_velocity,20460837,0,9.6,0.0,0.0,0.0,0,0.03434254739699651,0.01971869290626541,0.013201360492988685,0.6188461695281564,0.0070783441314370595,0.20673268797102765,0.0,CONTACT_SEARCH,0,0.0003622821658427206,1.14347769506406e-135
floating_random_velocity,20460838,1,9.472,21.76112513279776,1.813197977948878,0.544228374264736,1,0.13065876971313237,0.20890744283319893,0.04941315792945947,2.852937921807404,0.007790527651769744,2.5109902480654434,0.03015002785607641,SUCCESS,33,0.019371983283473202,0.1393096792697879
floating_random_velocity,20460839,0,9.6,23.30149045830386,1.6241919393634838,0.5751656691932383,1,0.20673048394971444,0.3823052347614279,0.06291112441251369,2.6444024514508984,0.007451065888863115,2.6155413681107404,0.004269546385517849,INSERTION,65,0.029846206505148118,0.04194853129346996
floating_random_velocity,20460840,1,1.016,11.704518035989908,1.1262795477414966,0.27466066571986575,0,0.012351020898351108,0.02867819506947217,0.015750311126100487,0.7882968812378339,0.0009928806347429125,0.6257341604664182,0.030077147019496552,SUCCESS,2,0.01242796219621092,2.5750422633457527e-11
floating_random_velocity,20460841,0,9.6,12.103698625978625,0.5082635672520845,0.31100301645021167,0,0.028767801038552122,0.061263299303419595,0.008963354300044888,1.1131786189327677,0.005944517901825979,1.5187755209070959,0.02989424993515367,INSERTION,4,0.00040755753497332705,2.0379970776128763e-111
floating_random_velocity,20460842,1,0.976,9.642988941189857,0.9323709356873551,0.12490842933775173,0,0.009615218919379078,0.06787130706949607,0.014516719988427983,1.7339254769155479,0.0007789558994811955,0.7475159981980762,0.030082220275303644,SUCCESS,2,0.007288128274672044,1.0533514394028743e-09
floating_random_velocity,20460843,0,9.6,0.0,0.0,0.0,0,0.026311086988742453,0.03484536299984548,0.010114047169696883,1.1895729423423291,0.006724522465199558,0.24852922189293053,0.0,CONTACT_SEARCH,0,0.0002775576741517836,1.3608361052499212e-136
floating_random_velocity,20460844,0,9.6,0.0,0.0,0.0,0,0.014097421602836703,0.032536410335413886,0.005419083868454387,0.9845687945240743,0.006925956864147607,0.47535314897243525,0.0,CONTACT_SEARCH,0,0.0001487147814643549,2.2179330106914153e-135
floating_random_velocity,20460845,0,9.6,0.0,0.0,0.0,0,0.04417136647770863,0.026477790255909107,0.016979582952869283,0.8810853097717505,0.006727325731654835,0.3415745446561253,0.0,CONTACT_SEARCH,0,0.00046596713198905637,8.754663207997896e-136
floating_random_velocity,20460846,0,9.6,23.581551864738657,2.1157014150920532,0.5955613001234633,1,0.05269567037037561,0.135712321530832,0.04842025827817513,2.748761242849537,0.004101648620870551,1.7631290556089498,0.02935042253479068,INSERTION,48,0.0062221318217173145,4.964668239596684e-19
floating_random_velocity,20460847,0,9.6,17.195080428437173,1.5335369594707646,0.42962391738180183,1,0.09597926055719111,0.14700956311376176,0.03899658499343503,2.6973603440815794,0.004142670615424031,1.4647891585850759,0.02977732726952088,INSERTION,30,0.0042463687892498455,3.026068042244948e-15
floating_random_velocity,20460848,1,1.048,13.471163991817216,1.1909300079786185,0.1391994913096605,0,0.007494163024345125,0.05006932630477662,0.010836962934437247,1.6587514271206698,0.001998011437626428,0.8932608191875931,0.030003618463940698,SUCCESS,2,0.008398544036772874,1.4664026158855825e-10
floating_random_velocity,20460849,0,9.6,0.0,0.0,0.0,0,0.0256554739676268,0.03830734274208656,0.009862027896473089,1.1297529060274605,0.00746576327114354,0.5808465758451987,0.0,CONTACT_SEARCH,0,0.00027064156212029255,2.840602438211922e-135
floating_random_velocity,20460850,1,1.0,6.267276256933693,0.560562229770967,0.07345186684840459,0,0.011482115789048003,0.04559308221367603,0.013146297201424177,1.1188676893541112,0.005235881292050155,1.0111823704865601,0.03004876511594227,SUCCESS,1,0.009912350854594158,2.8992229622498336e-10
floating_random_velocity,20460851,1,0.992,7.849317241990637,0.8237079863112607,0.10908700889253993,0,0.008913684976132645,0.03646059773577461,0.010590525178140318,1.1376518327261944,0.002782516262976965,1.302520665580732,0.030063630795254547,SUCCESS,3,0.008217955982768496,4.4561462924949026e-10
floating_random_velocity,20460852,0,9.6,0.0,0.0,0.0,0,0.02747525910618296,0.02648500434052539,0.01056155782231555,0.9035575750940963,0.007354133778862154,0.5373579430171883,0.0,CONTACT_SEARCH,0,0.000289838615086205,1.759352554826407e-136
floating_random_velocity,20460853,0,9.6,0.0,0.0,0.0,0,0.03303411006124255,0.043774369962587004,0.012698393932235357,1.248500447910851,0.006806520177918276,0.4155425496617647,0.0,CONTACT_SEARCH,0,0.0003484793600581952,3.540810907903849e-135
floating_random_velocity,20460854,0,9.6,0.0,0.0,0.0,0,0.048477109371815305,0.031235687450238494,0.018634721212653613,1.047612444356069,0.0071752756629754055,0.1313000419906781,0.0,CONTACT_SEARCH,0,0.0005113887439389987,8.655679765388507e-136
floating_random_velocity,20460855,1,2.104,16.63253115234583,1.421061919911594,0.4129711996330342,0,0.01719604008036207,0.0788875954320441,0.016683362538872197,2.3951671591233605,0.007432636506120802,2.156173621243715,0.03008467588477731,SUCCESS,6,0.016533941703803078,0.19163373669412995
floating_random_velocity,20460856,0,9.6,0.0,0.0,0.0,0,0.03137473122972807,0.03724899255741311,0.012060524589113433,1.1875530916841546,0.007010616053244217,0.3875917724246352,0.0,CONTACT_SEARCH,0,0.00033097444552505933,1.963553345264764e-135
floating_random_velocity,20460857,1,9.056000000000001,17.218717353370383,1.0708087502680077,0.42638166294962104,0,0.038210396070260506,0.08173620964307275,0.01751837739900982,1.9922189266307533,0.006199912443941606,2.7804734035246885,0.030004567364308798,SUCCESS,9,0.01644915454091726,0.0008574879889366143
floating_random_velocity,20460858,1,1.1360000000000001,20.321198330370336,1.8418218051403,0.47886259311447915,0,0.00374497473220848,0.04167314396528885,0.01406614607064216,1.6186883429288021,0.007864902841411392,2.2516946780478064,0.030063737364582937,SUCCESS,4,0.014024026635974357,1.1219543622933799
floating_random_velocity,20460859,0,9.6,0.0,0.0,0.0,0,0.03380274880080899,0.03573814520240247,0.012993860572277935,0.9254305091818148,0.007052438462995806,0.2624417063682426,0.0,CONTACT_SEARCH,0,0.00035658778906032403,3.426648918950476e-135
floating_random_velocity,20460860,1,1.024,6.000644069841623,0.6031676114515424,0.0941478745505054,0,0.0072226802400736,0.037770237601415194,0.008308472272430418,1.471820742599654,0.004116159242788316,1.168136516462963,0.030004168991422244,SUCCESS,2,0.006497178162544831,1.0831862677381445e-10
floating_random_velocity,20460861,1,1.56,16.21381170683248,1.3265917006297325,0.3765939857198849,0,0.011691361213280554,0.036765396173575125,0.011338666129747843,1.2060156242491322,0.006945168496612388,2.013322183337898,0.030005085102958098,SUCCESS,4,0.002340151372816381,0.4128960262273733
floating_random_velocity,20460862,1,3.688,14.440988114719964,0.9741732964784079,0.4233030918685484,0,0.019364899463655785,0.07314218226219783,0.019064419500973772,1.3377476088781313,0.007998330486540783,2.5060105046477354,0.030000434656485744,SUCCESS,6,0.019064419500973772,1.3377476088781313
floating_random_velocity,20460863,1,1.192,15.456123879865247,1.4476704573169294,0.22000333995478732,0,0.011293614594411739,0.02332029376508694,0.014578107912454136,1.5922040923665377,0.004161183041238062,1.8211316280201835,0.030014374393433765,SUCCESS,2,0.009869200360447935,4.967434459831039e-12
floating_random_velocity,20460864,1,1.064,5.682905919849979,0.6914650871495146,0.117754450869927,0,0.009231398368553762,0.05231394564124133,0.011273339674962624,1.1478119830235747,0.007406746288437444,1.9106013188136768,0.030054285020836635,SUCCESS,2,0.007323519719532354,0.40803132615066195
floating_random_velocity,20460865,1,8.568,19.34927018343854,1.7950836100763357,0.45068384137705836,1,0.043479045305809094,0.11319323633709762,0.04490093879371629,2.57394953496234,0.004852896239036205,1.5643258503566426,0.030019841117234002,SUCCESS,24,0.004032141142811946,0.44358263684572247
floating_random_velocity,20460866,0,9.6,10.147877870913186,0.39667977787694786,0.23134694732935626,0,0.06697460279956258,0.07681361889051386,0.021113849023076305,2.107465253065704,0.003213886901076355,1.2893364606215865,0.02980706063266887,INSERTION,4,0.0009763655006939159,8.995754928794758e-116
floating_random_velocity,20460867,1,8.368,17.584983241276277,0.9050421181474257,0.4332012913678579,0,0.08026417101271595,0.09372265821708718,0.029423135686518012,2.496712236103455,0.007924491131279094,2.2380742633759576,0.03000677097575821,SUCCESS,7,0.015594552559531034,1.9693291898038194
floating_random_velocity,20460868,1,1.064,15.152695192877632,1.5408195540848098,0.31222361949844185,0,0.012975662777972371,0.07688533969466722,0.016074272129494575,1.4637584079173793,0.0018295163096193339,0.6823483697828774,0.030029834582894623,SUCCESS,3,0.010375677050077275,4.986739324883115e-05
floating_random_velocity,20460869,0,9.6,0.0,0.0,0.0,0,0.02133571639153539,0.050953387690681626,0.00820150235813485,1.5085561771518712,0.007408509222133275,0.4945162686548721,0.0,CONTACT_SEARCH,0,0.00022507210821545931,3.7348731695789893e-135
floating_random_velocity,20460870,0,9.6,0.0,0.0,0.0,0,0.02971894597981216,0.016768625647459918,0.011424036627680911,0.5569630508453647,0.006750594490876507,0.35965020396431246,0.0,CONTACT_SEARCH,0,0.0003135074399597573,5.734389710259274e-136
floating_random_velocity,20460871,0,9.6,0.0,0.0,0.0,0,0.012617443193262988,0.03473502166421893,0.00485017649298312,1.107829075976296,0.00717188694344647,0.38587688910966383,0.0,CONTACT_SEARCH,0,0.00013310237573851483,1.826256095561006e-135
floating_random_velocity,20460872,0,9.6,0.0,0.0,0.0,0,0.029884264848228197,0.034581203445698,0.011487585611191831,0.9515313978838864,0.007095500025373166,0.4847280207185996,0.0,CONTACT_SEARCH,0,0.0003152514013791634,3.012272678688576e-135
floating_random_velocity,20460873,1,5.04,18.451682015035857,0.8442972633583893,0.45047118320063867,0,0.022567068640794514,0.05870872926306472,0.019579359077197742,1.521933259192424,0.007987232171028825,2.3125956963339633,0.03003438367905178,SUCCESS,7,0.0194622784155915,0.5892274508592041
floating_random_velocity,20460874,0,9.6,0.0,0.0,0.0,0,0.031173613154621263,0.03944793084156567,0.011983214301660106,1.1008185666393562,0.0072701063226232165,0.31710865031706814,0.0,CONTACT_SEARCH,0,0.00032885283552922803,3.344263310043831e-135
floating_random_velocity,20460875,1,1.056,13.8931172933391,1.5209221863179738,0.26188299091345774,0,0.007129544824993731,0.05498960496623088,0.015613488943794345,1.8299442125193888,0.0071130468814472846,1.8146614314490659,0.03051889862712857,SUCCESS,5,0.011828085913498284,0.2570966971030886
floating_random_velocity,20460876,1,2.04,20.88999030088648,2.6136131527014315,0.42806943241456874,0,0.02304345595828134,0.14349810995097054,0.03927164216576606,3.0234845026448296,0.007791088369944414,2.758532849304286,0.030044564177931648,SUCCESS,11,0.03822588121684975,0.04047660198038898
floating_random_velocity,20460877,0,9.6,21.644642917303457,1.232244418138968,0.5636110983229494,0,0.03169875356472233,0.08988229844676554,0.01613180243790267,2.3832362615237668,0.0030638429059442317,1.041578635882146,0.029767802705317353,INSERTION,14,0.005522547880021196,1.2155033353952335e-20
floating_random_velocity,20460878,0,9.6,15.032820631308141,1.6221864746744228,0.40704064033879644,1,0.43274651476980885,0.6598868937867424,0.06583764538793825,2.256817819491664,0.010346168721651363,3.7413336824926877,0.010512330310508768,INSERTION,74,0.03576443399950265,0.0005667309526472218
floating_random_velocity,20460879,0,9.6,0.0,0.0,0.0,0,0.03539331686946088,0.045064356461085635,0.01360527888729635,1.4503809042428506,0.007023764661429042,0.30200398032570946,0.0,CONTACT_SEARCH,0,0.0003733668135796846,2.2162255265665337e-135
floating_random_velocity,20460880,1,1.024,9.821914173546075,0.8681427645433367,0.13921473785971394,0,0.008155086977146106,0.050386540294448424,0.012929632972050591,0.954316684432534,0.005865913910419782,1.4552224700949512,0.030062068452053208,SUCCESS,1,0.005669292220391739,1.4289771758623778e-10
floating_random_velocity,20460881,1,0.992,16.72894481188212,1.554275110321238,0.1917862685732522,0,0.01188488318511412,0.06500445545913032,0.01451159791158447,1.0901075822870099,0.0022153901209820883,1.0565040318642014,0.03007090283265745,SUCCESS,2,0.011227330184934546,1.0576736209679394e-09
floating_random_velocity,20460882,1,1.08,13.95564310810819,1.2011105187403852,0.15080860565917212,0,0.0074847482782110135,0.0557238069514018,0.013842037717158369,1.233685053056812,0.0015991157998135675,1.3698049910530496,0.0300468084251146,SUCCESS,1,0.0043441233077422935,4.3161991415287056e-11
floating_random_velocity,20460883,1,1.112,18.352972569715266,1.6453522226729929,0.26393588393275,0,0.02003362285569019,0.029911434941958116,0.024566093347787317,1.4814087718164068,0.002119612284194012,1.1993526682583906,0.030000411889559413,SUCCESS,3,0.018811478611385823,1.590289904767911e-11
floating_random_velocity,20460884,0,9.6,0.0,0.0,0.0,0,0.029667361371797953,0.05068257236726158,0.011404207376274133,1.4540468586075832,0.006961838096492056,0.27421867375874853,0.0,CONTACT_SEARCH,0,0.000312963269974362,4.043365291234862e-135
floating_random_velocity,20460885,1,6.168,13.150506493155266,1.154498781264061,0.3113164915911022,0,0.07089008639488321,0.12521715309131723,0.04113587421634044,2.744016248382139,0.005817110984328577,1.9520008181006052,0.03001841929480525,SUCCESS,14,0.0055315602927820924,0.38147928127591435
floating_random_velocity,20460886,1,1.056,12.774020936760946,1.361528649721824,0.19797395033157467,0,0.009544146771712541,0.08638994308073637,0.012336385008568788,1.684590165529377,0.004301657183555874,0.6806910522684468,0.03001944189320439,SUCCESS,4,0.011065955156279518,0.00649611072307641
floating_random_velocity,20460887,0,9.6,0.0,0.0,0.0,0,0.03619285709319349,0.05251779425057084,0.013912624134581764,1.5824836380583231,0.006773655125659799,0.29562719592741393,0.0,CONTACT_SEARCH,0,0.0003818012247077759,3.6349033579447064e-135
floating_random_velocity,20460888,1,1.0,14.221727577669188,1.3532936218446776,0.2983778438254521,0,0.007538652647063034,0.046166825784977765,0.011077403775626108,1.5106420916111416,0.0027572812127058797,1.0193975780334887,0.030097042404663,SUCCESS,2,0.006943910158845587,1.1275339745378493e-10
floating_random_velocity,20460889,1,1.0,4.451257769945284,0.42635288902553353,0.1197384968595655,0,0.014238724284366603,0.025211766586729252,0.01784373465863414,0.6748204151425475,0.0032449647524798223,0.7050317356278005,0.03013691733391295,SUCCESS,2,0.009387793122966415,5.9803199239880524e-05
floating_random_velocity,20460890,0,9.6,22.230209918996213,1.8898944842005554,0.5465844681820714,1,0.07373260251024166,0.18830273144432014,0.04662618879851962,2.9247243623890373,0.00134047045409013,0.8456136565813144,0.012064317742640145,INSERTION,38,0.020399846234301574,0.01301169134540113
floating_random_velocity,20460891,0,9.6,12.495018181987428,1.4618930955923122,0.2888849498082281,1,0.3753288361953298,0.6068494335473945,0.06437289618508765,2.1937971318451703,0.009846353733629586,3.7602581632270704,0.014798003352828226,INSERTION,61,0.04316006025565793,0.039951435539087095
floating_random_velocity,20460892,0,9.6,0.0,0.0,0.0,0,0.03514129552067359,0.03922950783277635,0.013508401255045899,1.1038255093989042,0.006781390235109623,0.26742009151729323,0.0,CONTACT_SEARCH,0,0.0003707082210465852,3.269475538161531e-135
floating_random_velocity,20460893,0,9.6,0.0,0.0,0.0,0,0.017391625880681244,0.02522607781463446,0.006685384172466614,0.750337311728808,0.007200626616017476,0.4011156242559244,0.0,CONTACT_SEARCH,0,0.00018346559498759002,1.82275806151371e-135
floating_random_velocity,20460894,1,1.056,15.714939685196745,1.8128957017035987,0.22774539161643761,0,0.018405798680357067,0.056805136098770165,0.027520454093632168,1.6874778668037875,0.004465756051753679,1.045057010252081,0.030014230964198235,SUCCESS,6,0.023739048117320118,0.22479777547097354
floating_random_velocity,20460895,0,9.6,19.64760272954591,1.6775790672678184,0.5038198009786278,1,0.43456361900663637,0.6929441402680242,0.06565260192317401,2.8896059021644716,0.010140729123018968,4.078094682553476,0.012795665488102789,INSERTION,65,0.039348958686333785,0.001108866057864225
floating_random_velocity,20460896,1,4.5360000000000005,15.199150312475624,1.052248045712969,0.3314800589938048,0,0.03607284984487262,0.1407616175833146,0.017488626127565566,2.0693222371350095,0.00785697931518256,2.829442660969112,0.03001683603725942,SUCCESS,10,0.014336842393349392,0.0010243125710883167
floating_random_velocity,20460897,1,3.344,12.764790518916074,1.6944308772622763,0.32210684392454875,0,0.02049093064218385,0.15855976196783594,0.04482908453027483,2.249995294426999,0.007780668707496449,2.6713175189387552,0.030390630345739255,SUCCESS,18,0.044161914698185346,0.07473932056834239
floating_random_velocity,20460898,0,9.6,14.067418192722727,0.9195590296642998,0.4058199992310661,0,0.09782880424838475,0.1736555980478849,0.039967907497735516,2.0326751700105916,0.0015622632598811775,1.0136536554938818,0.029807005469047212,INSERTION,12,0.002577111516308815,3.701586173902606e-19
floating_random_velocity,20460899,1,1.216,9.137090018151586,0.7411158638721276,0.09741691283965374,0,0.00868200832621294,0.033648536573787226,0.008726636814693298,0.87039023060273,0.006139278439769095,1.8860203884258286,0.03002177068127083,SUCCESS,1,0.006388483987342372,5.310837300517586e-13
floating_random_velocity,20460900,1,4.224,16.907094279274663,1.0386610777657026,0.3578585126780037,0,0.02930726790333702,0.07210965348440458,0.018313911835692708,2.1856390666517913,0.005995232716971363,1.704992450090738,0.030032667609951363,SUCCESS,4,0.0140834392694469,0.716151405746022
floating_random_velocity,20460901,1,8.128,22.806413344076,1.5671038354662477,0.5393068806648436,0,0.05926396289270007,0.08540485291049281,0.02727758832946253,2.4886675179676976,0.00798155288506207,3.1768524364485975,0.030013288115395897,SUCCESS,22,0.021578680121577147,0.3473406530530509
floating_random_velocity,20460902,0,9.6,11.246696548646032,0.6543286370268117,0.2762997297381644,1,0.0713586776145329,0.09553628114148754,0.02375822052744486,2.3295493300585863,0.00270362844526953,0.8456062131380673,0.022790416916164024,INSERTION,7,0.003000844093452439,1.767512427809076e-41
floating_random_velocity,20460903,1,5.288,7.999299603867144,0.5632221894699596,0.19711267740673652,0,0.02277029040727799,0.041152026190186965,0.012791169521197063,1.190923361530085,0.006425328188502998,1.963715310802184,0.030010485786879964,SUCCESS,6,0.004301342210196614,0.0742156626320345
floating_random_velocity,20460904,1,2.2560000000000002,13.919764488443573,1.565512651046494,0.2954931898225989,0,0.027017256502796336,0.04287847826058608,0.021991051175906745,2.230657135150897,0.007382634054929589,2.024785092769967,0.03003336255371029,SUCCESS,7,0.021991051175906745,1.0653987208517106
floating_random_velocity,20460905,0,9.6,0.0,0.0,0.0,0,0.04371077680311961,0.03622895890115823,0.016802531138299204,1.1070875127215352,0.007001184287480964,0.3697848731715377,0.0,CONTACT_SEARCH,0,0.0004611083361942659,2.3787903823108222e-135
floating_random_velocity,20460906,1,6.496,17.291484376772857,1.760678215250971,0.42174124608479135,0,0.06503234337346293,0.2070336260454667,0.053953213449916555,2.32262509589576,0.007930317709337498,2.980370807199562,0.030283402084071303,SUCCESS,25,0.05235924375688788,0.02096640590317403
floating_random_velocity,20460907,1,7.184,12.43086317422327,0.8926299669363229,0.32070519017831106,0,0.03345407812230128,0.06973565023852901,0.013030481215787305,1.7843568701635018,0.004260718788834466,0.7857474639974268,0.030012143217039457,SUCCESS,11,0.011456046664049221,0.39027368990818756
floating_random_velocity,20460908,1,1.064,10.37838586518782,1.3952661832603366,0.27980589895207025,0,0.012570340529621622,0.08032096886942656,0.023740081583817144,2.8927913590819165,0.0034213152668958005,0.8860505277919924,0.03002043528888466,SUCCESS,3,0.02222437286296859,0.003396822837081396
floating_random_velocity,20460909,0,9.6,16.55137700360301,0.7643176142769506,0.40378959030618955,0,0.09473987783555413,0.1607504469496424,0.029548261340487523,2.8283244902229563,0.00288458806427585,1.357277406355784,0.029862454865514722,INSERTION,4,0.001983208483498789,1.2647500964320953e-91
floating_random_velocity,20460910,0,9.6,22.879007516904213,1.9223470281737833,0.5515302710843856,1,0.06964294958965987,0.06682641193347089,0.048296537099411875,3.0511175836799977,0.0021611606301473324,0.6244966442225346,0.024394172132788296,INSERTION,33,0.0073098013472751465,1.9992199051548984e-32
floating_random_velocity,20460911,1,6.88,12.78290281093743,0.9679633142517232,0.2718040401850587,0,0.08867009417241843,0.2317696887902694,0.03474359209984022,2.2833597536762267,0.00712951953152648,2.1771097778672086,0.03032598883128305,SUCCESS,11,0.03463955646348151,0.6222746053061791
floating_random_velocity,20460912,0,9.6,0.0,0.0,0.0,0,0.03533072527115342,0.04152590236048437,0.013581218521490152,1.1773592495008287,0.007697161124261229,0.7637322569032878,0.0,CONTACT_SEARCH,0,0.00037270653000967996,3.40434702006624e-135
floating_random_velocity,20460913,0,9.6,12.660793582150202,1.292043398062658,0.27559471382160305,1,0.32585258870714595,0.5072713320182071,0.06374344151876454,2.0075811535878554,0.010717417000692467,4.05239568281213,0.0029443248600450854,INSERTION,70,0.0285272805962125,1.4982718791843593e-06
floating_random_velocity,20460914,0,9.6,0.0,0.0,0.0,0,0.04344082730602346,0.036993364420290865,0.016698761881322677,1.1133190219279672,0.006527276228770995,0.2493339620986846,0.0,CONTACT_SEARCH,0,0.00045826061824994586,2.5715035583887643e-135
floating_random_velocity,20460915,0,9.6,0.0,0.0,0.0,0,0.04351983471027965,0.028670148357909712,0.016729132523696462,0.9093192200022311,0.007636275070161922,0.3750777310532438,0.0,CONTACT_SEARCH,0,0.00045909407341565046,1.563319443663963e-135
floating_random_velocity,20460916,1,2.2960000000000003,15.375324889686492,1.9003303282347692,0.3981898919389519,0,0.01222029470951679,0.20647676733977696,0.04394951256500424,2.037702648078687,0.007856072921293913,2.983192996282707,0.030153797129251227,SUCCESS,16,0.0434254654760537,0.1387591051442731
floating_random_velocity,20460917,0,9.6,7.029505712817516,0.20292435077826024,0.20529394544917964,0,0.03125129473899331,0.06703549434808294,0.011053424316992497,1.3649350952226325,0.0021661686818605663,1.0934081419912745,0.029850708600189024,INSERTION,1,0.0003492510149592405,2.065467496030233e-130
floating_random_velocity,20460918,1,1.016,10.569916161102155,1.0810408471427049,0.16135117371451396,0,0.012882388714602276,0.024384496925611676,0.01563315101068423,1.3741633738340542,0.0005055018700975489,0.5686416206369335,0.03010255200496979,SUCCESS,2,0.011260076678570622,2.6508211528236595e-10
floating_random_velocity,20460919,1,5.816,20.63212053613039,1.5032008581082497,0.4686492767263597,0,0.04634841188683996,0.12272941478492799,0.02095563050580881,2.1470489579827157,0.004413004139111799,1.5593098282793607,0.030017250141598697,SUCCESS,15,0.011592506225236035,0.28568719907903245
floating_random_velocity,20460920,1,5.088,19.22882609749461,1.5435568298508648,0.48181014425125607,0,0.046096311497285374,0.07332301045756409,0.03490344216676622,2.7533776209768632,0.007360611914833707,2.5291653209593106,0.030039311605555185,SUCCESS,14,0.03387227042668351,0.023616066756715976
floating_random_velocity,20460921,1,5.5440000000000005,18.695037747311208,1.1463126991136352,0.4524307434934618,0,0.026022182051074073,0.06098250254708458,0.019369923171288436,2.10574844072478,0.006901862246442975,1.7412134671464898,0.030005612814837265,SUCCESS,9,0.010471362117115909,1.4350966728412933
floating_random_velocity,20460922,1,6.192,14.661756694887139,1.2215356180424672,0.3575927173071314,0,0.06709595420803338,0.1495158708784662,0.024322092832153454,2.5702235089112624,0.007024419065635178,2.2562491908331,0.030417558722610327,SUCCESS,13,0.02410425740400513,0.3247254306510049
floating_random_velocity,20460923,1,6.792,15.768415850082587,1.1012558827966228,0.37227649372865634,0,0.06452179755857698,0.11226432408520214,0.019716261352884085,2.3434733571562663,0.006907855418282845,2.5059198061087073,0.030010803799454474,SUCCESS,11,0.01911033084858157,0.5041221291508468
