episode,reward_agent1,reward_agent2,reward_total,success,peak_force_N,peak_torque_Nm,jamming,steps,action1_min,action1_max,action2_min,action2_max,kp_min,kp_max,kd_min,kd_max
0,2605.309022670195,495.81772834370406,3101.126751013899,True,0.0,0.0,False,196,-1.0,0.9523638486862183,0.4775991141796112,0.9178553819656372,1.0,233.618905544281,1.0,45.40380835533142
1,2425.0628600794566,495.96184343287115,2921.024703512328,True,0.0,0.0,False,191,-1.0,1.0,0.4817480146884918,0.9185613393783569,1.0,232.89692163467407,1.0,45.338895320892334
2,3897.8299698498554,490.7277295491697,4388.557699399025,True,43.470001759876865,0.0,False,247,-1.0,1.0,0.48211032152175903,0.9162685871124268,1.0,233.31942200660706,1.0,45.74652314186096
3,3671.833316569969,494.72844095900086,4166.56175752897,True,0.0,0.0,False,238,-1.0,1.0,0.48520952463150024,0.9171246886253357,1.0,234.75545525550842,1.0,45.27635216712952
4,2756.7089850060993,495.67481588074133,3252.3838008868406,True,0.0,0.0,False,201,-1.0,0.9852091073989868,0.48506444692611694,0.9188827872276306,1.0,233.88586044311523,1.0,45.24730235338211
5,3353.4439792826042,495.12303490158797,3848.567014184192,True,0.8621512415307402,0.0,False,223,-1.0,1.0,0.4845263361930847,0.9195914268493652,1.0,233.54687452316284,1.0,45.43354868888855
6,2018.0266817213912,496.27028503402886,2514.2969667554203,True,0.0,0.0,False,179,-1.0,1.0,0.48879361152648926,0.9175909757614136,1.0,234.04977440834045,1.0,45.39153963327408
7,3290.8012912569307,495.22873077659233,3786.030022033523,True,0.0,0.0,False,219,-1.0,1.0,0.48490846157073975,0.923552930355072,1.0,234.70054864883423,1.0,45.28853327035904
8,2778.4279534292814,495.6618225614362,3274.0897759907175,True,0.0,0.0,False,203,-1.0,1.0,0.4854004383087158,0.9183588624000549,1.0,234.58594679832458,1.0,45.48159301280975
9,1545.6291892270563,496.61575975174793,2042.2449489788041,True,0.0,0.0,False,166,-1.0,0.5165351033210754,0.484417200088501,0.9144218564033508,1.0,233.45895886421204,1.0,45.20797610282898
10,2766.3983399812614,495.7127587893364,3262.111098770598,True,0.0,0.0,False,201,-1.0,0.9929556250572205,0.48573562502861023,0.9167335629463196,1.0,234.16704177856445,1.0,45.31831741333008
11,1415.0860321953564,496.7212831786479,1911.8073153740042,True,0.0,0.0,False,162,-1.0,0.40331029891967773,0.4835299551486969,0.9174104928970337,1.0,233.60409021377563,1.0,45.29433488845825
12,1606.034966867793,496.5623981900763,2102.5973650578694,True,0.0,0.0,False,168,-1.0,0.3266744315624237,0.48697155714035034,0.9161953330039978,1.0,233.64667654037476,1.0,45.36478877067566
13,3219.5459431238082,495.3071903052646,3714.853133429073,True,0.0,0.0,False,216,-1.0,0.9974207878112793,0.4829086661338806,0.9185999631881714,1.0,233.61072301864624,1.0,45.36475747823715
14,2941.8803084851575,495.58116389835783,3437.4614723835152,True,0.0,0.0,False,206,-1.0,0.9888343811035156,0.4846775233745575,0.9200518131256104,1.0,233.52049827575684,1.0,45.28953671455383
15,2835.645427351802,488.78366723503393,3324.429094586836,True,56.43912080213405,0.0,False,203,-1.0,0.3631027638912201,0.4798801839351654,0.9179320931434631,1.0,233.96078944206238,1.0,45.26910901069641
16,3786.5857819735306,494.627291597203,4281.213073570733,True,0.0,0.0,False,241,-1.0,1.0,0.4832916855812073,0.9183258414268494,1.0,233.92206192016602,1.0,45.33179819583893
17,2625.6507921236825,495.8044800288716,3121.4552721525542,True,0.0,0.0,False,196,-1.0,0.3829515278339386,0.4853220283985138,0.9178149700164795,1.0,233.3802330493927,1.0,45.505156219005585
18,2577.5983946754686,495.8175691036635,3073.415963779132,True,0.0,0.0,False,195,-1.0,0.8753821849822998,0.4858083128929138,0.9201270937919617,1.0,233.61842513084412,1.0,45.28639495372772
19,3115.048251695421,495.3610059966076,3610.409257692029,True,0.0,0.0,False,213,-1.0,1.0,0.4860880374908447,0.9185380339622498,1.0,232.99123764038086,1.0,45.27769148349762
20,2580.6327758001653,495.8091673228277,3076.441943122993,True,0.0,0.0,False,195,-1.0,1.0,0.484647274017334,0.9170606136322021,1.0,233.8864028453827,1.0,45.155434012413025
21,2962.097122555563,495.5054207390086,3457.6025432945717,True,0.0,0.0,False,207,-1.0,0.9967437386512756,0.4831610918045044,0.9172400236129761,1.0,232.8061079978943,1.0,45.380649864673615
22,2783.8822501781783,495.66066245679644,3279.5429126349745,True,0.0,0.0,False,201,-1.0,1.0,0.4891805350780487,0.9194996953010559,1.0,232.34790205955505,1.0,45.343153178691864
23,3661.001277268943,494.75440769721536,4155.755684966158,True,0.0,0.0,False,236,-1.0,1.0,0.4871561825275421,0.9227952361106873,1.0,232.25891709327698,1.0,45.15764743089676
24,3293.9397909198506,452.0473918187672,3745.987182738618,True,98.50589055048151,0.0,False,220,-1.0,1.0,0.48733285069465637,0.9169837236404419,1.0,232.3223626613617,1.0,45.276433527469635
25,2573.67550415457,495.84002890777003,3069.5155330623397,True,0.0,0.0,False,195,-1.0,1.0,0.4852030575275421,0.9147046804428101,1.0,232.93574213981628,1.0,45.130512714385986
26,2705.0626739641625,495.6956333158174,3200.75830727998,True,0.0,0.0,False,200,-1.0,1.0,0.4851994216442108,0.9134669899940491,1.0,232.30640053749084,1.0,45.14320909976959
27,2774.511158280694,495.6614609414045,3270.1726192220985,True,0.0,0.0,False,201,-1.0,1.0,0.48463428020477295,0.914600670337677,1.0,232.57784962654114,1.0,45.251359939575195
28,2654.135593310445,495.7681451738817,3149.903738484327,True,0.0,0.0,False,197,-1.0,0.904075562953949,0.4869979918003082,0.9145514965057373,1.0,234.1608428955078,1.0,45.16829311847687
29,3011.4567306426447,495.47681246803194,3506.9335431106765,True,0.0,0.0,False,208,-1.0,1.0,0.48609215021133423,0.9137213230133057,1.0,232.9578721523285,1.0,45.18033027648926
30,2322.8183810461687,496.003669101289,2818.822050147458,True,0.0,0.0,False,188,-1.0,0.6709036827087402,0.4854828119277954,0.912306547164917,1.0,232.44017243385315,1.0,45.06305456161499
31,2139.65511380294,496.15582372905993,2635.810937532,True,0.0,0.0,False,182,-1.0,0.84437495470047,0.49002328515052795,0.9156786203384399,1.0,231.85823678970337,1.0,45.145933628082275
32,2724.864278348043,495.6945850162745,3220.558863364318,True,0.0,0.0,False,199,-1.0,1.0,0.4896102547645569,0.9179529547691345,1.0,233.09306979179382,1.0,45.085084438323975
33,1344.8021284026108,431.54777732746066,1776.3499057300714,True,112.94876536673281,0.0,False,162,-1.0,1.0,0.48141685128211975,0.9189828038215637,1.0,231.73292636871338,1.0,45.19855082035065
34,2917.4722539017166,495.5354841055552,3413.0077380072717,True,0.0,0.0,False,205,-1.0,1.0,0.4908253848552704,0.9172398447990417,1.0,232.39006996154785,1.0,45.061767399311066
35,3340.0203371437588,468.6309553000873,3808.651292443846,True,85.21352650589823,0.0,False,221,-1.0,1.0,0.4883115291595459,0.9169582724571228,1.0,234.14054155349731,1.0,45.12150466442108
36,3130.8459242650983,495.32646943069506,3626.1723936957933,True,0.0,0.0,False,213,-1.0,1.0,0.48704344034194946,0.9148369431495667,1.0,232.73382902145386,1.0,44.931398928165436
37,2660.1785513980985,495.73390209926265,3155.912453497361,True,0.0,0.0,False,197,-1.0,0.15537281334400177,0.48411479592323303,0.9165772795677185,1.0,233.74170541763306,1.0,44.975304305553436
38,2424.705244528769,491.5321720858055,2916.2374166145746,True,47.02292843960261,0.0,False,190,-1.0,0.3887634873390198,0.48862743377685547,0.9204962849617004,1.0,233.40192914009094,1.0,45.124531686306
39,2925.7148013314536,495.52989102935,3421.2446923608036,True,0.0,0.0,False,205,-1.0,0.987761914730072,0.4868444502353668,0.9192042946815491,1.0,232.76820182800293,1.0,45.15511691570282
40,3111.7928303176345,495.4106415708535,3607.203471888488,True,0.0,0.0,False,210,-1.0,0.9970645904541016,0.487356960773468,0.913131833076477,1.0,232.59227752685547,1.0,44.95114654302597
41,2050.017566570172,496.2169121873661,2546.2344787575385,True,0.0,0.0,False,179,-1.0,1.0,0.4916157126426697,0.9218893051147461,1.0,232.40020513534546,1.0,44.98290628194809
42,2124.364959026444,482.2533330362337,2606.618292062678,True,69.89574615004743,0.0,False,181,-1.0,1.0,0.4816564917564392,0.9181308150291443,1.0,232.2271478176117,1.0,45.201744735240936
43,2401.9065072520257,495.9723529589426,2897.8788602109685,True,0.0,0.0,False,189,-1.0,0.40348684787750244,0.48803481459617615,0.9201599359512329,1.0,233.2637095451355,1.0,44.97048318386078
44,2871.003983164363,490.5110255996104,3361.5150087639736,True,50.56835215745121,0.0,False,203,-1.0,0.9873561859130859,0.4900965392589569,0.9161949157714844,1.0,231.40918970108032,1.0,44.92569327354431
45,3314.5745848576394,491.3271660238197,3805.901750881459,True,44.142466575016364,0.0,False,218,-1.0,1.0,0.49020814895629883,0.9178793430328369,1.0,233.3837354183197,1.0,45.037809908390045
46,2767.960723861129,495.7068396754234,3263.6675635365523,True,0.0,0.0,False,200,-1.0,0.9633024334907532,0.4916815161705017,0.9159032106399536,1.0,231.45118713378906,1.0,45.06210535764694
47,3765.923150606483,494.6641202763009,4260.587270882784,True,0.0,0.0,False,239,-1.0,0.9850986003875732,0.48787233233451843,0.9168922901153564,1.0,231.8660318851471,1.0,45.075934529304504
48,3129.7035112300127,489.8316514872366,3619.5351627172495,True,52.20844276325609,0.0,False,214,-1.0,1.0,0.4880041480064392,0.9158087372779846,1.0,231.89388036727905,1.0,45.25291204452515
49,2406.7000080174907,496.0112136603896,2902.7112216778805,True,0.0,0.0,False,189,-1.0,0.09594317525625229,0.48644256591796875,0.9113938212394714,1.0,233.07340383529663,1.0,45.113869309425354
50,2298.5772881955854,496.0799770070869,2794.6572652026725,True,0.0,0.0,False,186,-1.0,0.6791646480560303,0.48842141032218933,0.9142968654632568,1.0,231.88083171844482,1.0,45.03825008869171
51,2883.5281661045688,495.6438540475712,3379.17202015214,True,0.0,0.0,False,203,-1.0,1.0,0.4889204800128937,0.9230374693870544,1.0,231.30334377288818,1.0,45.011263489723206
52,2814.6652467822564,495.69919537919634,3310.3644421614526,True,0.0,0.0,False,201,-1.0,0.8473878502845764,0.490816205739975,0.9214940071105957,1.0,232.49576091766357,1.0,44.990769028663635
53,3777.063123716671,494.65637714803836,4271.7195008647095,True,0.0,0.0,False,240,-1.0,1.0,0.4909972548484802,0.9189339876174927,1.0,230.8594262599945,1.0,45.03886133432388
54,2695.8425590932397,495.77140905081905,3191.6139681440586,True,0.0,0.0,False,198,-1.0,0.9099680781364441,0.48649778962135315,0.9199711680412292,1.0,232.25260972976685,1.0,45.025299191474915
55,3218.3633912308073,495.26738223895774,3713.6307734697652,True,0.0,0.0,False,217,-1.0,1.0,0.4907904863357544,0.91862553358078,1.0,233.58326196670532,1.0,45.10501354932785
56,2602.438365739914,495.8552340516725,3098.2935997915865,True,0.0,0.0,False,195,-1.0,0.9682328701019287,0.489207923412323,0.9175273776054382,1.0,232.83563017845154,1.0,45.034741163253784
57,2814.00951632947,495.6975144997773,3309.7070308292473,True,0.0,0.0,False,201,-1.0,0.261087030172348,0.4853416383266449,0.9168539047241211,1.0,232.86484241485596,1.0,45.04442512989044
58,3753.6743910273935,494.68632090453053,4248.360711931924,True,0.0,0.0,False,239,-1.0,1.0,0.49240973591804504,0.9150837063789368,1.0,232.36253142356873,1.0,44.82225090265274
59,2444.520854007125,495.98158966071605,2940.502443667841,True,0.0,0.0,False,190,-1.0,1.0,0.49005818367004395,0.914259135723114,1.0,232.26651072502136,1.0,44.86311465501785
60,3738.099156555364,494.67845371203873,4232.777610267402,True,0.0,0.0,False,239,-1.0,1.0,0.48487967252731323,0.9242933988571167,1.0,233.61441135406494,1.0,45.030483305454254
61,3525.0289841240756,492.4423406596229,4017.4713247836985,True,35.22243825386535,0.0,False,228,-1.0,1.0,0.4917796850204468,0.920448899269104,1.0,231.96707367897034,1.0,44.865154922008514
62,5773.572698657694,491.6426090568205,6265.215307714514,True,0.0,0.0,False,356,-1.0,1.0,0.49217379093170166,0.9216150641441345,1.0,232.49269247055054,1.0,44.9851468205452
63,2915.7273521255024,495.60159442467716,3411.3289465501794,True,0.0,0.0,False,204,-1.0,1.0,0.49092525243759155,0.9222138524055481,1.0,231.03194117546082,1.0,44.89847511053085
64,2886.549648053296,495.6555339001305,3382.2051819534267,True,0.0,0.0,False,203,-1.0,0.9899132251739502,0.4902363419532776,0.9186875224113464,1.0,230.59868574142456,1.0,44.9832609295845
65,2058.799609196884,496.26492082155886,2555.064530018443,True,0.0,0.0,False,179,-1.0,1.0,0.48502060770988464,0.9192736148834229,1.0,231.5165388584137,1.0,45.078675746917725
66,3225.7029060590844,495.27378927087284,3720.9766953299572,True,0.0,0.0,False,216,-1.0,1.0,0.4936842620372772,0.9232480525970459,1.0,231.15767002105713,1.0,44.90949422121048
67,2985.161589629788,495.4834069803775,3480.6449966101654,True,6.620782879615672,0.0,False,206,-1.0,0.6248319745063782,0.4861184358596802,0.9225599765777588,1.0,231.31327748298645,1.0,44.834671914577484
68,3219.133639716251,491.1843606064518,3710.3180003227026,True,45.43269910931077,0.0,False,216,-1.0,0.4345349669456482,0.489994615316391,0.9197325706481934,1.0,232.902330160141,1.0,44.90224897861481
69,5713.297063542852,491.7173715863622,6205.014435129214,True,0.0,0.0,False,354,-1.0,1.0,0.4893961250782013,0.9193889498710632,1.0,231.95878267288208,1.0,44.84676122665405
70,5687.2734865209595,491.7373457843486,6179.010832305308,True,0.0,0.0,False,353,-1.0,1.0,0.49238717555999756,0.9217123985290527,1.0,232.8385591506958,1.0,45.01315772533417
71,3363.2503628830445,-49.03510624022226,3314.215256642822,True,209.98073219725688,0.0,True,342,-1.0,1.0,0.4919060468673706,0.9216781854629517,1.0,231.0937750339508,1.0,44.93466168642044
72,3428.487144048634,210.00830399901446,3638.4954480476486,True,125.10783308246506,0.0,True,334,-1.0,1.0,0.4895566701889038,0.9259361624717712,1.0,232.31335878372192,1.0,44.68523591756821
73,3350.985578385623,-2412.362429115226,938.6231492703969,True,502.0539912288921,0.0,True,332,-1.0,1.0,0.49117451906204224,0.9242777228355408,1.0,231.7886233329773,1.0,44.871475994586945
74,5811.6228593335945,421.4861503130222,6233.109009646617,True,115.69103937031207,0.0,False,363,-1.0,0.9991990923881531,0.489595890045166,0.9230842590332031,1.0,231.7609453201294,1.0,45.00665932893753
75,5686.798387136738,491.154364529811,6177.9527516665485,True,15.246999483124764,0.0,False,356,-1.0,0.2820114493370056,0.4910717308521271,0.9227489829063416,1.0,231.2424087524414,1.0,44.79735255241394
76,5716.916563994329,491.6092242471633,6208.525788241493,True,0.0,0.0,False,356,-1.0,1.0,0.4903434216976166,0.9270994663238525,1.0,231.87051057815552,1.0,44.88361120223999
77,3298.299138865523,495.17148719162066,3793.470626057144,True,3.687294879906843,0.0,False,219,-1.0,0.45541566610336304,0.48998749256134033,0.9236863851547241,1.0,231.66641235351562,1.0,44.906152188777924
78,4732.0763495101355,-3235.830662521073,1496.2456869890625,True,581.9486249569427,0.0,True,403,-1.0,1.0,0.4828701913356781,0.9192928671836853,1.0,231.83263540267944,1.0,44.951901733875275
79,5715.979796750987,491.36334730350046,6207.343144054487,True,0.0,0.0,False,367,-1.0,0.9974082708358765,0.488765686750412,0.9207739233970642,1.0,232.21771001815796,1.0,44.8067569732666
80,3214.86574235175,495.31510563783144,3710.1808479895817,True,0.0,0.0,False,215,-1.0,0.8680477142333984,0.4878880977630615,0.9196133613586426,1.0,232.095468044281,1.0,44.78148311376572
81,5791.904914798583,401.2127257077633,6193.117640506347,True,125.93342882630559,0.0,False,359,-1.0,0.9963178634643555,0.48710888624191284,0.9206012487411499,1.0,233.2975709438324,1.0,44.757001996040344
82,5624.155087253414,491.798445425961,6115.953532679376,True,0.0,0.0,False,349,-1.0,1.0,0.49025240540504456,0.9196099638938904,1.0,232.82733917236328,1.0,44.84206110239029
83,3679.9541114926546,494.76688193930124,4174.720993431956,True,0.0,0.0,False,236,-1.0,0.9928638935089111,0.4896993637084961,0.9217752814292908,1.0,233.44154000282288,1.0,44.69176560640335
84,5450.809206799546,-1033.548970072565,4417.260236726981,True,396.5292570214967,0.0,False,352,-1.0,1.0,0.4818843901157379,0.9188493490219116,1.0,232.40601658821106,1.0,44.69509094953537
85,2895.910338714588,495.5931500514772,3391.503488766065,True,0.0,0.0,False,204,-1.0,0.9858076572418213,0.48968812823295593,0.9156913757324219,1.0,231.83654069900513,1.0,44.69453603029251
86,2061.8052132339603,496.2481542534719,2558.0533674874323,True,0.0,0.0,False,179,-1.0,1.0,0.48315849900245667,0.9245741963386536,1.0,233.17435264587402,1.0,44.59420621395111
87,5596.917668622889,491.6447916567174,6088.562460279607,True,0.0,0.0,False,353,-1.0,0.4881838262081146,0.48877784609794617,0.9203816056251526,1.0,232.8935742378235,1.0,44.6809384226799
88,5791.7934876208255,490.6638669171072,6282.457354537933,True,20.33649363823523,0.0,False,359,-1.0,1.0,0.4848312735557556,0.9242790341377258,1.0,232.57270455360413,1.0,44.68320816755295
89,3164.905216551351,495.3388672512557,3660.2440838026064,True,0.0,0.0,False,214,-1.0,1.0,0.48774710297584534,0.92047518491745,1.0,232.4026381969452,1.0,44.514412581920624
90,5638.183474199022,491.7290917960549,6129.912565995077,True,0.0,0.0,False,351,-1.0,0.6641966104507446,0.4868701696395874,0.9219608902931213,1.0,232.7352237701416,1.0,44.541687071323395
91,5751.131474880591,491.63357292735805,6242.765047807949,True,0.0,0.0,False,355,-1.0,1.0,0.48963046073913574,0.9175852537155151,1.0,233.0374038219452,1.0,44.74638342857361
92,5702.995950099528,491.4310228373816,6194.42697293691,True,0.0,0.0,False,361,-1.0,0.6314813494682312,0.48440006375312805,0.9266349673271179,1.0,232.0194697380066,1.0,44.676766097545624
93,3694.5549229867165,494.6821216061678,4189.237044592885,True,0.0,0.0,False,238,-1.0,0.985011637210846,0.48727738857269287,0.9188492894172668,1.0,233.06853771209717,1.0,44.6189084649086
94,5656.470023684851,491.7221153836699,6148.192139068521,True,0.0,0.0,False,351,-1.0,1.0,0.4832410216331482,0.9217063784599304,1.0,233.06878566741943,1.0,44.39397215843201
95,2863.552258267097,495.6613430583749,3359.2136013254717,True,0.0,0.0,False,202,-1.0,0.2266528457403183,0.4780343770980835,0.92050701379776,1.0,231.5613567829132,1.0,44.354339241981506
96,3454.633220429635,-843.7896316916431,2610.843588737992,True,341.0877022982086,0.0,True,358,-1.0,1.0,0.4862038791179657,0.9184412360191345,1.0,231.92599058151245,1.0,44.53320890665054
97,3327.75638794611,495.1177646800383,3822.8741526261483,True,0.0,0.0,False,222,-1.0,1.0,0.48104897141456604,0.9164381623268127,1.0,231.34323358535767,1.0,44.496890902519226
98,3441.8358975241704,493.9880765645928,3935.823974088763,True,23.51883883968709,0.0,False,223,-1.0,1.0,0.4889402985572815,0.9177764058113098,1.0,233.16415548324585,1.0,44.464891254901886
99,5653.353939300548,491.7291870803595,6145.083126380907,True,0.0,0.0,False,351,-1.0,1.0,0.48581764101982117,0.9130041599273682,1.0,232.74996161460876,1.0,44.680834114551544
100,5690.739831882313,491.5509906289655,6182.290822511279,True,2.166310172421385,0.0,False,356,-1.0,0.9972679018974304,0.4814867377281189,0.91534423828125,1.0,232.6813554763794,1.0,44.58954781293869
101,3254.141388549556,495.23662823496966,3749.3780167845252,True,0.0,0.0,False,217,-1.0,1.0,0.4892522394657135,0.9122545123100281,1.0,233.04970860481262,1.0,44.988349080085754
102,5671.171539224497,491.43780692525155,6162.6093461497485,True,9.44463891590551,0.0,False,355,-1.0,1.0,0.4874206781387329,0.9127136468887329,1.0,233.78316044807434,1.0,44.49462741613388
103,5761.808639599134,491.509683396961,6253.318322996095,True,0.0,0.0,False,358,-1.0,1.0,0.48784369230270386,0.9162424802780151,1.0,233.1313943862915,1.0,44.61133569478989
104,5601.94968538994,491.62349192188003,6093.5731773118205,True,0.0,0.0,False,354,-1.0,0.5963906645774841,0.4887515902519226,0.9139928817749023,1.0,233.3906626701355,1.0,44.58113431930542
105,2696.9748622648804,491.1115116739823,3188.086373938863,True,47.033793153412496,0.0,False,206,-1.0,0.9855378866195679,0.488692969083786,0.9187233448028564,1.0,233.1050956249237,1.0,44.646151661872864
106,3422.615444087458,-3494.3213227550777,-71.7058786676198,True,547.1632841937668,0.0,True,352,-1.0,1.0,0.4877665936946869,0.9121567606925964,1.0,232.55677342414856,1.0,44.45911467075348
107,1969.6937434930232,496.3048302799445,2465.9985737729676,True,0.0,0.0,False,177,-1.0,0.9824398159980774,0.4864141047000885,0.9136028289794922,1.0,232.0262575149536,1.0,44.377437233924866
108,3558.6812694584746,-92.76662818839418,3465.91464127008,True,238.40699020803078,0.0,True,323,-1.0,0.991232693195343,0.4849965572357178,0.9115741848945618,1.0,232.4221956729889,1.0,44.55461084842682
109,5653.322000947777,448.48720761335005,6101.809208561127,True,98.13038412998344,0.0,False,351,-1.0,1.0,0.484926700592041,0.9151384830474854,1.0,233.54791283607483,1.0,44.69470292329788
110,2612.30828889499,490.68991176972327,3102.9982006647133,True,50.476284625833415,0.0,False,196,-1.0,1.0,0.48400840163230896,0.9142408967018127,1.0,232.96035170555115,1.0,44.738789796829224
111,2279.7943156986994,496.06821321405215,2775.8625289127517,True,0.0,0.0,False,186,-1.0,0.1447092890739441,0.4852205216884613,0.9169673919677734,1.0,233.0655312538147,1.0,44.61775481700897
112,5613.527814245011,491.6488773903498,6105.176691635361,True,0.0,0.0,False,352,-1.0,0.35051777958869934,0.4859275221824646,0.9169807434082031,1.0,232.79956817626953,1.0,44.832147657871246
113,3391.04590653301,495.06823322876136,3886.1141397617716,True,0.0,0.0,False,223,-1.0,1.0,0.48388785123825073,0.9169021248817444,1.0,232.0423126220703,1.0,44.64189171791077
114,3473.2929988264714,307.38849832860285,3780.6814971550743,True,53.484294290703005,0.0,True,329,-1.0,1.0,0.4842584431171417,0.9181746244430542,1.0,233.29211592674255,1.0,44.42710041999817
115,5953.341876350829,239.8468788172246,6193.188755168054,True,107.84980207113651,0.0,True,455,-1.0,1.0,0.4851522147655487,0.9171152114868164,1.0,232.1769368648529,1.0,44.62107181549072
116,3521.992130218382,-1476.44238032685,2045.549749891532,True,423.0944083346553,0.0,True,361,-1.0,1.0,0.48519167304039,0.9120280742645264,1.0,231.80322170257568,1.0,44.54473286867142
117,3890.8934984734988,494.5393160952,4385.432814568699,True,0.0,0.0,False,244,-1.0,0.9986721277236938,0.48314568400382996,0.9120000600814819,1.0,232.2425365447998,1.0,44.417209923267365
118,1744.5620801253544,496.4650620623365,2241.027142187691,True,0.0,0.0,False,171,-1.0,0.14703211188316345,0.4819726347923279,0.9119948148727417,1.0,231.5372121334076,1.0,44.273784160614014
119,5676.84535292783,491.665426840564,6168.510779768394,True,0.0,0.0,False,353,-1.0,1.0,0.4833241105079651,0.9128141403198242,1.0,233.44411253929138,1.0,44.47911262512207
120,3379.839424138333,-1256.236338679181,2123.6030854591518,True,372.45660389114107,0.0,True,341,-1.0,1.0,0.4835100471973419,0.9121211171150208,1.0,232.5831651687622,1.0,44.54650819301605
121,2857.3539535942823,495.61186904147394,3352.965822635756,True,0.0,0.0,False,203,-1.0,1.0,0.4868147671222687,0.9094603657722473,1.0,231.85140252113342,1.0,44.4260573387146
122,5610.371672399385,491.7559505459271,6102.1276229453115,True,0.0,0.0,False,350,-1.0,1.0,0.48115602135658264,0.9149755835533142,1.0,231.4928436279297,1.0,44.47451263666153
123,5614.437450084034,491.6347086422121,6106.072158726246,True,0.0,0.0,False,355,-1.0,0.9792894124984741,0.48221495747566223,0.9216102957725525,1.0,232.422753572464,1.0,44.56047713756561
124,2965.2072968213656,495.52059158808675,3460.727888409452,True,0.0,0.0,False,207,-1.0,1.0,0.4846581518650055,0.913225531578064,1.0,230.5751609802246,1.0,44.38861072063446
125,3613.2216473413223,482.5455598509136,4095.767207192236,True,66.53184545897977,0.0,False,232,-1.0,0.49171116948127747,0.4820299446582794,0.9107810258865356,1.0,231.40392065048218,1.0,44.44176822900772
126,5687.328262691183,491.63552817176907,6178.963790862952,True,1.4850625821814765,0.0,False,355,-1.0,0.9828887581825256,0.48235443234443665,0.9147056341171265,1.0,231.83120965957642,1.0,44.604278206825256
127,2381.686905925184,338.0141336688031,2719.701039593987,True,152.7676224693134,0.0,False,189,-1.0,1.0,0.48064157366752625,0.9111441373825073,1.0,230.70515155792236,1.0,44.5638045668602
128,3200.911436908096,495.32377741699014,3696.2352143250864,True,0.0,0.0,False,214,-1.0,1.0,0.47868114709854126,0.9178148508071899,1.0,230.51295518875122,1.0,44.39221978187561
129,3492.39730618155,471.6010378014221,3963.998343982972,True,80.9908460379113,0.0,False,225,-1.0,0.24656450748443604,0.4802621603012085,0.913370668888092,1.0,231.00145816802979,1.0,44.36073958873749
130,3866.419389040519,491.84275444132106,4358.26214348184,True,36.78393790084199,0.0,False,244,-1.0,1.0,0.48710930347442627,0.9118326902389526,1.0,231.6740369796753,1.0,44.333654940128326
131,3774.636585806887,494.30574111640686,4268.942326923294,True,7.263210801506208,0.0,False,250,-1.0,0.6511036157608032,0.48480865359306335,0.913556694984436,1.0,230.27119874954224,1.0,44.27183985710144
132,3467.1503906301855,98.17892422889605,3565.3293148590815,True,153.68045569383213,0.0,True,346,-1.0,1.0,0.48564577102661133,0.914621889591217,1.0,231.95965051651,1.0,44.37699913978577
133,5634.35805974281,491.76665409198586,6126.124713834795,True,0.0,0.0,False,350,-1.0,1.0,0.48346802592277527,0.9129278659820557,1.0,230.29216647148132,1.0,44.36325967311859
134,5391.762459557681,488.6125790881497,5880.3750386458305,True,31.57692166119613,0.0,False,394,-1.0,0.9773454070091248,0.4804065525531769,0.9156098961830139,1.0,231.66844248771667,1.0,44.63101655244827
135,3502.217558486749,-460.9637647539528,3041.253793732796,True,251.41570104071397,0.0,True,363,-1.0,1.0,0.4846566319465637,0.9152154326438904,1.0,230.729079246521,1.0,44.41315025091171
136,2401.269870098181,61.76748758121128,2463.0373576793922,True,176.2457719463135,0.0,True,318,-1.0,1.0,0.48260554671287537,0.9174455404281616,1.0,231.22748494148254,1.0,44.44351017475128
137,3582.0556317756186,-2320.7600104916237,1261.295621283995,True,476.88291709299045,0.0,True,364,-1.0,1.0,0.48355937004089355,0.9178412556648254,1.0,231.99363589286804,1.0,44.450790882110596
138,5480.002166178559,373.7264010932319,5853.728567271791,True,138.62460859535574,0.0,False,374,-1.0,0.9797037243843079,0.48145434260368347,0.9152927398681641,1.0,231.35786294937134,1.0,44.50980842113495
139,5814.914222609694,416.28504982585446,6231.199272435548,True,116.29578077348224,0.0,False,364,-1.0,0.5485047698020935,0.4851059913635254,0.9141932725906372,1.0,230.89702248573303,1.0,44.31503385305405
140,6213.664383960553,490.0093215297229,6703.673705490276,True,0.0,0.0,False,415,-1.0,0.6739479899406433,0.4800092875957489,0.9131999015808105,1.0,230.40058493614197,1.0,44.69049096107483
141,3579.6033653862182,304.0135322826024,3883.6168976688205,True,135.72763998586126,0.0,False,251,-1.0,0.668790340423584,0.4835429787635803,0.9212241768836975,1.0,229.7528636455536,1.0,44.401250779628754
142,5541.030721483507,436.57984454245997,5977.610566025966,True,105.79229829566472,0.0,False,392,-1.0,0.7221537232398987,0.4856831431388855,0.9151196479797363,1.0,230.423024892807,1.0,44.3951091170311
143,5338.831055126621,-1910.7200150532565,3428.111040073365,True,485.3346897432171,0.0,False,389,-1.0,0.987497866153717,0.48254626989364624,0.9149404168128967,1.0,229.17184233665466,1.0,44.404123425483704
144,5695.2511722476875,486.6963775688093,6181.947549816497,True,33.485707498985064,0.0,False,356,-1.0,0.9943861365318298,0.4799140989780426,0.9162105321884155,1.0,229.43772792816162,1.0,44.51611489057541
145,2301.8032833343004,156.29301994828245,2458.096303282583,True,128.27635421766962,0.0,True,312,-1.0,1.0,0.4827422499656677,0.9141780734062195,1.0,228.70987057685852,1.0,44.30354744195938
146,2301.776549790163,87.13014560687091,2388.9066953970337,True,144.27714708386785,0.0,True,315,-1.0,1.0,0.48225104808807373,0.912862241268158,1.0,228.5335898399353,1.0,44.25625413656235
147,3209.4197107993537,494.75490016978574,3704.1746109691394,True,0.0,0.0,False,235,-1.0,0.9700221419334412,0.48673996329307556,0.9125345349311829,1.0,228.36820363998413,1.0,44.11306411027908
148,5655.695618355721,491.5065592179219,6147.202177573643,True,0.0,0.0,False,357,-1.0,0.9679180383682251,0.4859039783477783,0.9137297868728638,1.0,230.4985272884369,1.0,44.39001679420471
149,5625.76140154028,490.72227149651127,6116.483673036791,True,0.0,0.0,False,387,-1.0,0.6897110939025879,0.48436978459358215,0.914076030254364,1.0,230.95822095870972,1.0,44.34257745742798
150,2457.555160869338,-1325.4296901273638,1132.1254707419744,True,388.6634099134013,0.0,True,330,-1.0,1.0,0.4854910671710968,0.9179686307907104,1.0,230.42122721672058,1.0,44.16891694068909
151,3473.414652382718,138.1939146889663,3611.6085670716843,True,146.38194171218203,0.0,True,364,-1.0,1.0,0.48432207107543945,0.916208028793335,1.0,229.71895575523376,1.0,44.370446503162384
152,5800.556529614589,456.3698521083992,6256.926381722988,True,92.18309720994942,0.0,False,360,-1.0,0.3072969317436218,0.48404714465141296,0.9160669445991516,1.0,231.04849219322205,1.0,44.22682464122772
153,3544.65654731681,-1856.0082648735197,1688.64828244329,True,462.8866839839308,0.0,True,364,-1.0,1.0,0.4844486117362976,0.9168617725372314,1.0,230.12637734413147,1.0,44.34172838926315
154,2314.459783969715,184.18585341949324,2498.645637389208,True,102.14061351893038,0.0,True,312,-1.0,1.0,0.48809322714805603,0.9204052686691284,1.0,231.00483655929565,1.0,44.211170077323914
155,3494.7714992283627,-67.67524509823619,3427.0962541301265,True,207.90983743406775,0.0,True,355,-1.0,1.0,0.4837014079093933,0.9177859425544739,1.0,231.38315439224243,1.0,44.34431731700897
156,5671.804483343532,491.6006009583038,6163.405084301836,True,0.0,0.0,False,353,-1.0,1.0,0.4889642000198364,0.9126343727111816,1.0,230.1936972141266,1.0,44.314241111278534
157,6338.966247598095,457.9952012680247,6796.96144886612,True,87.91738940499745,0.0,False,436,-1.0,0.6924142837524414,0.484091192483902,0.9140126705169678,1.0,230.38739681243896,1.0,44.29594129323959
158,5775.87951399156,-2642.377467446274,3133.5020465452862,True,533.6942855442664,0.0,True,475,-1.0,1.0,0.485669881105423,0.917358934879303,1.0,230.94980597496033,1.0,44.41835314035416
159,1506.2601490405034,374.8504370219163,1881.1105860624198,True,126.27044617155022,0.0,False,203,-1.0,1.0,0.486661434173584,0.9128298759460449,1.0,229.16057586669922,1.0,44.36657667160034
160,3567.8795076600445,-1212.5388680042563,2355.3406396557884,True,388.2255849879452,0.0,True,370,-1.0,1.0,0.4806458353996277,0.9166448712348938,1.0,230.65317392349243,1.0,44.25785839557648
161,2265.112407781878,496.0198931555796,2761.132300937458,True,0.0,0.0,False,187,-1.0,0.5545658469200134,0.4864846467971802,0.9135935306549072,1.0,229.9040389060974,1.0,44.17309761047363
162,2880.893257035774,495.58904694756353,3376.4823039833373,True,0.0,0.0,False,203,-1.0,0.9907261729240417,0.4866890013217926,0.911517322063446,1.0,229.90927696228027,1.0,44.31868255138397
163,3514.7796153934796,8.006023177514578,3522.7856385709943,True,193.46042826128425,0.0,True,343,-1.0,0.9870522022247314,0.48108547925949097,0.9205695390701294,1.0,231.47215485572815,1.0,44.34406280517578
164,2375.6235554460045,-1449.3441243024051,926.2794311435994,True,415.99986166949486,0.0,True,314,-1.0,1.0,0.4813736379146576,0.9164562225341797,1.0,231.17685556411743,1.0,44.24027621746063
165,5699.534864525847,491.0147675124778,6190.549632038325,True,10.61683706140869,0.0,False,356,-1.0,1.0,0.4780105948448181,0.9220665097236633,1.0,230.77908873558044,1.0,44.267083406448364
166,5642.611074624737,491.70674306501996,6134.317817689756,True,0.0,0.0,False,350,-1.0,1.0,0.4846673607826233,0.9194077253341675,1.0,230.6009018421173,1.0,44.153316617012024
167,2633.9206765055987,492.89271059402796,3126.8133870996267,True,38.04570732121371,0.0,False,196,-1.0,1.0,0.48736751079559326,0.9175097346305847,1.0,229.90814566612244,1.0,44.10404145717621
168,3401.9832257945163,51.51946383783235,3453.502689632349,True,173.95925324652927,0.0,True,350,-1.0,1.0,0.48454415798187256,0.9142875075340271,1.0,230.70181965827942,1.0,44.3357390165329
169,3433.3290639885367,-2208.704169025012,1224.6248949635246,True,491.17747434613034,0.0,True,353,-1.0,1.0,0.4812883138656616,0.9236530661582947,1.0,229.8287844657898,1.0,44.32422339916229
170,2376.7382553405273,35.86386920368639,2412.602124544214,True,184.0378457863898,0.0,True,317,-1.0,1.0,0.4806463420391083,0.9206777215003967,1.0,230.06917715072632,1.0,44.29080933332443
171,3681.9535021641395,295.1739564659844,3977.127458630124,True,48.26250238598824,0.0,True,374,-1.0,1.0,0.4751216471195221,0.9206732511520386,1.0,229.63920712471008,1.0,44.154416024684906
172,3510.16290507945,-1789.3787155285886,1720.7841895508614,True,455.9937722112891,0.0,True,351,-1.0,1.0,0.48243775963783264,0.9194512963294983,1.0,230.076801776886,1.0,44.06088709831238
173,2600.853236509637,495.82877773776477,3096.6820142474016,True,0.0,0.0,False,195,-1.0,0.3808179795742035,0.47387635707855225,0.9178699851036072,1.0,230.37044286727905,1.0,44.12439823150635
174,3533.72501588384,192.94084018611755,3726.6658560699575,True,126.35591040414847,0.0,True,363,-1.0,1.0,0.4778265357017517,0.918664813041687,1.0,231.28950476646423,1.0,44.13559675216675
175,1503.2166644831161,495.6597800986465,1998.8764445817626,True,0.0,0.0,False,201,-1.0,0.7453916668891907,0.48285892605781555,0.9153311848640442,1.0,228.9782202243805,1.0,44.26844984292984
176,5820.386217155898,367.8171689946428,6188.203386150541,True,141.7988170911762,0.0,False,358,-1.0,1.0,0.47832009196281433,0.9177424907684326,1.0,230.49274682998657,1.0,44.32296335697174
177,5501.7186670861265,-1409.4223350696966,4092.29633201643,True,403.5134389070166,0.0,True,470,-1.0,0.9761444330215454,0.4796316623687744,0.9173194766044617,1.0,230.15910744667053,1.0,44.21797722578049
178,5676.7321374795365,454.73165074151484,6131.463788221052,True,93.92882257740294,0.0,False,357,-1.0,0.9605348706245422,0.48446258902549744,0.9151145219802856,1.0,231.09095454216003,1.0,44.12041366100311
179,2475.9121340670063,263.75578272390845,2739.6679167909147,True,80.06483600648754,0.0,True,322,-1.0,1.0,0.4822385013103485,0.9162487983703613,1.0,230.15642642974854,1.0,44.219466745853424
180,3581.314775503861,175.57809397144234,3756.892869475303,True,122.06133667034443,0.0,True,361,-1.0,1.0,0.48676353693008423,0.9179130792617798,1.0,229.7786045074463,1.0,44.17381525039673
181,5652.16732813703,490.8210585106228,6142.988386647653,True,0.0,0.0,False,382,-1.0,0.6933837532997131,0.48226895928382874,0.914307177066803,1.0,230.71524024009705,1.0,44.50825214385986
182,5411.472181207615,-843.7989171429076,4567.673264064708,True,369.8123962786305,0.0,False,371,-1.0,0.9690123200416565,0.4849386513233185,0.9158611297607422,1.0,230.70804953575134,1.0,44.32926565408707
183,2440.7497993674633,-1010.214652834919,1430.5351465325443,True,366.0386562624336,0.0,True,322,-1.0,1.0,0.48225200176239014,0.9124131202697754,1.0,231.03073239326477,1.0,44.35115993022919
184,2910.3588734048144,495.57061999217575,3405.92949339699,True,0.0,0.0,False,204,-1.0,0.9777727127075195,0.48259878158569336,0.914141833782196,1.0,230.5041527748108,1.0,44.36711698770523
185,5651.742918863587,491.496155502906,6143.239074366493,True,0.0,0.0,False,358,-1.0,0.9738054871559143,0.4801960289478302,0.9121301174163818,1.0,231.27791285514832,1.0,44.569435119628906
186,5436.147643958351,346.61207064353533,5782.759714601886,True,148.80662795512583,0.0,False,390,-1.0,0.6920701861381531,0.48699435591697693,0.9112873673439026,1.0,230.72816491127014,1.0,44.597279131412506
187,7215.802571437642,-457.97407795741157,6757.8284934802305,True,248.76815669542236,0.0,True,564,-1.0,1.0,0.4840160310268402,0.9117416143417358,1.0,231.17921113967896,1.0,44.481048583984375
188,3474.346608743204,138.89900635340803,3613.245615096612,True,147.3422838052447,0.0,True,364,-1.0,1.0,0.4761079251766205,0.9118350744247437,1.0,230.98546504974365,1.0,44.62828367948532
189,5737.832722641755,377.06165249501424,6114.89437513677,True,136.87947661242995,0.0,False,404,-1.0,0.6583050489425659,0.4829433560371399,0.9153236746788025,1.0,231.76172018051147,1.0,44.50024753808975
190,2310.0031879557114,-44.06108458256023,2265.942103373151,True,191.51748778745593,0.0,True,310,-1.0,1.0,0.48444175720214844,0.9135809540748596,1.0,230.44290781021118,1.0,44.34832692146301
191,3581.8399246383497,159.2831364022952,3741.1230610406446,True,129.6685916185663,0.0,True,370,-1.0,1.0,0.4863150417804718,0.9114962220191956,1.0,230.8679497241974,1.0,44.29011881351471
192,1470.5170366322589,495.81313096264296,1966.330167594902,True,0.0,0.0,False,196,-1.0,0.9563381671905518,0.4838797450065613,0.9218563437461853,1.0,230.8091378211975,1.0,44.215311110019684
193,3461.9762842331297,-2290.815537416142,1171.1607468169877,True,438.0576108455354,0.0,True,350,-1.0,1.0,0.4849696159362793,0.9117931127548218,1.0,231.22777938842773,1.0,44.45956736803055
194,3484.7113338357344,-1336.9162921032291,2147.7950417325055,True,404.8515201459455,0.0,True,355,-1.0,1.0,0.4855918884277344,0.9189531207084656,1.0,231.3800549507141,1.0,44.44140940904617
195,5650.625036417695,490.7470590481613,6141.372095465857,True,0.0,0.0,False,388,-1.0,0.65865558385849,0.48762229084968567,0.9135275483131409,1.0,231.40145659446716,1.0,44.31963175535202
196,3564.613444201638,282.168630917447,3846.7820751190848,True,47.19802348742315,0.0,True,370,-1.0,1.0,0.4855656623840332,0.9123767614364624,1.0,230.61808824539185,1.0,44.47752088308334
197,6190.553029283827,-603.9538555867143,5586.599173697112,True,299.20751946266193,0.0,True,519,-1.0,0.9842429161071777,0.4835476279258728,0.9110575318336487,1.0,230.7647693157196,1.0,44.467734694480896
198,5730.631515382358,434.9620430829827,6165.593558465341,True,106.39849681918119,0.0,False,388,-1.0,0.6768215298652649,0.4886154532432556,0.914274275302887,1.0,231.0935115814209,1.0,44.44230020046234
199,4706.266173578565,289.42780686632204,4995.693980444887,True,68.45180187638645,0.0,True,426,-1.0,1.0,0.48553478717803955,0.9135777950286865,1.0,230.7685351371765,1.0,44.54744070768356
